repo_id,batch,ann_id,start,end,start_is_clean,char_before_start,end_is_clean,last_char_of_span
I058DD999,new,03203b7b39bb4641a1f160f1c627ee83,26541,26763,True,\n,False,ན
I058DD999,new,cf67a29ddd2745808d25aab11495f1cb,28281,28505,True,\n,False,ས
I058DD999,new,0e944b9bb43f41d789c6d9f90acc9a73,30206,30442,True,\n,False,ག
I058DD999,new,5a7cd588bff34fbea86f278e4f809e77,31764,31980,True,\n,False,ྱ
I058DD999,new,fc973d147a1041cb9316aa96fbdd68d3,33217,33439,True,\n,False,ག
I058DD999,new,dad040bed7b247dead3da77558434d54,35169,35391,True,\n,False,མ
I058DD999,new,b4f02ab9dd7147ed93a21adfb4b8c5a1,42114,42153,True,\n,False,ས
I058DD999,new,b47b64c51a644b4092880505c8f4ef1e,42372,42500,True,\n,False,༌
I058DD999,new,f617e9541f1946d0ac768fcdd285d845,42948,42989,True,\n,False,ས
I058DD999,new,ba5ddb5a0e504fb98102d97b0a302232,43223,43302,True,\n,False,ང
I058DD999,new,ebe3d7b7bcf841d5a904595ef6efaf8d,44754,44820,True,\n,False,ང
I058DD999,new,8023bdeda7174bf7b90bc8a7a31f85b2,46562,46628,True,\n,False,༌
I058DD999,new,b1cf1ccb436247daa9f46c8d853961d3,47171,47328,True,\n,False,༌
I058DD999,new,85117a7515e04d01aeed52147d290125,48626,48758,True,\n,False,ར
I058DD999,new,ac266d7bae6c478bbeff7982a2964200,49655,49861,True,\n,False,ར
I058DD999,new,41a06edcafac4789acd06805866324c7,50527,50691,True,\n,False,ར
I058DD999,new,1a19b9eb582d4f80bc6f24e4624d05fc,52716,52883,True,\n,False,༌
I058DD999,new,df01707a9a9f4d3e8a67971057ada2b8,52918,53070,True,\n,False,༌
I058DD999,new,5ce331f3240b495fb419e5801fac6017,54469,54540,True,\n,False,༌
I058DD999,new,c1f33defdf68491887cfdfd68467553f,55259,55419,True,\n,False,༌
I058DD999,new,f6b63be378544a73966a2467ccce0235,58537,58699,True,\n,False,༌
I058DD999,new,acac398f98884fb6aeae20438c1fbd1a,59747,59869,True,\n,False,༌
I058DD999,new,c4fbf2bba834476ca306ffeb7bb4220a,59883,60007,True,\n,False,༌
I058DD999,new,e811b062bd844dd7ae74ec942e125812,60352,60498,True,\n,False,༌
I058DD999,new,f85a481153ff4c94b60d40569b145e72,61443,61609,True,\n,False,༌
I058DD999,new,0a2f8c32101f455390b6c3c31d8f2e80,64812,64889,True,\n,False,ེ
I058DD999,new,3a503aa27c4a492f91a5f5c5137b0ccb,65157,65260,True,\n,False,ེ
I058DD999,new,a9122d4eb47f4f95918108cb110acb4e,65590,65916,True,\n,False,ེ
I058DD999,new,83b915904da9421ab1b1c3953517035a,71443,71837,True,\n,False,ེ
I058DD999,new,efcfa11f08c0427e8cd307a6767169be,95139,95300,True,\n,False,ད
I058DD999,new,3cd2469c78c04da5a0e359b314f1b8ec,109470,109556,True,\n,False,ན
I058DD999,new,ba6b867484c648c9ab62e9a11ba311c7,109786,109907,True,\n,False,ར
I058DD999,new,631f49fe5327438096142d862ce729b0,113006,113250,True,\n,False,༌
I058DD999,new,155d80767dc14dfa9b45252cdb8058a4,122377,122493,True,\n,False,ར
I058DD999,new,ec9625924e0542e9995bb86f78596709,156713,156756,True,\n,False,ལ
I058DD999,new,c7fab1ba78ff4d39861918c676d65c0b,156758,156776,True,\n,False,ི
I058DD999,new,6c4fc7c55d804a2c94de49b937841977,156870,156885,True,\n,False,ི
I058DD999,new,00c5588d29274be4b7f5c2aa043b1e70,156982,156996,True,\n,False,ི
I058DD999,new,c07bf0ea189041e5a8bdc4d798233e98,157096,157110,True,\n,False,ི
I069801F1,new,0c958ed7595447858c8adb1469be937f,55646,55772,True,\n,False,ད
I069801F1,new,4f9a2949c79949f1a9e045b0a585f53e,55774,55879,True,\n,False,༠
I0FCFA88F,new,a94a1639556b4ad3872dd024b9c5a578,34269,34513,True,\n,False,མ
I0FCFA88F,new,1abf952c7b574a7e9e92fbd3f860f6be,35757,35876,True,\n,False,བ
I0FCFA88F,new,dadc3c92dbdd4a768b89b2ea22e4367f,41271,41355,True,\n,False,ན
I0FCFA88F,new,d8a54d18e7c74f8f90a8df2eb35d324d,77719,77908,True,\n,False,ི
I0FCFA88F,new,bd5a40f1cddc4b0b9f2e75ae269758a3,89925,90237,True,\n,False,ི
I0FCFA88F,new,f33361d4259f4e60abd98d29e93d5275,113789,113984,True,\n,False,ུ
I0FCFA88F,new,8039884db1c54ea4bf3036ae9602b5ac,146144,146288,True,\n,False,ོ
I0FCFA88F,new,a05e8807b6b04b78af6da7372c790377,236414,236889,True,\n,False,ི
I0FCFA88F,new,ac0475f2fc5b4e3490651d9a4aed2c34,237366,237522,True,\n,False,ོ
I0FCFA88F,new,8d4df3ebfc264e35b3654491559e7657,237803,238828,True,\n,False,ག
I163178A0,new,39977b35847049f5978a9c53b896236b,7014,7039,True,་,False,ས
I163178A0,new,5006319663864a9faf661152fa29462e,7090,7121,True,་,False,བ
I1637B774,new,34d41c26a6f745e5a960b026e9b52706,1841,1882,True,་,False,ན
I1637B774,new,9c8e184aba9c450ca8e81e8bd2503e05,2080,2106,True, ,False,ི
I1637B774,new,4e71c102d295465586ed513a6b2fd672,2302,2332,True,་,False,ོ
I1637B774,new,bc4bb86884bb4857a036ba19dcd56add,2536,2538,True,\n,False,ོ
I1637B774,new,494de3aa36e244729f68d318b91175c1,2810,2813,True,་,False,ང
I1637B774,new,a00e49f815c4454c8fada4e64b577513,2859,2863,True,་,False,ད
I1637B774,new,ff617e5ad36c4faea3d98145c8ee3028,2888,2892,True,་,False,ར
I1637B774,new,413abd7d988b47c097b0d6e27c686f0a,2981,2984,True,་,False,ས
I1637B774,new,2457c3d841aa4de29c5e2c0a0db019f2,3015,3025,True,་,False,ན
I1637B774,new,7214a373c8a44fe2a0436cddb2105623,3066,3074,True,་,False,ག
I1637B774,new,e561aa0d45474c52a01682a9b30585e2,3300,3307,True,་,False,ས
I1637B774,new,cf81733aea7347d9af74c200e40eafdc,3605,3611,True,་,False,བ
I1637B774,new,2697a504a80645f0b3007c48bd8436a7,3624,3628,True,་,False,ས
I1637B774,new,55746510bacf4b0c92a07aa79ad34efb,3641,3653,True, ,False,ག
I1637B774,new,3e6a649f38864a07abdad518f04e47c7,3667,3677,True, ,False,ལ
I1637B774,new,5266b4b484e240458611862555f1d730,3831,3844,True, ,False,ོ
I1637B774,new,d73e25bdb77247459617979175a18b28,3874,3881,True,་,False,མ
I1637B774,new,cbe548da31764e378bfa35505aca176c,3901,3904,True,་,False,བ
I1637B774,new,5b6d8573b0af465db0f808ddfc9d198a,3947,3953,True,་,False,ད
I1637B774,new,ec71033aff5b402788d89e7c05eff6b2,3978,3988,True,་,False,ས
I1637B774,new,428f8d7f9487433f8da15d6af934d16b,3997,4006,True,་,False,ུ
I1637B774,new,1a3382e165134fb5bc3a4caa94503bd5,4070,4095,True,་,False,ས
I1637B774,new,a3dc4149b7184a0fba7507a00016c82a,4099,4102,True,་,False,ག
I1637B774,new,822781556ebc42ca8b4ff9c16db26cca,4610,4624,True,་,False,ི
I1637B774,new,549fca8229134cb98ad6fc952db3312a,4654,4664,True,་,False,ས
I1637B774,new,09e0cd83784e4c0b8c83752e08659c1e,4819,4826,True,་,False,ང
I1637B774,new,578ff37d4c3f4e89b8ea3454c8b15e6e,4872,4880,True,་,False,ས
I1637B774,new,b6913bb4ec814f548357ad16920bbd36,4914,4926,True,་,False,ད
I1637B774,new,b328b2ce655041c2a8c8c7cdd044b1cb,4988,5009,True,་,False,ང
I1637B774,new,11290b01fd5a47dc93533dc5f95adbfb,5016,5026,True,་,False,ེ
I1637B774,new,6ee698bdb6904c399a801a2871647f1c,5039,5042,True,་,False,ད
I1637B774,new,a474a1887179491ca953544f8bad73b9,5046,5051,True,་,False,ན
I1637B774,new,5a15daeea5744d02adac3c6c4ae58923,5117,5125,True,་,False,ས
I1637B774,new,cce0e47ce8f44c9188a708c2c3bf653f,5130,5132,True,་,False,ེ
I1637B774,new,3b74a54e3594472e91b126dd0f918a0d,5177,5182,True,་,False,ག
I1637B774,new,7596ba72616f419a85c608133221a782,5316,5323,True,་,False,ན
I1637B774,new,4941fd3022324560bf0cd045797eea60,5372,5379,False,པ,False,ས
I1637B774,new,118c65449b74471e919f1c235b9c791c,5639,5642,True,་,False,ས
I1637B774,new,774c0096c591484da4ad010d81c21fe4,5650,5654,True,་,False,མ
I1637B774,new,9e4f3d7126114476abfec2dd2115a3c9,5678,5682,True,་,False,ས
I1637B774,new,535d861329a649b0a22c15f2c6af62fd,5714,5716,True,་,False,ན
I1637B774,new,bdd4e7311ea6436997a30e2b01437873,5728,5750,True,་,False,ད
I1637B774,new,8346dfd1029c4cdfa5d336f8eb4800c4,5764,5771,True,་,False,ན
I1637B774,new,522da67d6ad84fdbbf69c1489e81cbef,5862,5872,True,་,False,ག
I1637B774,new,93e6e33407864d039aa2c0c6e1a5d1a3,6663,6676,True,་,False,ོ
I1637B774,new,aa6c9de3ec19468795362440278d5be5,6808,6818,True,་,False,ན
I1637B774,new,d73ceddd94ea4636bbad87ba550df0b4,6873,6876,True,་,False,ད
I1637B774,new,d214d62779104bf7bcd581f76d0749cb,6893,6911,True,་,False,ད
I1637B774,new,0455b34fa8bb4234a49f8ab7c18b8340,7091,7102,True,་,False,ག
I1637B774,new,3b462e80ebb34075bc1ad377c77f00ad,7210,7216,True, ,False,ང
I1637B774,new,c073f38defc74ca0a471ba5bada9ccbf,7288,7297,True,་,False,ར
I1637B774,new,dbe0aeb7ad5e4cd2bb92ce6385183691,7302,7314,True,་,False,ས
I1637B774,new,e1918daa3ab448fdb03fdf4af3a8eda9,7446,7453,True, ,False,ད
I1637B774,new,10fd5044f34e4164bd13c0b53477271a,7465,7478,True,་,False,བ
I1637B774,new,f58e67472b8d4e0283977b599baa1ed8,7482,7487,True,་,False,ས
I1637B774,new,4dc1febb3a384ce3a09c5c9b18f569f0,7590,7592,True,་,False,ེ
I1637B774,new,b2d0c265280e41798a960307a2c93b7f,7596,7608,True,་,False,ང
I1637B774,new,90345381e02749a8a269a6837e3d7d63,7661,7666,True,་,False,ན
I1637B774,new,795a4e7ef1cf4cad863779b9de5f841c,7678,7683,True,་,False,ས
I1637B774,new,0a433a70db7041b9ad9f22a0e4b26ba5,7747,7753,True, ,False,ག
I1637B774,new,529bfbe38a9a4f35a151f1d52c2143e9,7791,7793,True,་,False,ོ
I1637B774,new,f8a33984dfb2450ca95603b5fdfe38be,7796,7805,True,་,False,ལ
I1637B774,new,57b2120740484d349bc87433ce45c4a5,7822,7826,True, ,False,ད
I1637B774,new,7d0cd56c30da4a58ab14a75f8631619d,7829,7833,True,་,False,མ
I1637B774,new,ee56e8d0bde848e792c2c81e6bdca798,7846,7864,True,་,False,ག
I1637B774,new,a4ea8ab45a4f4587b2aa4ad446d849d5,7880,7883,True,་,False,ད
I1637B774,new,14597962d417441faa3dd258c21bf6af,7962,7975,True,་,False,ལ
I1637B774,new,e9aad1f24509440fba82a1d7adc70b6c,8039,8048,True,་,False,ད
I1637B774,new,04ed6761fb63442396a50c18562bb6f1,8054,8058,True,་,False,ག
I1637B774,new,fe85e05370bc47a38f9a167c0357176c,8083,8086,True,་,False,ད
I1637B774,new,05ef4247ff3841eaac8f37bf2993d6d3,8131,8134,True,་,False,ས
I1637B774,new,c27fff4ee8ef4403acb93e4ae33b278b,8155,8156,True,་,False,པ
I1637B774,new,5beb950bcc50429ab614d3923e946122,8165,8172,True,་,False,ང
I1637B774,new,af86bbd0ae4740dbbec9e6038fecc972,8183,8184,True,་,False,ལ
I1637B774,new,ae0fe164fb27461e8fbaf51df39a208f,8196,8200,True,་,False,ས
I1637B774,new,26aa7104f900491b8dd1a2716fc7b8b4,8210,8223,True,་,False,༌
I1637B774,new,4ee60ca45a3240a594068f7828fc524f,8332,8338,True,་,False,ྔ
I1637B774,new,84735855842f4b11900a1b4e8286d5f0,8421,8424,True,་,False,ད
I1637B774,new,09a6a74816ba4a33881148f2bf9c11ef,8634,8641,True,་,False,ི
I1637B774,new,9edd9c0bceaf481c8af22da94f6e7dfc,8653,8656,True,་,False,ལ
I1637B774,new,ae8e220440554ee29c916c012332af7f,8712,8717,True,་,False,ོ
I1637B774,new,b79edc41312a44d68723dc28e40d51ed,8771,8775,True,་,False,ག
I1637B774,new,007da61b815a41b0a39949444b334497,9186,9187,True,་,False,ལ
I1637B774,new,786805cd0b184fbdaea5d1e34ffaf0d9,9252,9258,True,་,False,ས
I1637B774,new,2edbd07f0e4f43468248915a564623ce,9272,9274,True,་,False,ྔ
I1637B774,new,90d9542fd42544998c22ba10fa2ca1a3,9297,9309,True,་,False,ོ
I1637B774,new,7835ca89895443a3870a69cef9db8b67,9459,9468,True,་,False,ས
I1637B774,new,ae1033c5a2824e0680741ad0dae70eff,9519,9526,True, ,False,ི
I1637B774,new,06347f71d78e45eb88e9a837bb8825e0,9566,9574,True,་,False,ས
I1637B774,new,d6f6a59833174bc88a21d6c6e25e896e,9746,9750,True,་,False,ས
I1637B774,new,390aa65d75814abaabfefddfe211302a,9754,9761,True,་,False,ང
I1637B774,new,2af5280d90f24d0fbd5241db0b321d39,9768,9770,True, ,False,ེ
I1637B774,new,06c9c9ab66b2494ca98600f429ce158b,9780,9782,True,་,False,ས
I1637B774,new,598adecc279f4eff82cb54ee4868d54c,9789,9795,True, ,False,ས
I1637B774,new,b3e120acc02d4d48b968ae7e8d8e282a,9819,9829,True,་,False,པ
I1637B774,new,9b070c9187c54da8b4d1fb86054c7943,9850,9851,False,བ,False,ས
I1637B774,new,24683dc8c1464706bc84cf3c89d85b87,10313,10342,True,་,False,ང
I1637B774,new,6f28aa372cbd46eea298ff98ab812330,10393,10409,True, ,False,ལ
I1637B774,new,0a4baf23df244c53957f012ed02b0960,10485,10490,True,་,False,ས
I1637B774,new,bf6d33e1849a4d9cb39af2cdef3d05e8,10782,10803,True, ,False,པ
I1637B774,new,b9614ffb3a5b4dc69954d21b21ced240,10847,10854,True, ,False,ར
I1637B774,new,61993d91ca94456c9db06061ca00160e,10929,10932,True,་,False,ི
I1637B774,new,9d1bc471fd7a494083dfb39965dddae3,10944,10947,True,་,False,ག
I1637B774,new,eadb757811b5462ab9c58b6bf9b8833a,10960,10965,True,་,False,ལ
I1637B774,new,f7314c0ff44a451cacea3bfd06987af3,10976,10982,True,་,False,ང
I1637B774,new,aa02d2d54f3247408f25da9cba2dde6a,11090,11121,True, ,False,ི
I1637B774,new,b59c5ee9927d4c88b99b94d5df6ca5db,11281,11285,True,་,False,ན
I1637B774,new,b040936fcbd64841a9b103bdf44b5224,11302,11304,True,་,False,མ
I1637B774,new,7026a6e3923246eab778f981d8ce7ffd,11347,11352,True,་,False,པ
I1637B774,new,d2ef3f069ffc41249a0a93be11124ee1,11357,11360,True,་,False,ས
I1637B774,new,4de7ba9fe9e1432980474bb7c7d87654,11420,11428,True,་,False,མ
I1637B774,new,bc6b6856c1c7466c897b483422957f82,11432,11448,True,་,False,ན
I1637B774,new,11ae30df2ee24f67bad5daf5ae4fdaa3,11456,11475,True,་,False,པ
I1637B774,new,964308dcf0864704b2c7e64dff0b3281,11479,11485,True,་,False,ས
I1637B774,new,1e420f09284a47bf9c2cbc2c4ac9d8fe,11523,11525,True,་,False,ས
I1637B774,new,40cf0dcecc614ce6a09ab0b397023537,11541,11547,True,་,False,ས
I1637B774,new,007482eb501145ccb56a31faaa6c32cd,11563,11568,True,་,False,པ
I1637B774,new,e7586265804d40819d35e8b3813e3e10,11597,11600,True,་,False,འ
I1637B774,new,1d9eef6e40c34df6b20771b446d0ed02,11614,11618,True,་,False,ས
I1637B774,new,a19d043f1c664ab4811d8575395573bc,11622,11625,True,་,False,ག
I1637B774,new,ad82fccc37ee4ba793a750234ed07bba,12366,12370,True, ,False,ི
I1637B774,new,26c7900564584b7f9f137c8e916eecac,12385,12404,True,་,False,ད
I1637B774,new,e262cd6601dd4bfbb9018e6f1608d736,12599,12620,True,་,False,ས
I1637B774,new,20d553a64a7d49f19c56a2056162d58f,12638,12643,True,་,False,ད
I1637B774,new,08164451282740f0996c695839fe068e,12658,12662,True,་,False,ལ
I1637B774,new,6b1483abe84b41c99e53c4cc600a3c1b,12672,12674,True,་,False,ང
I1637B774,new,13a0c548500044d9882d1865df1804b9,12679,12683,True,་,False,ལ
I1637B774,new,c4a254a8c89f4e13a9695f6a388e9474,12699,12706,True,་,False,ས
I1637B774,new,c33dbdd8672c4059be010f1fa77d12f2,12709,12713,True,་,False,ན
I1637B774,new,09ae3e92bfea47979b0e8b306c06edf7,12832,12845,True,་,False,ེ
I1637B774,new,3319337b10234124ace88ea7d6bb9fbe,12886,12897,True,་,False,ི
I1637B774,new,5c00831c1f9c4b3f9c1d9ab6da710324,12901,12912,False,ུ,False,མ
I1637B774,new,5f9634045c2742a4b08f43b077c56296,12926,12942,True,་,False,ན
I1637B774,new,4e29002cb879409fbb9e7b0ca839b2cd,12947,12950,True,་,False,ན
I1637B774,new,2efed867e62742a89db8b5480cc4efc3,13012,13021,True,་,False,ག
I1637B774,new,7c91f42bab3a4640851709d61fbf263e,13025,13028,True,་,False,ས
I1637B774,new,e09c0affed444778b2da16cc8ac9f83d,13036,13043,True,་,False,ན
I1637B774,new,4c7c50e95606483fbbac36c5f337e5d4,13082,13088,True,་,False,ག
I1637B774,new,ab3e7e3b69c74f66a01fa3b201de1dca,13829,13833,True,་,False,པ
I1637B774,new,6a0d5bae04ed4f139c9f088dc6ac68bd,13842,13849,True,་,False,ན
I1637B774,new,90ec189eaf634b59b7503a8aab6e45ac,13853,13865,True,་,False,ས
I1637B774,new,11045dd1bef14eddb1c36b61d75c841d,13901,13906,True,་,False,ལ
I1637B774,new,846eeabac65e4e1b80ae3c77cc4bccc7,13937,13950,True,་,False,ས
I1637B774,new,71607d31c4a84f4bbda3c93ebc27290f,13962,13972,True,་,False,ན
I1637B774,new,32924ff741ff41fa919a0434b82d0993,13975,13978,True,་,False,ད
I1637B774,new,cebca9bbd6d5480eb429ac44c742cef0,14019,14027,True,་,False,བ
I1637B774,new,222f05a0e5a84e9284b6646f99645aa1,14056,14060,True,་,False,ཀ
I1637B774,new,9aae0b3fbe634ade842949fa9c82dd9b,14075,14080,True,་,False,ག
I1637B774,new,3190cbbe20e446f691d598a85b8cf9aa,14100,14107,True,་,False,པ
I1637B774,new,483ddc83f5464ccd8f871eb6d4cf17a0,14117,14121,True,་,False,ུ
I1637B774,new,f254948e889f4d6f801302b1e501af44,14172,14174,True, ,False,ེ
I1637B774,new,5b78025e89b44c9eaa4f32fbb86391e3,14201,14202,True,་,False,ལ
I1637B774,new,aaaa186a4069463eaba3920f6337d111,14211,14218,True,་,False,ས
I1637B774,new,d57a0d4b81834e96826d39d426293644,14229,14234,True,་,False,ལ
I1637B774,new,8dcfa1cd71be4f01a4a21b2751cccd16,14255,14256,True,་,False,པ
I1637B774,new,a3727197a20946a8a3f168e8f306bb8a,14280,14281,True,་,False,ལ
I1637B774,new,cc35daac1017470291a7bafb0da1f949,14383,14392,True,་,False,ག
I1637B774,new,0c36e053ff414ae88833532df2bb30e7,14409,14414,True,་,False,པ
I1637B774,new,d09c71a948ab414abd956322fe56d8eb,14427,14438,True,་,False,ར
I1637B774,new,17b65a32eea94c128a5b2add478393be,14488,14493,True, ,False,ས
I1637B774,new,8edc28c3e7a64729ac1de3f3ba04cd30,14540,14547,True,་,False,ན
I1637B774,new,b3f80968b3ee41ac81d5c66330fe2470,14578,14593,True,་,False,ས
I1637B774,new,bb76098399b74fbe8b527b3d5736a3d9,14789,14795,True,་,False,ས
I1637B774,new,124f3c939af046389424072ad2df05db,14804,14822,True,་,False,ས
I1637B774,new,a8a4a9efc3694ac29da3b8ac2fddf916,14883,14887,True,་,False,ར
I1637B774,new,3064dede026e4654a70ef66d31a1dc40,14900,14901,True,་,False,བ
I1637B774,new,8a4d4744ffb84eca808a691432a32237,14918,14922,True,་,False,ས
I1637B774,new,d0ccb42adf5d406aba0fa3e91f9a10f4,14929,14943,True,་,False,ང
I1637B774,new,a650e533a765403fac1df13f34800e0f,14950,14955,True, ,False,ས
I1637B774,new,bf427e32dda34c429984e0289da0efc5,14965,15003,True,་,False,ས
I1637B774,new,222963c07e6b44e5b9dcd554da50b7b0,15012,15013,True,་,False,ལ
I1637B774,new,a6a18dcb580a45e8a387d937f908cd72,15034,15046,True,་,False,ད
I1637B774,new,cd534d90c1bd4164a9beee7d68760144,15065,15068,True, ,False,ེ
I1637B774,new,ed404dd46ad04935937b32f747c1229d,15072,15076,True,་,False,ར
I1637B774,new,a989659b27ca47ebba36ace5c8d7fe89,15095,15102,True,་,False,ན
I1637B774,new,a91e4393e7bf47bd92b15a0be0002330,15122,15131,True,་,False,ི
I1637B774,new,40508b6181ef4a66b9b572a78c9af4ca,15140,15142,True,་,False,ཞ
I1637B774,new,81080b57e3c442538c1ca1e0483692ab,15147,15150,True, ,False,ན
I1637B774,new,76f5d88a3dcb4765b1d4863a3a7170c8,15166,15169,True,་,False,ད
I1637B774,new,6c8a2e96c19947a29618de9b2b2c3ce8,15184,15202,True,་,False,ར
I1637B774,new,efa3a2fc403f42178cc54731533d1c4f,15234,15242,True,་,False,ས
I1637B774,new,6823d0ce1bd0433db2c4be8cea3317d8,15257,15261,True,་,False,ི
I1637B774,new,5a32868d84bd438699855aa8bc07def9,15281,15288,True,་,False,མ
I1637B774,new,aba07d4b5fa4401596fa612f7a5b5603,15297,15300,True,་,False,ི
I1637B774,new,c5bbe61961d24362a030e8e58fe58f55,15317,15318,False,ི,False,ས
I1637B774,new,6f50eb464feb4d24bad226141c9ae413,15326,15339,True,་,False,པ
I1637B774,new,9b4fb6bac3cd410abfd07280f81a03ea,15354,15356,True,་,False,ང
I1637B774,new,d042c69591b543ed8dfd5d2a944502fe,15360,15363,True,་,False,ས
I1637B774,new,d1efb4c9b19d4bf283a841412584bd41,15408,15411,True,་,False,ག
I1637B774,new,8027b20abfb24eafa86f2f0c633ea45f,15588,15613,True, ,False,པ
I1637B774,new,ff571d667df84b56b2dee4f4e0ab2d0d,15618,15623,True, ,False,པ
I1637B774,new,f6a21247818c4dae8f55f044a9096f0f,15637,15640,True,་,False,ན
I1637B774,new,2e7eacc9ca694c2bb747dd0d634ace36,15643,15646,True,་,False,ད
I1637B774,new,5e1e91c31d1348ed8ef316347d56f758,15656,15660,True,་,False,ས
I1637B774,new,dafbf2fde7414957847f5d5c1a7cf7d2,15684,15687,True,་,False,ན
I1637B774,new,6f308c583e514091870975cba3f56852,15701,15724,True,་,False,པ
I1637B774,new,9141337f20a440d5b451da43638f64fb,15778,15804,True,་,False,ན
I1637B774,new,dda10bd9a7bd473998941eef60732ee9,15820,15827,True,་,False,ག
I1637B774,new,a14947d854154a79b02e1c412721b6f4,15833,15842,True, ,False,ས
I1637B774,new,3f5b5c3b2f3a4eb29001f7d077c269b7,15847,15852,True,་,False,ག
I1637B774,new,5f6d5b7fbbf24bf587c7709f3abdaf1b,15855,15859,True,་,False,ས
I1637B774,new,85b18bf9ccee42e59f7d045781064ae7,15873,15896,True,་,False,པ
I1637B774,new,05ebf125a3a6427e853561507f963f49,15905,15912,True,་,False,ན
I1637B774,new,cab952a7de5b457e955d35c39c4022d7,15931,15939,True,་,False,ས
I1637B774,new,fa00275bf7a347eca510d0da17b23be0,15964,15968,True,་,False,ི
I1637B774,new,1b82b208860a43beac4e5dcf5b4378cd,16003,16010,True,་,False,མ
I1637B774,new,3f8c03ce4b914eb1a387d094d33dbf42,16036,16037,False,ུ,False,ས
I1637B774,new,e25241bf18744665a86d1209901a3860,16063,16079,True,་,False,ན
I1637B774,new,b53824b49a134b07b96ab3bedd402b9a,16088,16098,True,་,False,ི
I1637B774,new,6677fc261e2b496693e1b2ee5d4c0b02,16135,16138,True,་,False,ན
I1637B774,new,66d4ec26106149ffbc47fa91952c102f,16141,16144,True,་,False,ད
I1637B774,new,435dd06b084546cb8438c81bc07f6db1,16184,16189,True,་,False,ས
I1637B774,new,c4f26370a7794f51a330de0e7ec0beba,16199,16202,True,་,False,ི
I1637B774,new,1452b96d583c4863b74a70d25a6df0a3,16223,16228,True,་,False,པ
I1637B774,new,76eb8bc66d3241af90aa7afd8242acd8,16241,16244,True,་,False,ས
I1637B774,new,5dd45826ba6142f6a0f31baf8e3b87c9,16259,16275,True,་,False,ི
I1637B774,new,05d623dc435b4c17b0a5fdbeb961d448,16322,16326,True,་,False,ས
I1637B774,new,72d9f99399fc4b4ab7b6805b8a4b67ce,16357,16359,True,་,False,ང
I1637B774,new,04822b7cc74b4623a7636e900f8a8e00,16363,16366,True,་,False,ག
I1637B774,new,39ffce8b061a4e55a044805039315b22,16406,16411,True,་,False,ོ
I1637B774,new,755ea985cbe143f48bd761bda5f79cf9,16464,16470,False,བ,True, 
I1637B774,new,da99d62d25dc4d8ba6c6b028a186d087,16726,16730,True,་,False,ས
I1637B774,new,9a00c720e0b0425b80ab74e5805595c1,16734,16738,True,་,False,ན
I1637B774,new,44cc1df5dfb449309ec6da27b0615d64,16763,16769,True,་,False,ི
I1637B774,new,632af0824a8b419aa7974470760a8447,16808,16814,True,་,False,མ
I1637B774,new,5319931431744f968ee049faac61fe4d,16901,16924,True,་,False,ས
I1637B774,new,99f8b0d751844e069992b898cf4c8362,17000,17028,True,་,False,ས
I1637B774,new,4255a9eb226740fb8ad9b6f0f80343e4,17103,17120,True, ,False,ས
I1637B774,new,80d9560190ce4743bdfff32847a9a01d,17138,17143,True, ,False,ས
I1637B774,new,29b886f3fe3747ddaf9c86b6b3be7ef8,17184,17199,True,་,False,༌
I1637B774,new,06b2b0f1e4214e2e9a175ee62be1703f,17226,17239,True,་,False,ན
I1637B774,new,693a0fede68045a0856141e405818279,17258,17261,True, ,False,ད
I1637B774,new,19ef54d47aae48b7be50c6801475c558,17272,17275,True,་,False,ང
I1637B774,new,8544f8bbf23e4c9fa43e6a473cae6401,17280,17283,True,་,False,ས
I1637B774,new,19ed39fa96434219bea897e3ed7c3403,17293,17309,True,་,False,ང
I1637B774,new,ab82b59671164d048af9f0711198b15d,17337,17342,True, ,False,ག
I1637B774,new,745182ff12724d8ea17234dd22d6dcf8,17373,17377,True,་,False,ག
I1637B774,new,7f855d0c9f0e4a6a9457006a46e4ff7e,17390,17395,False,ལ,False,ན
I1637B774,new,321644fa7a9241df806832c7bc086a6a,17426,17433,True,་,False,པ
I1637B774,new,e1761e0b3c1f404c89f2d47f09e90984,17734,17743,True,་,False,ན
I1637B774,new,3e4af194382b438e8e78942fd0630c4d,17748,17750,True,་,False,ས
I1637B774,new,67448c5e99e2442abe54b3cd0609a5a9,17774,17786,True,་,False,ད
I1637B774,new,302c1693f4434cf8a97fca2b69c6daeb,17792,17797,True, ,False,པ
I1637B774,new,46ac1dacdc6e418088ed4dbd761bd000,17800,17802,False,ེ,False,ི
I1637B774,new,2a4d1505d481491bad1806daf7841399,17816,17862,True,་,False,ས
I1637B774,new,25bf36ff7fa84048906be10ddf10a48b,17871,17873,True,་,False,ུ
I1637B774,new,c8f48dbc208f45a8b2890cbea444c123,17900,17904,True,་,False,ེ
I1637B774,new,4bc3b74d8f8747059ea4e667764b1450,17985,17999,True,་,False,མ
I1637B774,new,ff4b37ac12a44691a1c67d6f5c96a5b5,18070,18076,True,་,False,ང
I1637B774,new,953b8563787744889fc16b22962a362f,18157,18165,True,་,False,ས
I1637B774,new,6cc2e57d04d742e5bb36226886838094,18180,18184,True,་,False,ི
I1637B774,new,7a2fa79e896c4df587700ee4e56b6f8a,18211,18241,True,་,False,ི
I1637B774,new,52328220c9794e8e91c24b52841d9062,18258,18270,True,་,False,ས
I1637B774,new,fedcac266f5840659f84cb6f5326ee12,18310,18318,True,་,False,ི
I1637B774,new,03f051299cd9492686097e0f39bed870,18359,18365,True,་,False,བ
I1637B774,new,9933b8c70fd046c3876585eb966bdedc,18578,18582,True,་,False,ར
I1637B774,new,683bd8b3d118482c82e052f6565b035e,18586,18592,True,་,False,ས
I1637B774,new,ab50381d05cf4c4a868e2bd1c757ad71,18636,18644,True,་,False,ས
I1637B774,new,f7df0561a2654384b08a3af47782d923,18649,18654,True,་,False,པ
I1637B774,new,2a37fc3f133e4f45a50ee248070b5bd4,18857,18867,True,་,False,ས
I1637B774,new,20142033658040aea8a120eacb4576a8,18984,18987,True,་,False,ས
I1637B774,new,8849036a0baa4ed98fd56aeb09cc0526,19000,19006,True,་,False,ར
I1637B774,new,6ae0ca8dacaa4ae99ecda44360db1f0a,19015,19025,True,་,False,ས
I1637B774,new,175b9ea4d2db4cfd961f4df6462abc4d,19062,19067,True,་,False,པ
I1637B774,new,268982db50ed41cdb67f7f287509c706,19125,19134,True,་,False,ན
I1637B774,new,dd8ff0a0275b43489606b55a06b49b20,19138,19145,True,་,False,ས
I1637B774,new,5fb088cd327a48bcb489504d459cfa4f,19155,19170,True,་,False,ས
I1637B774,new,f358dbe5a4a04f28bed01477e83cfe35,19264,19285,True, ,False,བ
I1637B774,new,d20ec6aafeaf483a9f31e5565aec4d98,19316,19326,True, ,False,ག
I1637B774,new,a718a954bc9d4287ae90e2ee636d9be3,19330,19335,True,་,False,པ
I1637B774,new,13150dc29a8c4c7a95fe1be2f635de8a,19349,19362,True,་,False,པ
I1637B774,new,a6cfa2237a184b318ccfd568c1c9c9a4,19391,19405,True,་,False,ས
I1637B774,new,3b89d9fa48eb4a18b4bc145cc90ead1d,19440,19449,True,་,False,ས
I1637B774,new,2f5e2569d94d462a9c15608fc34c8dee,19460,19469,True,་,False,ན
I1637B774,new,c199ac469aa14dabaef9d3557c8f862a,19487,19492,True, ,False,ག
I1637B774,new,11a91ce275a54a96b8ba1868d21253a4,19503,19507,True,་,False,ད
I1637B774,new,c0ac82ecf59f4971b76bc8e578393b80,19528,19533,True,་,False,པ
I1637B774,new,b61acad4a225471bb29eaa2a1920ba3c,19547,19552,True,་,False,ས
I1637B774,new,46afe87cd9d646caa32441a418ff86d4,19558,19564,True, ,False,ང
I1637B774,new,3f38f7be979342148d0f85ab30b133d8,19583,19602,True,་,False,ེ
I1637B774,new,81ef92fd6fda48ef936ac620e061e338,19611,19619,True,་,False,ི
I1637B774,new,0719613cce134612bd96e633af89cebc,19639,19642,True,་,False,ོ
I1637B774,new,2a8724b7eeed43d1a2c55d4188ad3080,19666,19671,True,་,False,ག
I1637B774,new,f43b03a747164e5db4c49d9d5eeaf9d1,19682,19694,True,་,False,ལ
I1637B774,new,fc7e578b35b445a09fe3e46cb59992a1,19717,19730,True,་,False,ི
I1637B774,new,3ced31ffb7e84ea2b6b59e48acb105ff,19757,19795,True,་,False,ད
I1637B774,new,870cce2b2ef9482e81f6a016102b12ce,19800,19803,True,་,False,ི
I1637B774,new,339aafb1c5654005bc18b768bf0e03d7,19813,19839,True,་,False,ེ
I1637B774,new,d526d3269735403296e005b2d4ec9562,19854,19867,True,་,False,ྱ
I1637B774,new,3722ca400f6f480b83ac96ecfc6ba7e2,19889,19895,True,་,False,ར
I1637B774,new,434a799d80a34586ac2ab35522a9ce98,19905,19909,True,་,False,ད
I1637B774,new,98b1cf62feea41df844877eb2f263ba7,19957,19972,True,་,False,ན
I1637B774,new,7daa270e168b41db83a19c54b5de3df3,19976,19983,True,་,False,ས
I1637B774,new,e0f9a9a656a1460c8727eb21af4aa543,19997,20011,True,་,False,ས
I1637B774,new,d3ff415d2c904ba08c16cdd6fb766e7c,20025,20035,True,་,False,ག
I1637B774,new,89e1af48dcf0458b8a7e42b1bc375f4d,20101,20103,True,་,False,ང
I1637B774,new,03e1f256dcb74d21a2c80d19f313aab8,20171,20198,True,་,False,ན
I1637B774,new,11828d96f52143e98e196a8c7dc8ecc2,20205,20216,True,་,False,ས
I1637B774,new,980cf751a0414f0eaee105ea97439b78,20230,20241,True,་,False,ོ
I1637B774,new,865678e5349940639a48408525a3294a,20264,20303,True,་,False,ན
I1637B774,new,6a77069118f841ffb0de3e95b0a97b7c,20323,20341,True,་,False,ལ
I1637B774,new,4e1d8bcc8a524a9e9a005454a2d95b28,20353,20358,True,་,False,ད
I1637B774,new,e0a3493a9a9f43fb8407cd9ef84fd12e,20436,20473,True, ,False,ང
I1637B774,new,e878d5556a7d4ec5a1fe2d9831ff0e37,20494,20513,True,་,False,ེ
I1637B774,new,202b71a650ee4548b9e8b2edcbcbd861,20543,20556,True,་,False,ི
I1637B774,new,72e0475d59374b359506b4e64e1ad493,20585,20597,True,་,False,ས
I1637B774,new,e809885f2dd54829b61eb3818dca5964,20606,20642,True,་,False,ེ
I1637B774,new,f31f571066c44e12b736bc782f82505e,20646,20648,True,་,False,ེ
I1637B774,new,332cc0ac5d90413c9ac976c9b65ae3eb,20675,20680,True,་,False,པ
I1637B774,new,5e087015c4954913834d9ec47e09a060,20689,20694,True,་,False,ར
I1637B774,new,cd76796dd89441bf8c811746d4b51032,20711,20715,True,་,False,ད
I1637B774,new,26ef490a807244bc8985e8ef5fe7f978,20720,20735,True, ,False,ན
I1637B774,new,01b6a6bf12ed4843bc81ca304dc760c3,20739,20746,True,་,False,ས
I1637B774,new,82ed28c3edf54fb0a727e939ec7e20f6,20758,20771,True,་,False,ི
I1637B774,new,f527c6c7e1c344f1802ecef6c3f18dfc,20804,20809,True,་,False,ས
I1637B774,new,11e16b696975498ba730cd4c0fdcb407,20813,20816,True,་,False,ག
I1637B774,new,99788f96641d4f938c25920334d12f9a,20894,20903,True,་,False,ན
I1637B774,new,19b4af6c30a5478abb15d4598304637e,20928,20953,True,་,False,ག
I1637B774,new,079040a46f2b4d7ba8adfc257c33abc5,20963,20968,True,་,False,ད
I1637B774,new,8b2e68f657e24e1582cf391c40fc3233,20975,20978,True, ,False,ན
I1637B774,new,f4dcb2647484455f9663d6dcb32d3bd3,20988,20991,True,་,False,ད
I1637B774,new,2d3787d773a049198ecbc3bead33990c,21009,21015,True,་,False,ྔ
I1637B774,new,c3ca12c2f5684eee98df616f6326e22b,21033,21035,True,་,False,ས
I1637B774,new,5afb9776133e460091340c7f8897780d,21042,21050,True, ,False,ད
I1637B774,new,329528c1ae2142a38c3bc0520aa797ba,21054,21063,True,་,False,ས
I1637B774,new,87eecea2fd334318af56f644a910a9a0,21101,21110,True,་,False,ས
I1637B774,new,a4f88296dfa94acd961429e39f858cc4,21183,21192,True,་,False,ད
I1637B774,new,00ae6874053c4f5f95727b9c00b5f6f0,21213,21219,True,་,False,ན
I1637B774,new,ac86aa9fb5344bf7b6b90bbe97ae2f0c,21224,21236,True,་,False,ས
I1637B774,new,00e123d64ce046e79ef90b9cf5ed9734,21316,21344,True, ,False,ང
I1637B774,new,035dad2005b845898ead776d909b85c6,21375,21388,True,་,False,ི
I1637B774,new,998ca309aa534d7a9d5cb674b5c2fba0,21415,21438,True,་,False,ས
I1637B774,new,c9d4ce569bef4e9bba3cd09618bc3280,21444,21452,True, ,False,ད
I1637B774,new,d041ed825e8742309db510c724761319,21471,21488,True,་,False,ྲ
I1637B774,new,7422997a055a43cc8e15dc4033593daa,21514,21518,True,་,False,ན
I1637B774,new,6691cea636614ae9bd9fdea21ded020b,21533,21538,True,་,False,ྱ
I1637B774,new,2b80cccdccf0414fb42373f0d33a5382,21594,21605,True,་,False,ད
I1637B774,new,81c04c3d79304f6c8f3b00d65fe07866,21610,21625,True, ,False,ན
I1637B774,new,dfcc5c0246e843a795ea5054786d3413,21629,21636,True,་,False,ས
I1637B774,new,5ed4c3169c7247529ace913eedc255bb,21664,21676,True,་,False,ས
I1637B774,new,76c4467b5b344361a96dcf9252f2e185,21679,21682,True,་,False,ད
I1637B774,new,d7a490186bd342d5b80405a1b36a6dff,21687,21693,True,་,False,ས
I1637B774,new,9b099d8e905945029c5eed722dbeaced,21731,21734,True,་,False,ག
I1637B774,new,7a44699d679a465eb8349c5baac53f71,21829,21832,True,་,False,ན
I1637B774,new,a237b1ba718e4ca2bcfce0d372468632,21835,21838,True,་,False,ད
I1637B774,new,fe7dcc4fede244f7bb3216900227225c,21878,21887,True,་,False,ས
I1637B774,new,0ca8cede6b6b465f9d63319a45dae6b0,21937,21942,True,་,False,ས
I1637B774,new,472f99d63fd04931a53515382eb95f52,21945,21948,True,་,False,༌
I1637B774,new,d0ae8929e1064d9da3305d95edc246c3,21977,21981,True,་,False,ག
I1637B774,new,3cc66bb04d97434980d2185995e423fa,21992,21995,True,་,False,༌
I1637B774,new,a73a5018d825453da71988012d34a520,22044,22049,True,་,False,ལ
I1637B774,new,90eb0b5ef4034b69afca4aad7ee040e8,22052,22055,True,་,False,༌
I1637B774,new,9e2de6429b7c41c68d80d2880df65bf0,22092,22097,True,་,False,ོ
I1637B774,new,fcdb754549b04a6196574c0d21d9adcb,22103,22110,True,་,False,ག
I1637B774,new,a84121f0eb274db3a03ee096f7bf9b52,22125,22127,True,་,False,ས
I1637B774,new,5e4c57736a05463da235d2da29b0e413,22134,22151,True,་,False,ད
I1637B774,new,3d30ffc8bdc1458495d1b4029e3616ee,22164,22172,True,་,False,ང
I1637B774,new,35f1ffe490344ef78c780ba63b6b2b23,22183,22188,True,་,False,ས
I1637B774,new,35906c4d4b6a493aa7c5560ad48b19c3,22286,22294,True,་,False,ས
I1637B774,new,dde9932aa09d404590e937502e33c238,22309,22313,True,་,False,ི
I1637B774,new,c307c01b55fd46a5a7f5cf7c2242b1b8,22370,22381,True,་,False,ི
I1637B774,new,711bfabe4e4840e59ce74cf54decd160,22385,22410,False,ུ,False,པ
I1637B774,new,ff24a2ebf33c45df9c692c5d48a0ac1c,22440,22441,True,་,False,ལ
I1637B774,new,95c55d51be01495ab7ad3fd836e90643,22464,22469,True,་,False,པ
I1637B774,new,74a169bd45c74e84a910ae4683069a19,22503,22506,True,་,False,ལ
I1637B774,new,afe6c7b39ee044cfa7679311e6db8b13,22516,22530,True,་,False,ས
I1637B774,new,3295d767d65f48da8bc56a9635a8e47e,22633,22648,True, ,False,ས
I1637B774,new,e5e58f20ca17497bb72585adc4997b9e,22667,22677,True,་,False,ག
I1637B774,new,2ee9894b917946f0b61a2bb88dd2ba46,23217,23225,True, ,False,མ
I1637B774,new,efbe7b1f31084f65a52dfa6cfdab3418,23230,23248,True,་,False,ན
I1637B774,new,2d73b8e425de4e6bb9b1c1841e4f2be0,23302,23309,True,་,False,ི
I1637B774,new,302a6121e432425a9f606c3bf0976984,23366,23374,True,་,False,ས
I1637B774,new,ce8a75377a4d4f8580ab4f2f023da2fd,23389,23394,True,་,False,༌
I1637B774,new,a4b275507c384dc9aec905fcc58d029d,23405,23408,True,་,False,མ
I1637B774,new,cd0e751b454948628a14fc0a5b0b431c,23480,23487,True,་,False,ད
I1637B774,new,e8284d99104146a98639ab02ee7dc1ca,23494,23514,True,་,False,ང
I1637B774,new,cb9599d0601645d1b6704c2bd38d4c7c,23557,23569,True, ,False,ད
I1637B774,new,70283bdd38024eedacbee90bb4ffa2dc,23584,23594,True,་,False,ད
I1637B774,new,23b0c66b31024136bb36313f3713eebc,23631,23633,True,་,False,ས
I1637B774,new,82f33c9ae05044d29554da79cb316068,23643,23647,True,་,False,ག
I1637B774,new,4032893f67a74fdead66b7fc1aafef9e,23702,23708,True,་,False,མ
I1637B774,new,35d20c0df1af45f28f3cc3539bf1a2d4,23713,23718,True,་,False,ལ
I1637B774,new,e9a914c6c25148549cd2530ce154f7e6,23763,23764,True,་,False,བ
I1637B774,new,7f72e5fc753e44aba656bb2362476724,23768,23771,True,་,False,ྲ
I1637B774,new,31f171eece0646c7bcfd301296328282,23954,23967,True, ,False,ས
I1637B774,new,e0da98dea7cf44069dd3aefd20f260e2,23976,23985,True,་,False,ན
I1637B774,new,cb73f6ee247f4fe4bac91ff7b5ccc94c,24152,24161,True, ,False,ག
I1637B774,new,ca24bd5a960847768021fa7dfdcdea53,24192,24197,True,་,False,ལ
I1637B774,new,68d32cf54acd4f10841cea425cace9ce,24217,24233,True,་,False,ར
I1637B774,new,7c44fe881f7b4a538c712e8a8c1d82ce,24241,24254,True,་,False,ོ
I1637B774,new,e7c748071c844a67ac5bd42e46c741af,24274,24276,False,པ,False,ི
I1637B774,new,b30449401f6041ef87a18adccd0ea355,24312,24319,True,་,False,མ
I1637B774,new,b28c15bf649e4895a3ee751dbfa2dcdd,24328,24331,True,་,False,ི
I1637B774,new,3130074a70ce423a998df665fdb5dfdf,24345,24346,False,ན,False,ས
I1637B774,new,207573f600e84851987e99ffe7896450,24367,24389,True,་,False,པ
I1637B774,new,518c3ec589b6421cbee6087773409e51,24411,24425,True,་,False,ས
I1637B774,new,88f7bd4a01d84e2d976e600cd84bf1a2,24483,24485,True,་,False,ུ
I1637B774,new,54622104ce0a4fecbcf3a7663d6b41f1,24493,24496,True,་,False,ས
I1637B774,new,74d234ba6e91494e9555666eb8acb482,24537,24541,True,་,False,ས
I1637B774,new,205598c1bda740bca837e5143f574c45,24564,24567,True,་,False,ག
I1637B774,new,f68bc69d6e104cc7a1cd45caf8ad5310,24872,24876,True,\n,False,ོ
I1637B774,new,024e880a5a654bcdb597c50f0de88ef7,25053,25070,True,་,False,ར
I1637B774,new,df4af7b6727348dcbdd7c90bcf5609e6,25097,25110,True,་,False,ས
I1637B774,new,775eca7e61e9454a835a60844d69b46b,25141,25163,True,་,False,ལ
I1637B774,new,abcb43bf03ed489c8060f49939fe8c6b,25184,25186,True,་,False,ས
I1637B774,new,5941111abc424781ab8849c21d9b7785,25210,25217,True,་,False,མ
I1637B774,new,15449995be9f4d468385ee81b1838319,25228,25237,True,་,False,ན
I1637B774,new,56e802cc43ba4551a603f8b2c39b338c,25250,25260,True,་,False,ས
I1637B774,new,90ea91ae613e45b2809bc9efd8ba61f5,25331,25338,True, ,False,ས
I1637B774,new,0b05125e3d7b4f94a08ea348f8b4308f,25343,25377,True,་,False,ས
I1637B774,new,1a80b89a7e8745c0bd828574df9cc4cb,25406,25410,True,་,False,ན
I1637B774,new,1102dece0a6e46b29a40f88901ef0ac3,25422,25428,True,་,False,ྒ
I1637B774,new,6b7de1533238418688303b00f6fc9f69,25545,25550,True, ,False,ླ
I1637B774,new,1a205ae10a844ecea67d4e24e4a44060,25563,25578,True,་,False,མ
I1637B774,new,b6a4447e11d74682bab39f1dc6aa0ae6,25593,25615,True,་,False,མ
I1637B774,new,76fcac6801384cd8b914ced32b34cd32,25631,25640,True,་,False,ག
I1637B774,new,1caf36e6aae04b459a19eaab55ced004,25644,25649,True,་,False,ར
I1637B774,new,13e0be06a3cc4718a39249f223a887f1,25657,25663,True, ,False,ོ
I1637B774,new,a64d3ecb8a364a2ba6825ba23566c115,25668,25671,True,་,False,ས
I1637B774,new,ce040dc4a33247da9808d10e003915c9,25741,25769,True, ,False,ད
I1637B774,new,4150920b7860441985269e50b8166e8e,25844,25859,True,་,False,ར
I1637B774,new,0875bc82d95c41509340cbe431cda7fb,25868,25908,True,་,False,ན
I1637B774,new,c6bfb6a88a604e70bbff0d84b2087dae,25915,25924,True, ,False,ར
I1637B774,new,819da2c81fcb43cdb4677fade1b21a01,25927,25944,True,་,False,ི
I1637B774,new,ea335e7a772c457cad13fcca1c540169,25948,25982,False,ུ,True,་
I1637B774,new,6e87571bf62a4c4c921786ba5038b378,26016,26044,True, ,False,ར
I1637B774,new,a795487cb30441a892f27dafc8379435,26049,26061,True, ,False,ོ
I1637B774,new,ac07c6da859f4fcd8116cbf1cee855e2,26159,26315,True, ,False,ུ
I1637B774,new,7f5d21a91d6d41a1808bd9c9dd556207,26332,26334,False,པ,False,ོ
I19A08A51,new,f2360df47c2e49db8477c5dd045845f1,836,895,True,\n,False,བ
I19A08A51,new,5648d7238e8145c8b29edc50b75e048f,1067,1087,True,\n,False,ྵ
I19A08A51,new,c69f3fc4eec8488c8894a8a036163903,14325,14345,True,\n,False,ྵ
I19A08A51,new,4c054ec734eb44c6ae0618a25e02c8be,14548,14573,True,་,False,ས
I19A08A51,new,cf020a45a3754472959bc36357dbe54b,14624,14667,True,་,False,ན
I2133CA39,new,f66d39f302304e49b192a3ab3e382f53,25262,25315,True,\n,False,ད
I2133CA39,new,cb10176da541435ba1f3ed310bf7ba69,74192,74308,True,\n,False,ྟ
I2133CA39,new,5bf9b684033d41a980d2ae5b80777f19,131837,131946,True,\n,False,ག
I2133CA39,new,f90e59dc4ac84407b2a3638cf0be74a3,151640,151749,True,\n,False,ག
I2133CA39,new,905351c486374a2a8f5839f27796a2c7,296730,297670,True,\n,False,ག
I2133CA39,new,5d51150c802f43a4afda6ef994435f70,297672,297906,True,\n,False,ོ
I2133CA39,new,41280e87a7434d10b8a5b40fc04786bb,298598,299622,True,\n,False,ོ
I23323023,new,7babd39ab5664ce586fcd7758fd54518,151,159,True,\n,False,ི
I23323023,new,3f8a7455af5f4f818d93c798923c7e17,1707,1744,True,\n,False,ས
I23323023,new,7192ef49c6ac46f5acef15446705c2e7,4192,4226,True,\n,False,ས
I23323023,new,5aedf3a496e04162bc9636d219d56038,4552,4723,True,\n,False,ས
I23323023,new,c48318dc85c046c7a4b8f43c8bf05245,5271,5433,True,\n,False,ས
I23323023,new,c55ffb9b731a4c0e8cdf9b9f341fd492,5856,6006,True,\n,False,ས
I23323023,new,f2ae0aa54ed24ddb8a5eb411356a32d2,6196,6417,True,\n,False,ས
I23323023,new,d15af1bad9e44f0c8b849e040ebc9229,6648,6693,True,\n,False,ས
I23323023,new,dc54c75ae2f64d11926e5ea752c320c3,6978,7078,True,\n,False,ས
I23323023,new,50e9e7e127d34055b01499dc0a6c8619,7378,7485,True,\n,False,ས
I23323023,new,2fa5ac86866749598f5d53ac53a50326,7731,7818,True,\n,False,ས
I23323023,new,001f568ab71a4c32aab0548dfbb32987,7976,8144,True,\n,False,ས
I23323023,new,6f45c2a3a97245d69dc234210d83af3a,8869,9027,True,\n,False,ས
I23323023,new,61574d418c24416caaa29477a049a656,9778,9917,True,\n,False,ས
I23323023,new,56ebab5fe9e24c4ebb268ab92797b0ec,10541,10803,True,\n,False,ས
I23323023,new,d87cdd4be10b4dcf9d29834a2d226542,11374,11586,True,\n,False,ས
I23323023,new,e9d6f1fc017747fb87d5fc0a42eabb2b,11672,11827,True,\n,False,ས
I23323023,new,d7bd80d4ad8f4625912173ef75d4d1d9,12138,12227,True,\n,False,ས
I23323023,new,01c21a10182f4a3a84031aa40d86527e,12816,12913,True,\n,False,ས
I23323023,new,d650a3d01ee240acb2056b35fb280957,13215,13295,True,\n,False,ས
I23323023,new,ce88cc8486464b6590ca79f836e1fe7a,13916,14025,True,\n,False,ས
I23323023,new,20c4d29793f943f6bebc5ad14d556630,14206,14277,True,\n,False,ས
I23323023,new,a271d202eda84fd7a77f00a44165e4dc,14673,14767,True,\n,False,ས
I23323023,new,bbf32fef47b749bba4460d32844a8a67,14922,15044,True,\n,False,ས
I23323023,new,149282c7f0694212be763c40347685b9,15497,15738,True,\n,False,ས
I23323023,new,8a2ce490839c4c37851d0a4c3e6c0918,16222,16354,True,\n,False,ས
I23323023,new,9b24b26d83b340a18e59f2c2f302c675,16648,16747,True,\n,False,ས
I23323023,new,a7948cd012eb4d01b13c1b875423f86b,16854,16899,True,\n,False,ས
I23323023,new,606f340ed13f4bb5a66cc994fa142c84,17100,17187,True,\n,False,ས
I23323023,new,3cfff14dad104c2d8b3ae160b46bd245,17328,17438,True,\n,False,ས
I23323023,new,799866589dfc4b59aae79bc63a277cc8,17541,17773,True,\n,False,ས
I23323023,new,17a95662cef34961beeff62ecb8fefa8,18134,18315,True,\n,False,ས
I23323023,new,b00825e6093a47dba666bde01ae4f3ae,18679,18747,True,\n,False,ས
I23323023,new,f7be9d2535ed40c990978b8b09051a92,19118,19469,True,\n,False,ས
I23323023,new,ea80a720ae85484a8cea1d9d2e71bd04,19562,19705,True,\n,False,ས
I23323023,new,6e8e6b6920ae40dc9f04fe8229e96e7c,20132,20212,True,\n,False,ས
I23323023,new,ef21e1b1f1484e7a91b713df4ab426ff,20400,20638,True,\n,False,ས
I23323023,new,b4c3c17fb14a47c99e7a3dfd2116d3d6,20806,20938,True,\n,False,ས
I23323023,new,66a7af6bf7ed45679d3df436f8d67a2e,21227,21299,True,\n,False,ས
I23323023,new,2ca41bbc655a48e798a1b5b37537424d,21432,21520,True,\n,False,ས
I23323023,new,3449288a2e8e4bb6b13cec8b1396da87,21808,22034,True,\n,False,ས
I23323023,new,664adfdb2eee4192b6a2068b9f08001b,22210,22327,True,\n,False,ས
I23323023,new,2e06a29771ca4af2a62235dea1a56509,22391,22547,True,\n,False,ས
I23323023,new,33e952c873ee4790acbc0e975c0aebf0,22873,22914,True,\n,False,ས
I23323023,new,3dcfeccfcbfc4ba6a1330152867efe2e,23178,23285,True,\n,False,ས
I23323023,new,54b8343dd21a42cab89111d11b8953a1,23464,23563,True,\n,False,ས
I23323023,new,b598fea1ee4e4414a0d682db2b9159a9,23939,24092,True,\n,False,ས
I23323023,new,2874b7b5355e4cd08437f23996cb0a18,24527,24560,True,\n,False,ས
I23323023,new,f2363bb5d62c47528317a368e4e10479,24900,24973,True,\n,False,ས
I23323023,new,eafb92ab42234cda99736741b67e29ea,25119,25292,True,\n,False,ས
I23323023,new,ef93b8beaff142ff91ffc87a670c26fc,26340,26386,True,\n,False,ས
I23323023,new,7e6cedd95fcd497bac3f54655f27b6f5,26420,26510,True,\n,False,ས
I23323023,new,47cd83e8f15f4d50bb2eff25aad6ab2e,26666,26744,True,\n,False,ས
I23323023,new,b86898efd07e400d9c89d845b39ebb59,27105,27142,True,\n,False,ས
I23323023,new,e01100fc95d148ae8938042b0a4ae2f2,27391,27460,True,\n,False,ས
I23323023,new,28623d7295c34009bb054ae497b3091e,27918,28008,True,\n,False,ས
I23323023,new,73fab99f94ba4df2834317e6a6c6a0cd,28301,28432,True,\n,False,ས
I23323023,new,d5839bd6a1be4b7cb2be4ab884b50849,28675,28741,True,\n,False,ས
I23323023,new,63e0ac8f4e5d40dd91c2e61632bd9a3c,28971,29055,True,\n,False,ས
I23323023,new,a811dab0984f40c38a7026cc67343c6e,29178,29366,True,\n,False,ས
I23323023,new,83c33c6bcf9946cc9c8aea54fd1c04b9,29786,29844,True,\n,False,ས
I23323023,new,87fbfd5b624c4a8294f00440d7cc8ad4,30022,30230,True,\n,False,ས
I23323023,new,f4bb3978bd854cf8b63bc54132fe257c,31111,31160,True,\n,False,ས
I23323023,new,bd5f0b0e9f434fa6a46ebd3a6734fa62,31444,31546,True,\n,False,ས
I23323023,new,e946de3e32104c588bbb74fd54830fc3,31731,31787,True,\n,False,ས
I23323023,new,0421311343ef4309be5213d2e7dc16e7,32371,32491,True,\n,False,ས
I23323023,new,d1bb822749714f07b0902b43299eb90e,32702,32882,True,\n,False,ས
I23323023,new,bfd978e7b20341f1b499a3d229c97d69,33059,33326,True,\n,False,ས
I23323023,new,4c89007664f344069b89376863a352bd,33966,34070,True,\n,False,ས
I23323023,new,6ffc4f97dc8b4e8bb648c27f31e763be,34349,34431,True,\n,False,ས
I23323023,new,ba4c3cf205ce480498934134d9a962f7,34547,34617,True,\n,False,ས
I23323023,new,b01bc4f92b0a4a90a720181befd19276,34787,34845,True,\n,False,ས
I23323023,new,9e3956f7ca574ac89a91da24a9aa1866,34891,34984,True,\n,False,ས
I23323023,new,7e0338494bed4aea8f63edf61cf2cc10,35283,35374,True,\n,False,ས
I23323023,new,8e076aefe4384c8994bde24413b9cdae,35389,35445,True,\n,False,ས
I23323023,new,fab9550a3ba24b589114100f7751cb8d,35573,35651,True,\n,False,ས
I23323023,new,8b4d92ee37694adebaf19fbc65ba9baf,36293,36404,True,\n,False,ས
I23323023,new,c46b7b7823f9412fad08baf30066d86e,36822,36955,True,\n,False,ས
I23323023,new,9513fcf5660a4db9b91a52fd9c76ba7b,37367,37450,True,\n,False,ས
I23323023,new,426f2293dfd9409fa2696cdaff6964a2,38490,38607,True,\n,False,ས
I23323023,new,070af64ebfcd481bb4946f89f7c98c3f,38753,38831,True,\n,False,ས
I23323023,new,8c35a590020a44e7a692e5c6a014fe99,38886,38998,True,\n,False,ས
I23323023,new,6436046ae1ce4b8ca4ba6e45342dc925,39328,39460,True,\n,False,ས
I23323023,new,5dc269d741b74afa8c543f3732174da5,39971,40113,True,\n,False,ས
I23323023,new,ca8215c9e61547699c452502bad2e0cf,40359,40456,True,\n,False,ས
I23323023,new,d3846c8d1c7a4d51b2e3b4a4a9a6811a,40708,40781,True,\n,False,ས
I23323023,new,c37d902ebef04b189bedae6d46647605,40944,41018,True,\n,False,ས
I23323023,new,2b44742353be4678afe46fb716373efa,41386,41480,True,\n,False,ས
I23323023,new,7191beb5453945058b6548d6a427486c,41676,41775,True,\n,False,ས
I23323023,new,0f3942d874514db9ad19119995337a2a,41842,41941,True,\n,False,ས
I23323023,new,9c86d83443da41328db039a302278ebb,42009,42127,True,\n,False,ས
I23323023,new,45f739b31ccd469496f9c49757160b15,42251,42327,True,\n,False,ས
I23323023,new,342dc9ee43014936aa234be9bc70ecf1,42436,42590,True,\n,False,ས
I23323023,new,c8b2e2e36151437abd04c694437a95eb,42801,42866,True,\n,False,ས
I23323023,new,da2d5fcb8a1a4956be3379ad6f9e3e93,43015,43112,True,\n,False,ས
I23323023,new,75dc630e58f64213943b6308d1b61566,43197,43390,True,\n,False,ས
I23323023,new,b9b204cc71c84583a0d5aa2ac2c87951,43494,43552,True,\n,False,ས
I23323023,new,6ceeab11443a425385d60aa9888c2456,43945,44022,True,\n,False,ས
I23323023,new,12758b591e5d4e86bf4169525114d5f4,44737,44908,True,\n,False,ས
I23323023,new,030f39e36c814c65b1fce2925109beac,44992,45102,True,\n,False,ས
I23323023,new,b25f4dabc7c04e6aa8974ace5c3f4938,45577,45667,True,\n,False,ས
I23323023,new,c7bc2b0ff0b14d75b77fcb9b3a0bfc02,45796,45932,True,\n,False,ས
I23323023,new,259b97017dbb488d8aa1b03cf478af87,46135,46206,True,\n,False,ས
I23323023,new,74c45bf5f2774d14a1e20542d958cc95,46305,46387,True,\n,False,ས
I23323023,new,46ab44b8b1e04fd68697c36741f4404f,46783,46871,True,\n,False,ས
I23323023,new,132b0d23bdf64f2b9679f903a16832ad,46970,47040,True,\n,False,ས
I23323023,new,3111e5ebd9e04e56af448367220d5468,47186,47255,True,\n,False,ས
I23323023,new,5fc1b5e3e06d4d9987779cf603e047e2,47621,47753,True,\n,False,ས
I23323023,new,5f5be74f00b740acbdf0c727d271c62e,47844,47884,True,\n,False,ས
I23323023,new,47bea2690a884e6985282c099838efba,47956,48113,True,\n,False,ས
I23323023,new,4fc979b52ca44fe8b1a16b8197a1097f,48576,48678,True,\n,False,ས
I23323023,new,1c54b26b13d442f2a4c70e0f6b17bc9f,48869,48990,True,\n,False,ས
I23323023,new,a952e0b1b3994a7db4f90729dad2fd73,49125,49234,True,\n,False,ས
I23323023,new,fa797435937748ea82b1bfddf3b3d66d,49487,49648,True,\n,False,ས
I23323023,new,f9fadec90cee41bea5df7bba40377885,49971,50071,True,\n,False,ས
I23323023,new,ff4c09d00aec4324983be8b1832a6670,50196,50324,True,\n,False,ས
I23323023,new,b3584165a3904bf39ecc84d4c6cb2b8e,50902,50994,True,\n,False,ས
I23323023,new,8394a048d63f46acaecd0aa964eff36a,51350,51444,True,\n,False,ས
I23323023,new,7e46da32cba14e2da7bf3fd475f32720,51869,52030,True,\n,False,ས
I23323023,new,e29f6035834e4c969a3de65d01eb5884,52140,52321,True,\n,False,ས
I23323023,new,872c175ffabe43b78e48baa5d74e39dc,52767,52888,True,\n,False,ས
I23323023,new,79f0a9a42e724b168db0718cba119e8b,52997,53174,True,\n,False,ས
I23323023,new,a08550a50bec47ddbf640345d09052d2,53307,53547,True,\n,False,ས
I23323023,new,752481ed20eb42c78a02a2ff86327490,53949,54075,True,\n,False,ས
I23323023,new,9f9a0a0d723d4579934753214e2b8430,54250,54591,True,\n,False,ས
I23323023,new,2e1aabe4eb7441478e96ba196c7ff34d,55423,55518,True,\n,False,ས
I23323023,new,565013285ce04e4998efedb947c261b2,55642,55738,True,\n,False,ས
I23323023,new,cd255614b60a4c1ca791100bba0241ce,56186,56359,True,\n,False,ས
I23323023,new,6345535a32184d90bdd2ea135de568a7,56711,56745,True,\n,False,ས
I23323023,new,b2815408063448e3a4d91b80f30997ea,57144,57212,True,\n,False,ས
I23323023,new,4364b69dc07e46f7af5506cbabb7d6fd,57391,57486,True,\n,False,ས
I23323023,new,f8791d0b02a24032899d364d127cf6cb,57988,58108,True,\n,False,ས
I23323023,new,3561be6c0e704aca85f974c1e994ef10,58371,58452,True,\n,False,ས
I23323023,new,7fcf8100d23b4f6db0253382ceffe038,58574,58670,True,\n,False,ས
I23323023,new,090481f8f3da466da4019a40b5305f71,58774,58896,True,\n,False,ས
I23323023,new,725a1193ba1a47d48dfaa314e9f85d1f,59000,59182,True,\n,False,ས
I23323023,new,5d410edae01e4439a1a103eca3af8abc,59423,59674,True,\n,False,ས
I23323023,new,e2caec834265427fb2a8300a5c198519,60481,60584,True,\n,False,ས
I23323023,new,eaf40060c13d476899b12a883e8844dc,60754,60833,True,\n,False,ས
I23323023,new,61150a53268e4565acd32596b91555db,60974,61202,True,\n,False,ས
I23323023,new,402e34a8bad5487f8c1a1d70dea95c72,61723,61801,True,\n,False,ས
I23323023,new,20a54315d67a4831bf20b4e2477cb719,61853,61986,True,\n,False,ས
I23323023,new,83c0f6d6752e4a9399576fa8346ed4ed,62121,62218,True,\n,False,ས
I23323023,new,65546701cca84b68bab566323a63fab7,62589,62643,True,\n,False,ས
I23323023,new,b5fb3282ee674382a34a77b334f001ed,62805,62890,True,\n,False,ས
I23323023,new,748cc685558748fd8e96ede88add6b08,63029,63164,True,\n,False,ས
I23323023,new,abfb72ecfd274f8aa84deeb8412b23b2,63277,63332,True,\n,False,ས
I23323023,new,5e90cb3132d1490c8b2d6b78c3bec9d9,63419,63495,True,\n,False,ས
I23323023,new,c5f8e235842f47b2afddeed6d0bbcf88,63684,63732,True,\n,False,ས
I23323023,new,51c33a1c0feb420398ea2a449d084099,63948,64093,True,\n,False,ས
I23323023,new,b852eadcea914421b48e349252f2a0b2,64273,64406,True,\n,False,ས
I23323023,new,b6f7e04cff8f4a72b140cb7d19fd7232,64782,64913,True,\n,False,ས
I23323023,new,3d1f3b65af5647ccab62221c676587af,65095,65262,True,\n,False,ས
I23323023,new,458744d7cf4a4109a97f966f48f043e5,65421,65498,True,\n,False,ས
I23323023,new,15ae9cf183ad485a8dfcf1b7a731a627,65567,65653,True,\n,False,ས
I23323023,new,bedc64c0406a41db97dd7d5452ba43b0,65977,66089,True,\n,False,ས
I23323023,new,9982ecd16d1245a2b297b6fa42bb9ac7,66178,66352,True,\n,False,ས
I23323023,new,d123ddb0a6e946a1b99c3bdcb2600255,67350,67434,True,\n,False,ས
I23323023,new,5da7733583764ead99442d06ac62eb33,67672,67789,True,\n,False,ས
I23323023,new,03d4c78e7c904293b86a45a8e5fe64ab,68030,68101,True,\n,False,ས
I23323023,new,5bc6b14e884845b1958ab18a97bcc779,68447,68547,True,\n,False,ས
I23323023,new,f7cd0ecf209d4637a61cc035aeb2efd0,69264,69381,True,\n,False,ས
I23323023,new,b224e510f369480690c0b8fd59c8aaa7,69522,69688,True,\n,False,ས
I23323023,new,1e6dfb3bb6164d4f89bdcf8990c8a7d9,69770,69872,True,\n,False,ས
I23323023,new,2bce14ecadc14acfbf9eea627603ad9f,69971,70069,True,\n,False,ས
I23323023,new,5c9cc25082394eb3b3033cf1710e9bca,70255,70375,True,\n,False,ས
I23323023,new,1644811727674e1cb7d415a9de43372e,70683,70865,True,\n,False,ས
I23323023,new,e8ae91dc8ffa4385b63fe57acbe91b7b,71175,71314,True,\n,False,ས
I23323023,new,144ecac609be4609b53affda27459eb4,71422,71554,True,\n,False,ས
I23323023,new,31640c69566141aab975b538aab0f0ec,72061,72320,True,\n,False,ས
I23323023,new,cd1a44a60b56402aac4cdc08c81c9da3,72799,72890,True,\n,False,ས
I23323023,new,8ee87e94d68f4f8495223635ebfde08b,73047,73190,True,\n,False,ས
I23323023,new,c848e2c386d94dfc8ca2e04290e83c45,73549,73831,True,\n,False,ས
I23323023,new,6485389c00da4eb58c9e06cbef70c231,74365,74629,True,\n,False,ས
I23323023,new,2f71bad229ae42e2bb34a940c7f6afab,74940,75071,True,\n,False,ས
I23323023,new,3051692ea0ee484faeef96b80ba6a639,75663,75826,True,\n,False,ས
I23323023,new,aacba6062902448cab9ff65b8408da97,76087,76182,True,\n,False,ས
I23323023,new,15c049f6632247f4adc93353669915ba,76577,76688,True,\n,False,ས
I23323023,new,afbe653f4b8e4c4984347cdb00ab8f6c,76966,77093,True,\n,False,ས
I23323023,new,6bd09c877af44ace8627fa41c2b67153,77428,77542,True,\n,False,ས
I23323023,new,d8243df84b5a436593351b58907baa1a,77944,78073,True,\n,False,ས
I23323023,new,615eed8ffa3e479188e8730359ef6fdc,78626,78715,True,\n,False,ས
I23323023,new,40d179dac0f74d2998d3cd9a6a48bcad,78824,78999,True,\n,False,ས
I23323023,new,7f15ae7f179a4b71abe53d2326c62246,79127,79191,True,\n,False,ས
I23323023,new,8d7111306e43455cb94a286fd345ae7f,79440,79617,True,\n,False,ས
I23323023,new,bffc08c5d48d46d496882aa3c34f1b27,80183,80225,True,\n,False,ས
I23323023,new,7446172d3d274297819751b3e7acf3dd,80385,80449,True,\n,False,ས
I23323023,new,05c385d68f3848a18e102e2738f5adc2,80506,80587,True,\n,False,ས
I23323023,new,c86527e3b03a40c5ada042703cc55164,80670,80790,True,\n,False,ས
I23323023,new,d07d7d8617624428942de1577398097a,80916,80954,True,\n,False,ས
I23323023,new,242cf4eebed34dc79279c97678ed7613,81693,81839,True,\n,False,ས
I23323023,new,3bcfdd108b2c40cda554d46e24a46985,81905,82051,True,\n,False,ས
I23323023,new,e290f43a9e2c4a358a1d90df4affcfb0,82750,82979,True,\n,False,ས
I23323023,new,2591a8c2c6a8459fa2f29dd63474d3e7,83330,83432,True,\n,False,ས
I23323023,new,1b2798a88c00410b852145660c89eba5,83645,83774,True,\n,False,ས
I23323023,new,15e62af057a2460a96be6ce5e2902546,84917,84967,True,\n,False,བ
I25463E37,new,1a90965c7cbe4bed9289cf70d130cbcb,526,545,True, ,False,ལ
I25463E37,new,9f4272b6d8644d0c873b9ed5024ecc3c,1421,1439,True, ,False,ལ
I25463E37,new,95da9d101dc84899b0ef57b8fef4d525,1635,1655,True,་,False,བ
I25463E37,new,20018b00597d4491b65bbc80c349e52e,1999,2022,True,་,False,བ
I25463E37,new,7d2a98cc52e94fffac97205a8cf44d42,38630,38660,True,\n,False,ས
I25463E37,new,87c2220cfb7f4872ab779aafa3106462,38838,38859,True,\n,False,ན
I25463E37,new,da732cc32f594871860876a22e603ab3,50143,50150,True, ,False,༌
I25463E37,new,a09a9426dba44e71a6e3ebcc416ea28b,75786,75800,True,\n,False,ུ
I25463E37,new,10af0c0f2a7343fd998d3e794a7f7be5,80628,80658,True, ,False,ས
I25463E37,new,c1b4d2171e464b59af604593d0c5da19,128707,128743,True,\n,False,༌
I27E347E9,new,5c5116c9e6454a2fac974cf21c19853a,23361,23446,True,\n,False,ོ
I2EAAF38A,new,285a919ad8f84c02897230e669ce3416,18342,18412,True,\n,False,མ
I2EAAF38A,new,4f94954ffa8a43bd9d4c5284e0817c04,35270,35392,True,\n,False,ྱ
I319DAFF7,new,52a151a520f846e5acf8dc7d2c6a58da,686,727,True,\n,False,མ
I319DAFF7,new,e5e39737545c4b0a80e6ec3a65167850,729,963,True,\n,False,ལ
I319DAFF7,new,d477f01c40ad4d7abc309c65a58c2157,6164,6189,True,་,False,ས
I319DAFF7,new,4e92064c242044cfa5f590478fa489b3,6240,6276,True,་,False,ས
I344D2A4C,new,c001e1401c42469d90b86ea1bfb136ab,1298,1364,False,(,False,ན
I344D2A4C,new,56344384a3df492b941f4eec8901a465,7460,7507,False,(,False,ན
I344D2A4C,new,128a7539e8cb4d90953b3f9984e8341f,8062,8128,False,(,False,ན
I344D2A4C,new,6d14fae1067b4271a44d078f50379fe6,12175,12181,True,།,False,ག
I36A7A668,new,0c67ef41387f4498b31bc1d07e36d0e9,4244,4288,False,(,False,ས
I36A7A668,new,198d67ee1eb24932a56ce99a9cf097d7,4311,4358,False,(,False,ས
I454D2699,new,be88818fd1d648b78da7e74712376bd3,16406,16551,True,\n,False,ེ
I454D2699,new,88121fefe2fb41d6b1d2bc3a261b1501,32795,32841,True,\n,False,ེ
I454D2699,new,1c876cb950db44d8b29bbf642e785eb9,32879,33166,True,\n,False,ས
I454D2699,new,1f3447a9a7a14468974712b6fdb86e3d,36290,36501,True,\n,False,ལ
I454D2699,new,921386d8011a4e8f84ce9ff9cd0e7cbf,43752,44295,True,\n,False,ས
I454D2699,new,43768f1d0aa140f9bb4f2a1dda9c63d6,45662,46087,True,\n,False,ྱ
I454D2699,new,d5cf5ddd9a954f66996302d9097bc743,47104,47139,True,\n,False,ི
I454D2699,new,42b7977dbc544fbf9b448ff29d3075c1,49274,49417,True,\n,False,ལ
I454D2699,new,31ba5613dd89409aae3cd59fc5346441,49570,50076,True,\n,False,ལ
I454D2699,new,55d93ac462084605b2b482ebbdbe8165,53428,53494,True,\n,False,ས
I454D2699,new,2d3958e9eba8447ba3eca39e65f27c1a,55722,56187,True,\n,False,པ
I454D2699,new,3baa95674e8c4f75b507e5716a09bc44,56294,57404,True,\n,False,༌
I454D2699,new,c2e1a5e765f944c8a791e7377ee02ef3,58969,59258,True,\n,False,ཱ
I454D2699,new,160b096fe2804bbfaa3c461e0e06e625,59260,59293,True,\n,False,༌
I454D2699,new,212e42df99e64233bcd1fb39e2496c72,59430,59470,True,\n,False,ལ
I454D2699,new,967ecddc43ac4ce99c7a8d7903aa8f2e,59813,59898,True,\n,False,ས
I454D2699,new,97f7316c0c624d9cb076652ed3a4dcf6,60349,60401,True,\n,False,ི
I454D2699,new,950d1e6432d94fc1a8dc1e432afb7d8f,70864,71727,True,\n,False,ས
I454D2699,new,e19b8281c8744366b4e9c63b59b53978,77923,78142,True,\n,False,ས
I4B1806B4,new,bca8a32c83b4476ba69dd87df56a8809,8989,9056,True,\n,False,ས
I4B1806B4,new,9fba442a7ca54847bc5380b6143e450c,28346,28439,True,\n,False,ན
I4B1806B4,new,7ecc61ca5eb54ddf8423776b25e3ad64,32335,32453,True,\n,False,ི
I4CAE7B8B,new,adbd6ae2a3764757af18c7046738e4c4,7162,7213,False,༼,False,ས
I4CAE7B8B,new,db1f5696fa5a4865a152d55b61995fbd,10050,10154,True,\n,False,ོ
I4CAE7B8B,new,e48775ec60a54576a5b43fb5c7253781,111103,111124,True,\n,False,ུ
I4CAE7B8B,new,d3467c2190aa48149a59052b3aad31cf,179913,180070,True,\n,False,ག
I4CAE7B8B,new,c0a1479502e34cb88b96ee2a23c0b15b,219415,221091,True,\n,False,ལ
I4CAE7B8B,new,97ae9115260f477d92e52c34dca4f30e,232499,232993,True,\n,False,མ
I4CAE7B8B,new,4154c97f35654384821453f0e0650254,235974,236301,True,\n,False,པ
I4CAE7B8B,new,98ed7b9ccfe740448484d56d956e6107,238582,238756,True,\n,False,ོ
I4CAE7B8B,new,81c7a2c8b2ad4909b7f6e6d29164c68e,239793,239833,True,\n,False,ོ
I4CAE7B8B,new,c9cb1d3b12964475acfa8d51708dfc35,240933,240987,True,\n,False,ལ
I4CAE7B8B,new,6276ba8b30de45a29d203984dbfedad2,241191,241735,True,\n,False,ས
I4CAE7B8B,new,9db2525c24c84b8fb60919fc3ef536f7,243969,244735,True,\n,False,ོ
I4FD99A33,new,8ef7967c1ed8415283ea00a934ebc28e,33279,33510,True,\n,False,ས
I4FD99A33,new,24724f515d56470aa50d776882f79846,164641,164665,True,\n,False,ག
I4FD99A33,new,c9629903ff464e8f8d7bcc5b39f52f44,172999,173027,True,\n,False,ག
I4FD99A33,new,bd736925e9954c1893f41bffb00dde3c,180976,181002,True,\n,False,ག
I4FD99A33,new,5788dc816aed4fc0afe553d8272217fe,182184,182202,True,\n,False,༌
I4FD99A33,new,cee77d5d68464d06951e531dcedff47e,182352,182371,True,\n,False,ན
I4FD99A33,new,d73afb4ca6744a00adb120e6be3cb88f,182634,182647,True,\n,False,ད
I4FD99A33,new,6634244548f643258f4e8a4ab6d7e300,182860,182872,True,\n,False,ས
I4FD99A33,new,5310254252074b23b13e9895324c22c6,183106,183118,True,\n,False,བ
I4FD99A33,new,e3b61ded73e54b1ba115058cc6945682,183255,183275,True,\n,False,ོ
I4FD99A33,new,60e87b00aecb4affb76630c7288673b3,183426,183448,True,\n,False,ད
I4FD99A33,new,123e79399d324957adc5e37586f05b61,183697,183710,True,\n,False,ྱ
I4FD99A33,new,c3bcd7021cfb4e5695633bad1337ef34,185061,185078,True,\n,False,བ
I4FD99A33,new,1a4701b542554fa6886bc38c087c872c,190176,190188,True,\n,False,ྱ
I4FD99A33,new,24e5713c8b3d4200a16b86416452546c,190855,190869,True,\n,False,ྱ
I4FD99A33,new,596ecd5903a84e298ae99a0f5e65aa4d,190986,191002,True,\n,False,༌
I4FD99A33,new,20c6df70b0604bfcbcc53b0abdda9280,191485,191496,True,\n,False,ས
I4FD99A33,new,a7e6c7a8f1104a4cafec401e89402e11,191781,191795,True,\n,False,མ
I4FD99A33,new,1f2c2a775ccc4507b52dd69ddcb512a1,192124,192138,True,\n,False,ྱ
I4FD99A33,new,60e696ef8d95411eada5211fb6874df3,192221,192234,True,\n,False,ད
I4FDF07E7,new,ba5851478b4149b7acdff957794047ae,9671,9677,True,\n,False,ཾ
I5048861E,new,2dc126be43614f98ba2cd562f555318b,26649,26674,True,་,False,ས
I5048861E,new,dd55eb7705544bd99d8a97c3e9f57bb8,26725,26743,True,་,False,ས
I5134B437,new,babbc6ae8c76437dad80ffe2e6b4ec02,5866,5921,True,\n,False,ན
I5134B437,new,9d1032abf217485d8915155fb630e222,10061,10127,True,\n,False,ལ
I5134B437,new,52353e530df84b3f943b312965f155a9,11032,11116,True,\n,False,ི
I5134B437,new,5c0e86e200ef4279858e1ffa3f17a74d,14155,14225,True,\n,False,ལ
I5134B437,new,0d22a3fa1fa1464c9782980e80364508,18984,19039,True,\n,False,ི
I5134B437,new,02e4ddc0cd5f4255b7d5a3a10ffee1e0,22682,22748,True,\n,False,ི
I5134B437,new,d6435adbe7214998beba1504f059df61,23865,23931,True,\n,False,ི
I5134B437,new,4898283daf074840bd844c813126d141,27827,27894,True,\n,False,ལ
I5134B437,new,662660abb7174fdd8909e024827a7a09,29207,29273,True,\n,False,ལ
I5134B437,new,e3557df7c301439e8b66463dcf4f9a8b,30685,30747,True,\n,False,ི
I5134B437,new,d6938243e6354855b8d550024b5a58f5,33499,33561,True,\n,False,ི
I5134B437,new,47a9e389caac44f283feb1d885c4e607,34844,34907,True,\n,False,ི
I5134B437,new,59fdcb7aed434e74bc83842a3a9269a2,36930,36972,True,\n,False,ི
I5134B437,new,07344c1277e544069192da806aeaee91,39753,39795,True,\n,False,ི
I5134B437,new,3e73f7a2612e4bf791712a0253332511,42923,42969,True,\n,False,ད
I5134B437,new,947426df1ea2459492b7c1fa951c7100,45529,45587,True,\n,False,ི
I5134B437,new,d53b562e0a5744999fea0fe40c13a324,46699,46762,True,\n,False,ི
I5134B437,new,20145cc868804f3bb9280809dc67b5c0,49163,49224,True,\n,False,ི
I5134B437,new,8338d66a0a884e31a918a171ad43a0d1,52049,52124,True,\n,False,ི
I5134B437,new,b08ca66b34644d65ae8716a71f8aec23,53738,53785,True,\n,False,ི
I5134B437,new,05ed3eb0cb7346698f9be251c388c48f,54856,54910,True,\n,False,ི
I5134B437,new,070ce997c5d547809a39713126813a6b,57629,57676,True,\n,False,ི
I5134B437,new,145b6784c40a4d76a8fff3661670543a,58751,58827,True,\n,False,ི
I5134B437,new,823703b1fb5341f9b81e99134f80fb67,60367,60434,True,\n,False,ི
I5134B437,new,9f6e33a81af8488490b3eeb01e42c548,61112,61163,True,\n,False,ི
I5134B437,new,f9726268919c4eaa8bfe6b40da9db080,61836,61906,True,\n,False,ི
I5134B437,new,c62305e5740742b9baa824e77f3d238a,65920,66018,True,\n,False,ི
I5134B437,new,2c6b3f3258b44f5cbc1cd75f6bd55d43,67397,67486,True,\n,False,ི
I5134B437,new,54fcedaed95248a9a98ce6f9baa81895,68643,68699,True,\n,False,ི
I5134B437,new,5f4c2f6e73a3414e8dc1668594c19939,70883,70959,True,\n,False,ི
I5134B437,new,c456c4f08f624494b0244a033847ee92,72801,72859,True,\n,False,ི
I5134B437,new,c09a482ce896425eb3efe29acd3390bd,74285,74356,True,\n,False,ི
I5134B437,new,b5b6510a5e7046d69cc8ca5945817fa7,74853,74905,True,\n,False,ི
I5134B437,new,dcf3c5a81c46459aba167ea21aef0e72,75510,75541,True,\n,False,ི
I5134B437,new,d4886752e8da446ea8a8a885ba19a0b1,76646,76701,True,\n,False,ི
I5134B437,new,a40c52cd24924394b50d403523546c2f,77223,77283,True,\n,False,ེ
I5134B437,new,d44e1367d7364bffa1388b933357177c,77843,77901,True,\n,False,ི
I5134B437,new,b422e65ad67145f0b7be11ef44442df7,81753,81822,True,\n,False,ི
I5134B437,new,9a02be12a0d4486f953d16d35b7b4015,82578,82620,True,\n,False,ད
I5134B437,new,c574b4e544094c5ba7416650b9a88455,84077,84127,True,\n,False,ི
I5134B437,new,02c3c5c2e65349858aeab567797f4bfb,85030,85093,True,\n,False,ི
I5134B437,new,8282f1b76184425ea711733947a893db,85727,85794,True,\n,False,ི
I5134B437,new,19e344aa4e05454f819dbc5b775aaa67,87389,87453,True,\n,False,ི
I5134B437,new,8b4c4549a861410e93e41e0bf16ba97d,88308,88369,True,\n,False,ི
I5134B437,new,ab7eecd6bd874d9ca0cc9d3eeea48b4f,89477,89542,True,\n,False,ི
I5134B437,new,03a4edf27bf1421aac751b53489138ad,91585,91624,True,\n,False,ི
I5134B437,new,d88e239efdbf4916afc738cbcd6dcf7a,93629,93684,True,\n,False,ི
I5134B437,new,d5fc111480d84a908eddd17c75d945f9,97363,97426,True,\n,False,ི
I5134B437,new,08f8a67fd9b64087bed645401c067857,98609,98674,True,\n,False,ི
I5134B437,new,01964f91aeda40dc86dbefc9803ab138,100271,100331,True,\n,False,ི
I5134B437,new,e6151528013d4f878c18312ed61a04e8,102243,102286,True,\n,False,ི
I5134B437,new,74b138b169534a158e4417361eb6c09b,103455,103499,True,\n,False,ི
I5134B437,new,149b9429114d4e7c8a20f7c233ebab42,105387,105447,True,\n,False,ི
I5134B437,new,e1377bbb926c41c4a690139e84cf2b9c,109118,109174,True,\n,False,ི
I5134B437,new,13d2b2b665e547378c5c4918887ac1a7,110018,110091,True,\n,False,ི
I5134B437,new,7219f6f3f4c94515b5d8a0c7d40ad5ce,111039,111098,True,\n,False,ི
I5134B437,new,d7a00f88fa1a4acabd7a2550917a7948,112287,112347,True,\n,False,ི
I5134B437,new,544f3252a48545639b8428dd24913d80,112984,113056,True,\n,False,ི
I5134B437,new,8428548a48fb44f387ed82f9721172ee,119652,119709,True,\n,False,ི
I5134B437,new,d9460195e85e4807af6e7b60d62186f2,120579,120642,True,\n,False,ི
I5134B437,new,25fc95edebbb43cbb6bf281fb013cd26,121042,121093,True,\n,False,ི
I5134B437,new,7f2908a50cbb468c903c58c7b807aa3b,122623,122675,True,\n,False,ི
I5134B437,new,097608e1489f4b8e8bd8bcee5a5183ee,123214,123247,True, ,False,ན
I5134B437,new,50b4a0e60610435480a0a6f9f3d6218a,124051,124113,True,\n,False,ི
I5134B437,new,0fbd163487ea490f968de7543ff029fe,127166,127227,True,\n,False,ི
I5134B437,new,5fd3e01cf4a148cd96d108cb6e8f681c,130157,130224,True,\n,False,ི
I5134B437,new,46ae811d6caa4f06b649e2eab9ac5ebe,134957,135008,True,\n,False,ི
I5134B437,new,1cf980ee2fe8405582b4b96623de6f7b,135769,135824,True,\n,False,ི
I5134B437,new,8ae317616c6e48babb360d727b4ad3cb,137604,137657,True,\n,False,ི
I5134B437,new,fb9da032468941cbb2c8975faa32b357,139207,139261,True,\n,False,ི
I5134B437,new,96465da41d5a431e8ba6c77f5ed30f4e,141522,141583,True,\n,False,ི
I5134B437,new,9e7467635c0b43339be66084a58a3690,142896,142953,True,\n,False,ི
I5134B437,new,9dc724dd3dc34a1c9d3e83e9c2b2db59,147576,147636,True,\n,False,ད
I5134B437,new,91e7a8c09fc142d2aab82b4c7d9ad72f,148937,148985,True,\n,False,ི
I5134B437,new,05ecda81e46d45e899e1407f43f78647,151141,151209,True,\n,False,ི
I5134B437,new,0a058876daba4c319359726404e6ccc8,152130,152183,True,\n,False,ི
I5134B437,new,cba8f22fecf444d28046bbea281dd7fa,153841,153901,True,\n,False,ི
I5134B437,new,d0f5e3cfd26e40198597bd74774d41ca,155967,156034,True,\n,False,ི
I5134B437,new,13a11a8d6d564bdab018f2fbf7edde79,157170,157232,True,\n,False,ི
I5134B437,new,244cc831cdbb4585a56a1b7c6a50d239,159792,159855,True,\n,False,ི
I5134B437,new,ebf82c66678b4aa08f85ae8ab562ff9f,160958,161018,True,\n,False,ི
I5134B437,new,64ad46f601da45608856db1f84d274b4,161755,161814,True,\n,False,ི
I5134B437,new,e8d4d886a32949ce82d792d9e9518324,163207,163257,True,\n,False,ི
I5134B437,new,e1a13e72b5934c369e5918471c751870,165423,165491,True,\n,False,ི
I5134B437,new,2a7e096a66794403b25621cd4387d7ff,166460,166521,True,\n,False,ི
I5134B437,new,e9d379bfd884454cba4f84262ba2eccf,168384,168444,True,\n,False,ི
I5134B437,new,e57fcbfbc47e4e30b59e55b7f97c6d6e,169146,169212,True,\n,False,ི
I5134B437,new,eb5cdacb65d64508905dc6a84f26ac21,175560,175611,True,\n,False,ི
I5134B437,new,b2448e93b92c4b95b98dc5428b938691,177172,177222,True,\n,False,ི
I5134B437,new,a6e3ebdaa5184b8d98e075ac1cf26197,178904,178957,True,\n,False,ི
I5134B437,new,b50b44049f304cb49d07110f2ddafa37,184506,184567,True,\n,False,ི
I5134B437,new,6bb45dd4ff9f40efb1ac5982521a6aef,186595,186607,True, ,False,ི
I5134B437,new,02db670fdf984e84b07e5d3de4508daa,187038,187101,True,\n,False,ི
I5134B437,new,be74fd0b0a0e405fbff23402d106449a,191272,191321,True,\n,False,ི
I5134B437,new,51ab758d9b734673b873b3fc203770f7,195020,195075,True,\n,False,ི
I5134B437,new,798a49929b7a4b81b529f33a9278f4ca,195602,195656,True,\n,False,ི
I5134B437,new,f573158e5388499391dec2d734978326,197321,197393,True,\n,False,ི
I5134B437,new,c8c5fb36338947409ccd944d3f06c93f,199890,199948,True,\n,False,ི
I5134B437,new,9d2543826a8a4734ac18a429d010b654,200488,200547,True,\n,False,ི
I5134B437,new,4081df063ef2461bae0f15b8dc5b4ed0,201886,201953,True,\n,False,ི
I5134B437,new,d97fcd962f37420fa2148dba0dd89622,203383,203444,True,\n,False,ི
I5134B437,new,759238a429b048aa91d4a71004c8da47,204733,204788,True,\n,False,ི
I5134B437,new,ee26e9ed6cc54641b742cbd6a9277b96,206296,206353,True,\n,False,ི
I5134B437,new,e91dd44c24fd42c38d7eebd372c14668,207257,207319,True,\n,False,ྱ
I5134B437,new,f6f43bed447c411084d00ca49086cbed,209122,209183,True,\n,False,ི
I5134B437,new,3228f163052647b88e876741e3ee2fcf,210673,210737,True,\n,False,ི
I5134B437,new,80d7aaa9c7a94e3b8c4bccf1dc65d30a,211564,211599,True,་,False,བ
I5134B437,new,872d73e925c54d9ca12d8b932c52247f,211607,211643,False,ྱ,False,པ
I5134B437,new,9696c09e9542408cba35d8bc74ebea17,211649,211685,True, ,False,པ
I5134B437,new,7266fd5f26264c39a2b968754d637279,211735,211787,True,\n,False,ི
I5134B437,new,0d7bf5aaa9d54db9bb0a81cddb24fa06,212604,212680,True,\n,False,ི
I5134B437,new,e0331c108ae840c6879a7d95a0ffb816,217986,218038,True,\n,False,ལ
I5134B437,new,c27b8b5f97dc42a6917410d832c9b032,219882,219937,True,\n,False,ི
I5134B437,new,39163cbaa0a5498194f7ffe98ca683a9,220821,220882,True,\n,False,ི
I5134B437,new,ec9613da96af41238e8369a558e17bdb,222986,223049,True,\n,False,ི
I5134B437,new,a5d0722da8414292a40a1c982e689a5f,223810,223887,True,\n,False,ི
I5134B437,new,2b9813dc3a2f4f6cbaf3d0561963ec2d,225402,225465,True,\n,False,ི
I5134B437,new,86a9ec05d0c9486ca42317f6400be882,226511,226579,True,\n,False,ི
I5134B437,new,5e59e72677094811a494a0f85c86f3c9,228851,228905,True,\n,False,ེ
I5134B437,new,2fb6610582b240238347a9ef58844657,229966,230038,True,\n,False,ི
I5134B437,new,dca6e41888634ac0b4dd3f8ac549210d,231709,231777,True,\n,False,ི
I5134B437,new,c55e42c92cdb48c49befed6c6c3672f9,234500,234565,True,\n,False,ི
I5134B437,new,d391f7627f024daab59510dedf320f04,235255,235315,True,\n,False,ི
I5134B437,new,37180012f95144b090c6afef27fa672b,238076,238123,True,\n,False,ི
I5134B437,new,b0bb1ec8d5c54dfc96f670611ca98db3,239908,239973,True,\n,False,ི
I5134B437,new,e84455e8b14344b68eb3c7280df1af03,241006,241060,True,\n,False,ི
I5134B437,new,fa0be8bcaa064c2b9a4db62a288bcb06,241857,241898,True,\n,False,ི
I5134B437,new,79b10e93acbb4bbcac0b71047dbde8d7,242851,242902,True,\n,False,ི
I5134B437,new,a71fc9509ed94a8e8e935edb2e7f6223,247741,247798,True,\n,False,ི
I5134B437,new,bbead5d5238c477a8ca9a0997d8d384c,251111,251159,True,\n,False,ི
I5134B437,new,7dd953f4b6ee47938be01738586641a1,252929,252997,True,\n,False,ི
I5134B437,new,a1085ecbad5f451da8abdb755ad976dc,254762,254814,True,\n,False,ི
I5134B437,new,7790bf6fda524c10b44cf3a6f2782c54,255536,255585,True,\n,False,ི
I5134B437,new,514d5d531ee1434ba3361363fc6b1010,257195,257258,True,\n,False,ི
I5134B437,new,8657861e39034e5bbcfb2fa642b4fbee,258044,258092,True,\n,False,ི
I5134B437,new,8a47237cfc7944dead61eb12d9b35a42,258596,258654,True,\n,False,བ
I5134B437,new,54b6f4e578174cc7b51d3395daf078dc,259596,259663,True,\n,False,ི
I5134B437,new,2cf9afec324b4a27933ca2739c2f584d,260819,260886,True,\n,False,ི
I5134B437,new,e56f41fcae944332bb5173b658d7406b,261698,261781,True,\n,False,ི
I5134B437,new,2e34ed57b1d3441e8fca0fbc7ca275bf,262356,262486,True,\n,False,ར
I5134B437,new,b3a5a04cf2f54e9ea3ca9b8eaad1b45b,262957,263013,True,\n,False,ི
I5134B437,new,3474a725aa4748138ba5236f0a6f5e8e,264778,264827,True,\n,False,ི
I5134B437,new,df9bdd67dea947008777b0491d114302,266003,266063,True,\n,False,ི
I5134B437,new,9c771ced013e4949b8efdf6ea6f0d69a,267374,267425,True,\n,False,ི
I5134B437,new,2fcbc4525ae24995b45bb597b8a1f24a,268029,268075,True,\n,False,ི
I5134B437,new,bd923d133e9d4a1d94bd2ba7aa157a79,268860,268908,True,\n,False,ི
I5134B437,new,5a7c695343d04dadb58cf07e6f2a174b,269994,270037,True,\n,False,ི
I5134B437,new,355dbc4f67e44a1ea93572c905dc863b,271378,271426,True,\n,False,ི
I5134B437,new,4079bb609cc34f00936fe49ea640a24b,272497,272560,True,\n,False,ི
I5134B437,new,8166523507e643328e3cb5eabdd0748e,273672,273734,True,\n,False,ི
I5134B437,new,38fd1b15671a445a961ab74500e8f545,278574,278647,True,\n,False,ི
I5134B437,new,9ad357ccc1484b9d80a4d9995ca8f451,280112,280174,True,\n,False,ི
I5134B437,new,04386f004dfa40d0a64b0287490819a9,281368,281419,True,\n,False,ི
I5134B437,new,db3c18861a0642aaa5a84fea4b8b8c42,282192,282259,True,\n,False,ི
I5134B437,new,5b0c651138944e2e947bb6e4dee7bdf8,283270,283375,True, ,False,པ
I5134B437,new,cbff866796174f19ac197d9baf6f2ba3,283648,283693,True,\n,False,ི
I5134B437,new,18a93c63581c45b59207d902a3ea70f6,284345,284408,True,\n,False,ི
I5134B437,new,a76f9146f17b42f88b239272d67262fe,287634,287701,True,\n,False,ི
I5134B437,new,8ca89e9318854f4e87a720f727589651,288414,288478,True,\n,False,ི
I5134B437,new,517b06fe46994d5faef5e941905776af,288949,289026,True,\n,False,ི
I5134B437,new,574becc61aa947879308425e7aab0b36,289681,289770,True,\n,False,ི
I5134B437,new,7f9c3495d0874fe5b22ad82a25339bd2,290300,290358,True,\n,False,ི
I5134B437,new,d3aac622f0774d39901ad579e6429495,290778,290834,True,\n,False,ི
I5134B437,new,02c97d1e020f443ca1872d83dcee6327,294258,294339,True,\n,False,ི
I5134B437,new,aceb03ed15d24c43860318c37892af07,294794,294865,True,\n,False,ི
I5134B437,new,fa76c4a6e0a04f9a9e0ae34da35b92be,295434,295492,True,\n,False,ི
I5134B437,new,43cda53dffaf45a0b568caf28fd0cd15,295887,295950,True,\n,False,ི
I5134B437,new,78286b46e0b043f7962a319e9f4f8472,296591,296663,True,\n,False,ི
I5134B437,new,4255540b05d145d58b4d9fa7eeaecc18,297057,297120,True,\n,False,ི
I5134B437,new,f874c212f107426daa9d92555f18fd0c,297543,297600,True,\n,False,ི
I5134B437,new,953bd258d8354a878fd44ef64b9bbf68,298458,298530,True,\n,False,ི
I5134B437,new,594e3d179d8848d1b64d37b0646aa1a5,299490,299574,True,\n,False,ི
I5134B437,new,c01079e3fa8a45fa8b011b65bf77fb7e,300191,300237,True,\n,False,ི
I5134B437,new,923c3635bbf84f13ba028872ef3e4659,300650,300704,True,\n,False,ི
I5134B437,new,fd2b94ee2bb04291b3e093078d9a609b,301293,301362,True,\n,False,ི
I5134B437,new,1347375f2d1b4d17bf752b468c2c5794,302361,302429,True,\n,False,ི
I5134B437,new,eb5bd0f67f6c410ea3c9d05a26bf1812,303312,303369,True,\n,False,ི
I5134B437,new,1426b26c03d54fc79bd47494414da6ad,305081,305136,True,\n,False,ི
I5134B437,new,4fd0147cb11645d48a78541223b4a214,306571,306652,True,\n,False,ི
I5134B437,new,1105a95c2db243f0a64578df0e3bab19,307580,307660,True,\n,False,ི
I5134B437,new,4b0617e8810648389e67d92eb5af7abd,308922,308989,True,\n,False,ི
I5134B437,new,6541b2be243441da8be09c5e702cb1cc,309498,309566,True,\n,False,ི
I5134B437,new,b30fd319afd64d1298265d59286d7153,310213,310277,True,\n,False,ི
I5134B437,new,fb2304572e8c4d6b93dc5af0607ae2b2,311307,311362,True,\n,False,ི
I5134B437,new,1a1ca6f6983443f7b24c2050c8556836,312084,312154,True,\n,False,ི
I5134B437,new,b22e9e2faec94298a9b7d013be574a4f,313107,313153,True,\n,False,ི
I5134B437,new,d42edb8c1c124340931cc58f2a76aecd,313825,313889,True,\n,False,ི
I5134B437,new,4efc1e80b84a4b45b355f25b625508c6,314592,314658,True,\n,False,ི
I5134B437,new,34968d4a961841818c98dccb77f200c0,316116,316183,True,\n,False,ི
I5134B437,new,7d210018503b4b458679cf1247e1b9e2,316707,316772,True,\n,False,ི
I5134B437,new,12ac1a40a8ac4d1fb97af7bbd3a57918,317681,317761,True,\n,False,ི
I5134B437,new,2a0e223dff534ab4894bd0cfc133739a,319111,319169,True,\n,False,ི
I5134B437,new,d3ec726d671b4735a0d1c7aa4db58fe0,320068,320132,True,\n,False,ི
I5134B437,new,045cd0ea98e442928946ecdae0c2c973,321362,321429,True,\n,False,ི
I5134B437,new,3b9badc63df3459a9ac70209a67621df,322414,322478,True,\n,False,ི
I5134B437,new,44ef85aaeea0493a928c00ad7c5b61c5,322759,322819,True,\n,False,ི
I5134B437,new,707256eafe2b4e01a99ec404d3170e4e,323731,323794,True,\n,False,ི
I5134B437,new,1238c4b68e2d421ea134ca546aa8d6f2,324403,324467,True,\n,False,ི
I5134B437,new,2f4cd8b19cdf4d0b97bacf0cfca3f660,325660,325708,True,\n,False,ི
I5134B437,new,eac3afe54a534f4eac52c84e9aa6bd38,326409,326499,True,\n,False,ི
I5134B437,new,48651cfbced04f13a0fe7a674bac1c1e,326850,326908,True,\n,False,ི
I5134B437,new,87cfeedf497a429b96bba7b7ba2c844c,327380,327433,True,\n,False,ི
I5134B437,new,308c2d670ba844d49b7570826a81633a,328005,328065,True,\n,False,ི
I52248444,new,4e5c8d95be654ff699b2764232f73ba8,6600,6643,False,༼,False,ོ
I52248444,new,f44838eb003343eea0ab61cac1065e26,6666,6717,False,༼,False,ས
I587B7DED,new,a04523d1734c4b038c5409af5e675730,4532,4668,True,\n,False,༠
I587B7DED,new,3df198745ada49588e7eb6864686f46b,6590,6724,True,\n,False,༠
I587B7DED,new,5a8829cfb15c44a8ba6088eb9c44db7a,9035,9164,True,\n,False,༠
I587B7DED,new,db4938b3ecd14a03b944eee1303fda00,11733,11852,True,\n,False,༠
I587B7DED,new,61a53f35d716484c850e35420c76c06b,13939,14078,True,\n,False,༠
I587B7DED,new,31573609a59e487f80f1fe924d079bbd,16216,16355,True,\n,False,༠
I587B7DED,new,8c93173fca7e408f882c818667ee0dfa,17946,18076,True,\n,False,༠
I5BFCBB3F,new,3d1364e4470e447592463f68eab32ecc,16976,17001,True,་,False,ས
I5BFCBB3F,new,fdebdd63fb8a4dffb56616a21589e478,17052,17079,True,་,False,ད
I60D0ED54,new,dba9b55ed5f24499b233ef2a365d9933,20770,20795,True,་,False,ས
I60D0ED54,new,9ab5d6a313c94a67852c8244f704a80c,20846,20905,True,་,False,པ
I617FDD1E,new,904000ff511d40e1a6bb457d1c4b75c6,1145,1177,True,\n,False,༡
I617FDD1E,new,054b0f7e03e849728b3a1240c687e47b,1588,1648,True,\n,False,༢
I617FDD1E,new,52fa8356d2b84d298cfbe12bffd98c01,2453,2516,True,\n,False,༥
I617FDD1E,new,df0a849418f340e4a9c11aaa4847ec17,2580,2701,True,\n,False,༦
I617FDD1E,new,ec70c31f5d2a4819bf5430ea73eafe77,2925,2951,False,པ,False,ས
I6D11E414,new,1fa9178b4fa94f7b91aa796d38bfff0e,19971,20003,True,\n,False,༡
I6D11E414,new,c3489a0ef7bf44b1b97b3d2f9d5c9729,20096,20128,True,\n,False,༡
I6D11E414,new,1ca786291c1b4f0d918f500dd65e275c,20228,20259,True,\n,False,༡
I6D11E414,new,01bd1502748e4e8483869b7f8190cbcd,20350,20382,True,\n,False,༡
I6D11E414,new,91acf696362d41c89dee8f96a337014e,20474,20501,True,\n,False,༡
I6D11E414,new,845372eea0ba45c8b9c4ed39a4e28642,20590,20614,True,\n,False,༡
I6D11E414,new,46e86721e5924b078c70bba5a67b8a1c,20704,20737,True,\n,False,༡
I6D11E414,new,ca0922081ef9455491a46b93bdab504b,20827,20860,True,\n,False,༡
I6D11E414,new,a89e0cd46ef74c3ba106c71999fa8d89,20952,20981,True,\n,False,༡
I6D11E414,new,26d7298f80c342ee94850487a958626a,21069,21099,True,\n,False,༡
I6D11E414,new,466885fbd7bc4ad68e5d7262b98b3702,21183,21210,True,\n,False,༢
I6D11E414,new,c442bf2010ad4efd9bd85bfb4c75d59f,21303,21333,True,\n,False,༢
I6D11E414,new,107de69d2e5043958b3879f52d075bd0,21431,21456,True,\n,False,༢
I6D11E414,new,0293618fef944f7399b7e81fbbe3f0ce,21554,21583,True,\n,False,༢
I6D11E414,new,e20da27e89cc48259291fddfb13d93cf,21672,21701,True,\n,False,༢
I6D11E414,new,f5ce629190544d5fbadf3de30e526b8c,21786,21813,True,\n,False,༢
I6D11E414,new,f74db9e183ca43d1a2ff1e782621c514,21904,21932,True,\n,False,༢
I6D11E414,new,3ca930a64ab243bd9309dc1da048a9f6,22025,22050,True,\n,False,༢
I6D11E414,new,5e73f6125cb640658e740468bdadd104,22122,22152,True,\n,False,༢
I6D11E414,new,1dade12cc9f44704bc50c31e344b821c,22237,22263,True,\n,False,༢
I6D11E414,new,f597067a39ac4903b15e21a5c5b5819f,22349,22377,True,\n,False,༣
I6D11E414,new,09eefb2ede714736bb33df7f0ae05120,22463,22492,True,\n,False,༣
I6D11E414,new,5bf9240a02fe4cc6a56ccb38268c8765,22583,22613,True,\n,False,༣
I6D11E414,new,8e6142bc5f20400c9346b5bb56a757ba,22700,22729,True,\n,False,༣
I6D11E414,new,cc34648e884848f9803e87baaac03f1a,22817,22848,True,\n,False,༣
I6D11E414,new,88061c09d1f741589ea91dd25eced52e,22874,22904,True,\n,False,ལ
I6D11E414,new,7fdc864ef25847f281070b1fa0a5eaa9,22934,22959,True,\n,False,༣
I6D11E414,new,83b6d9762cd040d484a867f4ed9a6d29,23035,23063,True,\n,False,༣
I6D11E414,new,5ac564423df44b1db012ed4d41a6fc6c,23157,23190,True,\n,False,༣
I6D11E414,new,7e93475dd4a14005992c027d2ba887bc,23280,23307,True,\n,False,༣
I6D11E414,new,d1f6a6a437c64492a34fcd519f650df0,23392,23420,True,\n,False,༣
I6D11E414,new,e33493ab7d194524bb72d90619da0c56,23511,23536,True,\n,False,༤
I6D11E414,new,a5e45ea6eb944eb39cce17997f6fe076,23624,23650,True,\n,False,༤
I6D11E414,new,73737d309f9d412eb0469a868cc68f07,23742,23773,True,\n,False,༤
I6D11E414,new,276f3ca92b794c7096683b4c4a329ad5,23859,23886,True,\n,False,༤
I6D11E414,new,3204cfa42e664ea5912a1be0e21c6d39,23978,24007,True,\n,False,༤
I6D11E414,new,df537d620acf46deafc3fe352859b60c,24091,24123,True,\n,False,༤
I6D11E414,new,7faac43ea01a4f00b2d3c21edb7127a6,24213,24239,True,\n,False,༤
I6D11E414,new,13dfcdd3beb24a04bb85276cbfd79ee6,24338,24365,True,\n,False,༤
I6D11E414,new,15fe845f487847f484d3a83dca75d1bd,24453,24480,True,\n,False,༤
I6D11E414,new,ba00c5428df44afca3bb69ff05fbaa99,24569,24596,True,\n,False,༤
I6D11E414,new,b3aa43c1864e4f938e224d60504f7724,24710,24750,True,\n,False,༥
I6D11E414,new,39f64b64745a4d7ba2dc3b3f4636c5e8,55284,55316,True,\n,False,༡
I6D11E414,new,f1a0348213164d2d9ebd0bb426728b13,56974,57006,True,\n,False,༡
I6D11E414,new,eac8e13bfdff4ffa9b75e305c7003ccf,59485,59516,True,\n,False,༡
I6D11E414,new,71fc230bca8d41ff872813b828fa9a95,61240,61272,True,\n,False,༡
I6D11E414,new,48582e561d5e4cc0ad179d8e54f9247a,62064,62091,True,\n,False,༡
I6D11E414,new,d78d5a9e75e74eea8d174d2c4f56c2c2,63920,63944,True,\n,False,༡
I6D11E414,new,3f2e94adbe6544589f2d41eb0efe31a5,66094,66127,True,\n,False,༡
I6D11E414,new,6e05001704104b0da39a67f5210c9456,68013,68046,True,\n,False,༡
I6D11E414,new,ba2e60ece8c54dc3897a06600fbcb308,70022,70051,True,\n,False,༡
I6D11E414,new,08cb7f21d493416f93ad567395c8a663,73501,73531,True,\n,False,༡
I6D11E414,new,68bcde24948b4370aa907d810b6ac3c9,76938,76965,True,\n,False,༢
I6D11E414,new,619c61f9b62c4dc4bb2448c7d9ed969e,78358,78393,True,\n,False,༢
I6D11E414,new,579cd3efdff14c9985eea7f122969d0d,79155,79180,True,\n,False,༢
I6D11E414,new,494b71cbe3b44a809fe943b7578180bb,80930,80959,True,\n,False,༢
I6D11E414,new,787d30901a8a47218f6449f379a7719f,81832,81861,True,\n,False,༢
I6D11E414,new,319567f6498a423887b86db70712c088,82823,82850,True,\n,False,༢
I6D11E414,new,c71aeddf8a154cad963c144914496c4b,85402,85430,True,\n,False,༢
I6D11E414,new,d27cac310d4549c7a2c2235e0b1e2c15,86493,86518,True,\n,False,༢
I6D11E414,new,da82027d83c04ea88e95ef9f9e0e14da,87226,87256,True,\n,False,༢
I6D11E414,new,b87e9204b5fd4f529c5c34c058315a6c,87750,87776,True,\n,False,༢
I6D11E414,new,9cb29bb65b3a433ea460d60720206f11,88318,88346,True,\n,False,༣
I6D11E414,new,51cf4fc0684b4753a2d5a26ab9ba7674,88840,88869,True,\n,False,༣
I6D11E414,new,5883841c46094f748bd7fa4fecf9ef25,89322,89352,True,\n,False,༣
I6D11E414,new,eeb3bb2580764a37a64bb9ca282f3514,89878,89907,True,\n,False,༣
I6D11E414,new,ac289464e3334390b8abce1a8118fb18,91078,91109,True,\n,False,༣
I6D11E414,new,303b85d9354b478380d58051c6fded65,92109,92139,True,\n,False,ལ
I6D11E414,new,adffb833f3874f1592ac51652d22f15f,92169,92194,True,\n,False,༣
I6D11E414,new,8778135d3aab4d65a3e1897b4a7819fe,92720,92748,True,\n,False,༣
I6D11E414,new,8b3e0f89dd5444f68d9d7239bf9efc5e,93723,93756,True,\n,False,༣
I6D11E414,new,05ee18b84d6344198ce5f0ea858d992a,94962,94989,True,\n,False,༣
I6D11E414,new,56a4317380be40e4a1253c9985527b02,96270,96298,True,\n,False,༣
I6D11E414,new,9122472ea49c4055829bf67b7e9e8062,97048,97073,True,\n,False,༤
I6D11E414,new,dc5252c91f2847609f9be20dc9cd825b,97829,97855,True,\n,False,༤
I6D11E414,new,41615afc15c049ac9e9c92feb2e32c31,98456,98487,True,\n,False,༤
I6D11E414,new,38238230812941d4991b2e45c4ce06c5,99279,99306,True,\n,False,༤
I6D11E414,new,be640f8d12444fc4baa28355b9075c93,99992,100021,True,\n,False,༤
I6D11E414,new,7313d8e6dbaf4fd69e095f6f61963249,100853,100885,True,\n,False,༤
I6D11E414,new,02d0b46046f34e558f5d5761f596d07d,101870,101896,True,\n,False,༤
I6D11E414,new,b51bcc6980c34663a34b148a48b14cf8,102619,102646,True,\n,False,༤
I6D11E414,new,5a7c0106eb394b3d8720b2a8f2fdf14e,103796,103823,True,\n,False,༤
I6D11E414,new,20a53b4a28a64f6683e4f0a870d45ba9,104811,104838,True,\n,False,༤
I6D11E414,new,ce65fc73cafe4b9f94e6ff28b5108257,106408,106448,True,\n,False,༥
I6D11E414,new,5b75c94fed154833bbd37a487d073cef,245028,245058,True,\n,False,ལ
I6EFF9668,new,3766f843fd4344d78cd3630a87b4449f,24207,24324,True,\n,False,ག
I786395B4,new,728b5f42bfeb42f2b55624d47e4a411c,690,731,True,\n,False,མ
I786395B4,new,8241fd7789c047278b7ae65e371d1bf4,836,958,True,\n,False,ས
I8062BDF5,new,df44be6d098c48feacf52338ad9c8583,24466,24534,True,\n,False,ས
I8062BDF5,new,cca8dc6868e741de93484c68b03c8f2d,24536,24577,True,\n,False,༠
I85C28EDA,new,e491bb9c586042818ef5916039c7286f,66048,66419,True,\n,False,ག
I8698A1DF,new,d6a9ec170bb34535b7eba7246f8de84f,316,354,False,༼,False,ལ
I8698A1DF,new,5366b3df13c54b92b8fdb9a31769ebb4,8194,8261,True,\n,False,ས
I8698A1DF,new,303926ccfc4f424c9bf7a2ce02f7b63d,8448,8565,True,\n,False,ར
I8698A1DF,new,5b0e3c5ab4634fe78819bedb77ea5413,8775,8910,True,\n,False,ན
I8698A1DF,new,0978c4962ffe4828a3cd59a6d7aa0ba1,9102,9177,True,\n,False,ི
I8698A1DF,new,5dcb64f663304f10a7aec39e58b99dc1,9717,9878,True,\n,False,ན
I8698A1DF,new,c1eecf40e3aa4b978e39caf94900d788,16741,16817,True,\n,False,ེ
I8698A1DF,new,bd693a09d9ee4b21926e2d71691de83a,17815,17962,True,\n,False,ད
I8698A1DF,new,3be4980f6f944ec599f48df22393e2fa,19130,19190,True,\n,False,ལ
I8698A1DF,new,ef0880aad10c47e9b288d9854cefbed1,20407,20542,True,\n,False,ན
I8698A1DF,new,5c959ec753f94afb84a536332d4095d8,21946,22024,True,\n,False,ན
I8698A1DF,new,de3dc05ed6834bb19b6e0c539af8f8b1,22402,22511,True,\n,False,ན
I8698A1DF,new,6ae98409499d4edeacc9218e822a55c7,23304,23386,True,\n,False,ན
I8698A1DF,new,070f3330dca64008838d5c8795331622,23962,24009,True,\n,False,པ
I8698A1DF,new,76c0692ac06341e2b64716f853233671,24117,24168,True,\n,False,ས
I8698A1DF,new,c0ed47abc5cd4e0fbfee16e6385fd584,24334,24564,True,\n,False,ན
I8698A1DF,new,b88887a352ce422f9354f303ff44d5cf,25766,25906,True,\n,False,ལ
I8698A1DF,new,f3e0cf9745f54d8c86c93180df266db1,26314,26436,True,\n,False,ན
I8698A1DF,new,0b5cdaac682b41e382e89118495d8377,27110,27265,True,\n,False,ན
I8698A1DF,new,31fa456d63a044f9abf758f88806be29,28038,28248,True,\n,False,ན
I8698A1DF,new,a96f7c9cd9fa4146bec54439a904f58a,29416,29534,True,\n,False,ན
I8698A1DF,new,03bc364500a1456b88ecbf130b0dc08e,30258,30478,True,\n,False,ས
I8698A1DF,new,47bb2da3eee644329c2691677b0d789c,34728,34804,True,\n,False,ས
I8698A1DF,new,553bacee9c484a8bb4e4271dde27f2c7,34973,35060,True,\n,False,ས
I8698A1DF,new,9e3b98ac568f4af5b61427981d3271a7,36721,36803,True,\n,False,ས
I8698A1DF,new,f1d2cab498d3423eb33a6653b6882d42,37614,37646,True,\n,False,ོ
I8698A1DF,new,019ee15c34b94e878c7162cbe86de621,40302,40450,True,\n,False,ན
I8698A1DF,new,84117a302c8a47b5a27ba42d7ff7a77d,44039,44074,True,\n,False,ད
I8698A1DF,new,21157056bfc24dea82663499902e1115,44201,44280,True,\n,False,ི
I8698A1DF,new,8e9c362292604fb0a5881cb4ae2763ca,44906,44934,True,\n,False,བ
I8698A1DF,new,c5a220e5df164b9eb3899a4e5e243e45,46441,46642,True,\n,False,ལ
I8698A1DF,new,93b6b641cee54df79296fc68c3533348,47187,47455,True,\n,False,ས
I8698A1DF,new,c2225ed5c2bb4666ac904187577840d3,48782,48950,True,\n,False,ལ
I8698A1DF,new,15ffec75d529480b804c75b7fb6e6e96,49621,49848,True,\n,False,ས
I8698A1DF,new,f73befee0ca64aaa9e36ba5f2ccbef07,50871,50983,True,\n,False,ས
I8698A1DF,new,6fe26abda0394b6c9267467262324f16,51445,51610,True,\n,False,ན
I8698A1DF,new,7e26383038374f0d867f5879f1f1c623,53211,53363,True,\n,False,ས
I8698A1DF,new,4228348817494074947f1d912207eabe,54559,54674,True,\n,False,ས
I8698A1DF,new,1229c681341c4d26b40bedd0aebb4dfd,57494,57677,True,\n,False,ུ
I8698A1DF,new,8d7a085cc0034554b4f02713577de346,58581,58635,True,\n,False,ུ
I8698A1DF,new,54d33e6cd26946b4b5b2d1e6a46a8fdb,58981,59085,True,\n,False,ན
I8698A1DF,new,c42cebb9dcc04e56b5ac167a71bc9c57,59934,60131,True,\n,False,ལ
I8698A1DF,new,958a3edd449a41d88d078826c161a6a3,60388,60512,True,\n,False,ན
I8698A1DF,new,58eaebe982a54d8587dcedbb9be3d4fd,62014,62132,True,\n,False,ན
I881A57E8,new,6edaed52da754449a05dfa989d93f5d6,15961,16087,True,\n,False,ེ
I881A57E8,new,a9e16983985c48a8b3be7751194573cd,17049,17177,True,\n,False,ེ
I881A57E8,new,e1a2a4bc34654644ab0f5a02df1fcd5f,17612,17871,True,\n,False,ེ
I881A57E8,new,6ddfc5006d5c4e088b6a6553c4e28ef1,19721,19862,True,\n,False,ེ
I881A57E8,new,f58f3b263c0746639b8ecd0b94b1a1e8,20287,20452,True,\n,False,ེ
I881A57E8,new,aeca1698603c426b91a6825c9552c4b1,20861,20992,True,\n,False,ེ
I881A57E8,new,622cf24a57dd4215897fd4d9cc9631f6,21227,21355,True,\n,False,ེ
I881A57E8,new,5f290b7566b741a2a7137273a193a4f0,21514,21642,True,\n,False,ེ
I881A57E8,new,3e5869432e7e489492d26584be1f0050,21846,21973,True,\n,False,ེ
I881A57E8,new,977ed52d45e64889bd04dc6fe187597c,22200,22333,True,\n,False,ེ
I881A57E8,new,d946cc40a94a410b8ae41a00ee5f6ede,22558,22681,True,\n,False,ེ
I881A57E8,new,4d0b347e233445a3ab87e0f87cd0e886,22922,23054,True,\n,False,ེ
I881A57E8,new,d3e0eb45c3ad4333a14b95ad952b2e86,23323,23452,True,\n,False,ེ
I881A57E8,new,b8ab0fafc3634024a4ca5966ca9eef6e,24272,24392,True,\n,False,ར
I881A57E8,new,1546caf4da6a4f1a99846ff812bcbb67,25532,25742,True,\n,False,ེ
I881A57E8,new,c70f93b188b24b0b9936d9670f86e460,26239,26403,True,\n,False,ེ
I881A57E8,new,48827a0919a84cac8573107ffd54e8c7,26933,27088,True,\n,False,ེ
I881A57E8,new,fc79d1e4e671436993c3de69f9f84bd5,27687,28006,True,\n,False,ེ
I881A57E8,new,c600880f4f234e2ea4ba8c588570694e,28518,28681,True,\n,False,ེ
I881A57E8,new,765d39d91e5c4defaec02d98b5b22947,29923,30091,True,\n,False,ེ
I881A57E8,new,1d5efe87a4e54287bc048e021eb83e6e,31332,31483,True,\n,False,ེ
I881A57E8,new,6d76ac6a599a44e6a91aeb73af5303a3,31781,31945,True,\n,False,ེ
I881A57E8,new,e04d53e1c1eb48749e49d1609988b00d,32362,32601,True,\n,False,ེ
I881A57E8,new,28e71e4fb83d49e7b16ee92b5973589e,33435,33560,True,\n,False,ེ
I881A57E8,new,8f998e2eeba941c6a2f9de691c92553f,33903,34272,True,\n,False,ེ
I881A57E8,new,3e8f78fa79874596bd560e919f0f3c10,35148,35394,True,\n,False,ེ
I881A57E8,new,88933b53dff04a90b4ee0074c853f7d4,35922,36048,True,\n,False,ེ
I881A57E8,new,4143b13f4a28422a96b047adf0b4d761,38413,38574,True,\n,False,ེ
I881A57E8,new,146df0a0bb17444380a3075b97c133df,38930,39249,True,\n,False,ེ
I881A57E8,new,900e9e7aa6b94c08a649f4f8ee257163,40348,40475,True,\n,False,ེ
I881A57E8,new,07ab63e436794fb6bde18d3ee7e43aba,40976,41142,True,\n,False,ེ
I881A57E8,new,7ded451134f346dcb8fd96d0f26e09d3,42206,42364,True,\n,False,ེ
I881A57E8,new,463a6244ef854157acabe44010a0ad7f,42809,43066,True,\n,False,ེ
I881A57E8,new,35bb38a5275546b18606a004789898e0,44010,44038,True,\n,False,ྱ
I881A57E8,new,c6a39a0a905d4acb9096b93f123e3033,44054,44058,True,་,False,༌
I881A57E8,new,53e19c0cdfc44547b76f71d9ab0ba2e2,44066,44069,True,་,False,ན
I881A57E8,new,4047f625432e4bd7975333402d55988d,44080,44109,True,་,False,ྱ
I881A57E8,new,5fa43f05d32c4ee4955f4679f6952029,44124,44130,True, ,False,ན
I881A57E8,new,df4a5016dec94830ac018c0800e424e6,44138,44143,True,་,False,ག
I881A57E8,new,277172b6e80d456f8ef629b4ea59e5a5,44147,44154,True,་,False,ད
I881A57E8,new,e64293eb37504e5ca987d17676c10b38,44171,44174,True,་,False,མ
I881A57E8,new,181ace8e1684451e996eb3d3f56045ee,44178,44202,True,་,False,ས
I881A57E8,new,cf197f37025448ae9a0d896a4e1721c5,44218,44231,True,་,False,ི
I881A57E8,new,bd8314d9d8744f0ca9703c963b2c3496,44285,44329,True,་,False,ས
I881A57E8,new,e82d0e9d8ff24c8dbc427f8be99ead1c,44333,44339,True,་,False,ེ
I881A57E8,new,444f55e82e00417586b3699f8133a600,44349,44363,True,་,False,ན
I881A57E8,new,cc7533935b5f423d97da19fe78cf90e0,44367,44374,True,་,False,ད
I881A57E8,new,41ed7ccfea174890a8b5ce19dfeee96f,44388,44392,True,་,False,ས
I881A57E8,new,02f3fa999ed247baba650c28253d8a10,44400,44418,True,་,False,ད
I881A57E8,new,914998b966cc42e9bce09ca0be60d739,44427,44431,True,་,False,ར
I881A57E8,new,f71fa1d650ff41ffb8acf99c9b90c11a,44494,44498,True,\n,False,ལ
I881A57E8,new,b0d4ab30a81440e0b653545827a427b2,44509,44517,True,་,False,ས
I881A57E8,new,0a595f878688456a9519c8a62319acf0,44524,44532,True,་,False,ི
I881A57E8,new,e105029f19e8437aa543742039d6fe39,44556,44569,True,་,False,ེ
I881A57E8,new,2575dbba45e74c94b660728196cec680,44581,44605,True,།,False,བ
I881A57E8,new,9a364b8207824139b1c2e48e184b9207,44609,44612,True,་,False,ག
I881A57E8,new,ccb14894ddfa42b98b9fdcd4e342695a,44615,44639,True,་,False,ས
I881A57E8,new,e2fed7a48224454387f799b428f7e5cf,44772,44784,True,་,False,ི
I881A57E8,new,f91e01a651c242fc8acd7af1306a2c57,44808,44818,True,་,False,ི
I881A57E8,new,88c5872da66d48a88d923c99696ea06e,44830,44834,True,་,False,ས
I881A57E8,new,96a2f90ac7874fec8b05d8eb697c26a5,44839,44848,True,་,False,ར
I881A57E8,new,6c99a751256e4e17bc9865cd6df2c7f1,44895,44903,True,་,False,ར
I881A57E8,new,62f0a1afe4444d188799942e8c07b174,44905,44910,True, ,False,བ
I881A57E8,new,736c9b0e2d954337b7c3173a93fb1993,44937,44952,True,་,False,ི
I881A57E8,new,e113c7c5a06d4fdb9e9db115efb4e327,44960,44974,True,་,False,ེ
I881A57E8,new,d03e05fb399b46c28dbb557304a299b3,44979,44982,True,་,False,ད
I881A57E8,new,d555105360584995b62c84bc9f3537ba,44998,45001,True,་,False,ང
I881A57E8,new,497ecbc595064a83a65c7e191a501ce8,45006,45010,True,་,False,ར
I881A57E8,new,cf13db07cba64e0cafe32c6040416e57,45015,45021,True, ,False,ན
I881A57E8,new,89b46e9271a7430382f99de6ce8531c8,45037,45052,True,་,False,ོ
I881A57E8,new,395b40a91adc4071adda314dc8f763c8,45102,45107,True,་,False,ང
I881A57E8,new,7cc9c9ea209c455c8cd163269812d1c5,45114,45120,True,་,False,ད
I881A57E8,new,344f2d8bb0b64c08b1af7ea241587bde,45135,45138,True,་,False,ན
I881A57E8,new,20dc98328a6446539d8f037d84845ef6,45149,45157,True,་,False,༌
I881A57E8,new,fcf650ffd74249e2ad57438bc0ce8879,45165,45169,True,་,False,ག
I881A57E8,new,d368ff3a87ef431fb3093fbe0b1b5a88,45178,45187,True,་,False,ས
I881A57E8,new,5fd8c1734d4b4886a14743aaa354574d,45199,45207,True,་,False,ག
I881A57E8,new,e05ccfec786d4d8ba1a32efda81bbc55,45226,45251,True,\n,False,ི
I881A57E8,new,f7b2225af766410a97f45ad917bf37fe,45269,45288,True, ,False,པ
I881A57E8,new,c8126acc484241e8b789f27499be2516,45303,45306,True,་,False,༌
I881A57E8,new,14899c0d97314810b523595beb801f74,45320,45331,True,་,False,ྱ
I881A57E8,new,00035a08f87f469a8c223e33fc763b5a,45334,45349,True,་,False,ད
I881A57E8,new,2932d286aff34c4fafb517770865c04a,45366,45369,True, ,False,ད
I881A57E8,new,3ea6dfb9854247bb92fb83eddc7e16b3,45380,45383,True,་,False,ད
I881A57E8,new,0ad810e480754a1295b69fbb876db10e,45448,45453,True,་,False,པ
I881A57E8,new,7a5b221f690d434bb8c6a5e428c2ade2,45462,45480,True,་,False,ི
I881A57E8,new,af9015bef2794281b0ed18789ab2831c,45503,45505,True,་,False,ི
I881A57E8,new,712427969021482d9d86bc12bacc9301,45507,45522,True, ,False,ས
I881A57E8,new,c8fe55a0deaa4eee85ef93bf3f486eb8,45540,45551,True,་,False,ེ
I881A57E8,new,0e4837acff0a4633b52b722141419e1f,45653,45674,True,་,False,ས
I881A57E8,new,be674aacda0942d0a3d3e4b534e53629,45696,45699,True,་,False,ང
I881A57E8,new,2f8338f05faf4d17a4dd122cbb2051ec,45732,45736,True,་,False,༌
I881A57E8,new,fc5c6966f91140f2a2fcea087d241372,45766,45771,True,་,False,པ
I881A57E8,new,f9700245419b43338220fdb468daf842,45795,45797,False,ེ,False,ང
I881A57E8,new,5a9d7e5f6c864e8fa1690726c06f0f38,45834,45837,True,་,False,ད
I881A57E8,new,c374c583c83b406c9f8d3941329fb2b4,45852,45855,True,་,False,ང
I881A57E8,new,ad7e8bf3ac2e4c31a8c4a6923cad6631,45858,45860,True,་,False,ག
I881A57E8,new,43cd4ceb89134d1ba33def3058277a9b,45885,45897,True,་,False,ི
I881A57E8,new,2d582bd052a44c6cb2342c36026e4290,45917,45928,True,་,False,ལ
I881A57E8,new,a2b57b39faf54839b4135e43f1a4a562,45931,45941,True,་,False,ལ
I881A57E8,new,51af348fbbab4d77bc061a9f6f7cec8e,45944,45947,True,་,False,༌
I881A57E8,new,95981167e0924005901fa4ce42d976ec,45949,45956,True, ,False,ན
I881A57E8,new,3259b2ae2b5a44b8ab9d18e35a660fa2,45962,45977,True,་,False,ས
I881A57E8,new,b48770c4710242c2ab271b8e1bca5a76,45980,45997,True,་,False,བ
I881A57E8,new,617498a7a5ca4ece9d14d52f9ae3bfd4,46041,46054,True,་,False,ི
I881A57E8,new,5bf4412c94354730bf1ba258f0a42107,46061,46065,True,་,False,ག
I881A57E8,new,aa1dbadea1324f7cbe8e6ba2c888d894,46068,46096,True,་,False,ེ
I881A57E8,new,772010b24cc941b0adc4f30ffca2e60b,46144,46155,True,་,False,ི
I881A57E8,new,921a3e47708d430998ac8f4070916e37,46218,46226,True,་,False,ག
I881A57E8,new,e30331aa5ba9458f9e0bd6b3892dc6ee,46230,46240,True,་,False,ད
I881A57E8,new,58ad0d0907034cbdbcf1b49c33bcc21c,46272,46274,True,་,False,ང
I881A57E8,new,1ba0ccee796546b28abe0ec3d0a27232,46334,46337,True,་,False,ད
I881A57E8,new,8267e9e378414a5b9df5d8eebf1fdcbc,46366,46380,True,་,False,ས
I881A57E8,new,16e61f729ad940c89eb78d2316a71f71,46400,46416,True,་,False,པ
I881A57E8,new,0af6391f50f34af7a0a75fd81596f909,46442,46452,True,་,False,པ
I881A57E8,new,56b7b29a5260490a8abdb42a9b3fe0ff,46457,46460,True,་,False,ེ
I881A57E8,new,f3acff7ca684444f8a96e541c92f5dac,46479,46486,True,་,False,ད
I881A57E8,new,e4f6ad06a5394e958c108d135c0dd657,46515,46520,True,་,False,ི
I881A57E8,new,194b4adbf23a4f30a13a75faf4e25451,46534,46538,True,་,False,བ
I881A57E8,new,f78aec2a484b41ebb1e052e5da45fca7,46554,46559,True,་,False,༌
I881A57E8,new,7303e5203c254aa9bf2c5d93fddfdb53,46582,46600,True,་,False,ན
I881A57E8,new,cef65c8d031e484f9f31037c2499f7ad,46619,46623,True,་,False,༌
I881A57E8,new,50b0d602988841b7975b1b25aa073734,46634,46648,True,་,False,ང
I881A57E8,new,aac2862d83614b38a73574cbe7575a20,46673,46684,True,་,False,ན
I881A57E8,new,b5a72ae85d744beb906aaada66ff699a,46713,46717,True, ,False,ང
I881A57E8,new,adc5420d40514d1a864495ce65f27843,46720,46747,True,་,False,ད
I881A57E8,new,441f486d9f5e42aea63c23b79253e96a,46756,46768,True,་,False,ག
I881A57E8,new,9db566e44040441a824e03ea92c2d116,46799,46801,True,་,False,ས
I881A57E8,new,3ff7f0fe66814f94b63c216d5676843e,46842,46854,True,་,False,ད
I881A57E8,new,756932388203419582cfdb3dd24d38c0,46858,46890,True,་,False,པ
I881A57E8,new,3e0f22750f934463a156a75d5b52232a,46906,46922,True,་,False,ན
I881A57E8,new,ea62ead0616f42928ec0f4c7be1a2430,46970,46976,True,་,False,ག
I881A57E8,new,34b2a6648c1d40da85a17b7367f1644b,46982,46987,True,་,False,ུ
I881A57E8,new,d3611cc3a1e94f4bac5517ea65bd63c3,47025,47026,True,་,False,ན
I881A57E8,new,e6e331285b6e4feba1ffddbd20c127e9,47060,47072,True,་,False,ུ
I881A57E8,new,794994d2a40242e7ad032fe89bd4260c,47088,47091,True,་,False,ས
I881A57E8,new,21824028efd14463b30b28847473c7ff,47100,47105,True,་,False,ེ
I881A57E8,new,a87385da167d49c585f145b1a2884550,47115,47122,True,་,False,ན
I881A57E8,new,03665052959a4df98c17fe9bc86f41ed,47127,47133,True,་,False,ང
I881A57E8,new,601a9371cf994db4b753088197053611,47139,47151,True,་,False,ས
I881A57E8,new,ea6d6bbb63c540dda5158523b538e256,47195,47211,True, ,False,ི
I881A57E8,new,531d44117e8a4f91a3602ee5fe9fd265,47237,47248,True,་,False,ར
I881A57E8,new,c73b734fc7a04edb915f4bcef868ac76,47298,47305,True,་,False,ང
I881A57E8,new,8f69bd74a72140fdb3ff9efe794d978e,47308,47311,True,་,False,ན
I881A57E8,new,e855a3ba5d294ee990db37017b65ce62,47316,47324,True, ,False,ན
I881A57E8,new,49b82493e3ce4039aa3bca6f69900124,47329,47332,True,་,False,ས
I881A57E8,new,fb1515e80afa43f28b794e045250a1bb,47354,47356,True,་,False,ི
I881A57E8,new,029039017eaf43ce87c26a2916be9adb,47365,47372,True,་,False,ང
I881A57E8,new,c5c36d4fc09d416dbf5cd789bbf6e097,47383,47392,True,་,False,ན
I881A57E8,new,197d020d9a5b4e318825e7372eca87c2,47401,47414,True,་,False,ན
I881A57E8,new,b8a94a1f805e478fb101203640339e7f,47493,47498,True,་,False,ང
I881A57E8,new,14c8dff059fe472dbdfd1f15e00c6082,47519,47526,True,་,False,ང
I881A57E8,new,38097c0392264a39bbfc5d92d408e9f6,47537,47546,True,་,False,༌
I881A57E8,new,c21be0cdb461482b9c461c503bdd6816,47556,47578,True,་,False,ད
I881A57E8,new,c14a87adb2a046e18ca3c4c0899ad637,47581,47588,True,་,False,ན
I881A57E8,new,e00c395b71a847e29799251d0dd07090,47595,47609,True,་,False,པ
I881A57E8,new,26bc6ccefdeb47959146afada5046bde,47617,47620,True,་,False,༌
I881A57E8,new,4c5e1630fbf0410e976776f294387855,47635,47641,True,་,False,ན
I881A57E8,new,0dce86965cc346068739226944220a84,47654,47659,True,་,False,ན
I881A57E8,new,f019b4ed4d804b82b0196a96c7560743,47673,47692,True,་,False,པ
I881A57E8,new,f59a6c7f870c4d6699df189be81e16bb,47712,47746,True,་,False,ན
I881A57E8,new,4243dea735a8430b8ff27c207f008a00,47781,47784,True,\n,False,ས
I881A57E8,new,364ea4b57645424eac94d1fff5410858,47803,47818,True,་,False,པ
I881A57E8,new,bd21c6a14b764ffbb9e6bffed0080d7a,47829,47832,True,་,False,༌
I881A57E8,new,4708ca60318a46548ea84fc229cf8012,47842,47850,True,་,False,ག
I881A57E8,new,8497517b0fa3461baddc06b3522c36e7,47870,47883,True,་,False,ོ
I881A57E8,new,de506407f375440fbb3331104cb91560,47886,47889,True,་,False,༌
I881A57E8,new,0cf44fd544e14f42bf8a308dd4da7f7e,47899,47911,True,་,False,ི
I881A57E8,new,8bcdd82a1d9647ad9c716d662ecfca3c,47920,47931,True,་,False,༌
I881A57E8,new,d40fa452947c4c40936eeb2b0e22c56a,47943,47949,True,་,False,བ
I881A57E8,new,6e7d1a3d8d714b11aae966ff70eeefb9,47972,47985,True,་,False,ན
I881A57E8,new,a07beffef25c4bdba7e8cbbd276a2bf9,47990,47998,True,་,False,ེ
I881A57E8,new,9bd394fb949843c4bfd59de6e82aac0a,48016,48037,True,་,False,ོ
I881A57E8,new,1a20c3c1dcf94246b14bee03a709a541,48050,48057,True,\n,False,ལ
I881A57E8,new,31afd1e023ab4cb383e8f2e67db9567a,48062,48068,True,་,False,བ
I881A57E8,new,2b556cc0808d44dd881125442babe9c4,48076,48092,True,་,False,བ
I881A57E8,new,5a1d381fce5b4582b285a8a6bff73285,48149,48165,True,་,False,ག
I881A57E8,new,4e074f674a8245a892acd6db538be378,48248,48261,True,་,False,ས
I881A57E8,new,8438b30975894a01b647ee7d0082b19c,48270,48309,True,་,False,ེ
I881A57E8,new,a8d899822243441b88e4707d05daaadb,48319,48326,True,་,False,ང
I881A57E8,new,0e621eb0a83f42a7abf65e930c9917d3,48362,48371,True,་,False,ན
I881A57E8,new,68bcb617dbb049279fb13dc39f9f06bc,48416,48449,True,་,False,བ
I881A57E8,new,7f94bfafeff74c6cb5a923e6e766b2c4,48457,48467,True,་,False,ག
I881A57E8,new,88f0f02ed6b8463dbd79363fa2e1e846,48476,48483,True,་,False,ན
I881A57E8,new,49e2e8a8410a42a8afb106dd12f6e54e,48493,48496,True,་,False,ན
I881A57E8,new,c684146e223e42e89c007803c429b52e,48503,48511,True,་,False,ས
I881A57E8,new,5e9879cb9a8a4a1eabf1410b1c8b551c,48525,48533,True,་,False,པ
I881A57E8,new,15dfa730975a4a29824204d6339a84f7,48546,48548,True,་,False,ི
I881A57E8,new,3887cc4831de4c76b9573641e47de851,48596,48608,True,་,False,ག
I881A57E8,new,a40da4c3ba8448cd803996bbdd098cdf,48614,48617,True,་,False,མ
I881A57E8,new,ab1f779f4da2492ab2ff1898fc0bbc21,48621,48628,True,་,False,ི
I881A57E8,new,a4c6ccc62316497386f8f9ea11baa5f6,48637,48660,True,་,False,ལ
I881A57E8,new,0b3b86d16a834a7cbc85f3484673f761,48689,48695,True,་,False,ན
I881A57E8,new,39ae919d8bf844e5972b02f2ce4a6985,48701,48721,True,་,False,ེ
I881A57E8,new,5df50e96ac28430fb7d95f03f4703942,48732,48744,True,་,False,ག
I881A57E8,new,25a487c92abd417aa405d295fb6a0f5e,48747,48770,True,་,False,ག
I881A57E8,new,53fe02367be24f95914eff1bdfa0732f,48796,48799,True,་,False,ང
I881A57E8,new,77ed2058e7844e1ba1463013e52edc5c,48804,48860,True,་,False,ལ
I881A57E8,new,69e1d1086da24dc399b86bb4e7aef1a3,48911,48927,True,་,False,ན
I881A57E8,new,bc008638700e4212966c3eb8904a1a10,48972,48985,True,་,False,བ
I881A57E8,new,b36eff79718442a5a079829fd35e297e,49006,49009,True,་,False,ད
I881A57E8,new,60f8bbc8615649879311c996c995850e,49013,49038,True,་,False,ད
I881A57E8,new,8d3725310b15480cab1c436af17ec982,49042,49049,True,་,False,ོ
I881A57E8,new,344fe992d48b4904bff1111da529b115,49085,49097,True,་,False,ི
I881A57E8,new,c95600990d0145c68d57d067bb0d465c,49123,49156,True,་,False,ལ
I881A57E8,new,dc74b19b42044aa9a8d65b2fe5fd4b56,49169,49184,True,་,False,ེ
I881A57E8,new,75f7e7100e1f4fc3837107a83e6a1467,49259,49262,True,་,False,ག
I881A57E8,new,85cdefa2571c44b4965b41518a44a908,49265,49272,True,་,False,ི
I881A57E8,new,cd98d62539934d71ba6213ba9a7abc85,49324,49334,True,་,False,ོ
I881A57E8,new,96d16cde33a94d448070692d8d551b6e,49407,49455,True,་,False,ར
I881A57E8,new,8b6b16726cb74f2f932cfca744d11d2a,49525,49572,True,་,False,ེ
I881A57E8,new,512f51f238af4594b9e312df6451a7e1,49586,49593,True,་,False,ད
I881A57E8,new,b101c7aecff2455684bab26e2eff0836,49619,49631,True,་,False,པ
I881A57E8,new,2098e5ff455a4df8bbb81480cb780d05,49641,49644,True,་,False,༌
I881A57E8,new,b9862374b3914389b5d6cdf4511c996a,49649,49661,True,་,False,ད
I881A57E8,new,fed5becde800475f85530d5228856072,49664,49666,True,་,False,ང
I881A57E8,new,11857e9e7a454a8f9375984b4a228665,49694,49703,True,་,False,༌
I881A57E8,new,1763b15df0aa4f0695f0e589dd6fa25b,49712,49726,True,་,False,ང
I881A57E8,new,94033d990dd9461d864cada9e72c2dfd,49735,49747,True,་,False,ད
I881A57E8,new,2cc471d64db14cab938a5b316b3a373b,49752,49761,True, ,False,ན
I881A57E8,new,374c0dcd86c841348b108221f1a6d0a3,49792,49800,True,་,False,པ
I881A57E8,new,844e8d128fd740aca5d760c8b81d7b6c,49811,49817,False,ི,True, 
I881A57E8,new,1816f0dd80fd43c5880e6b7075cdf6d1,49838,49845,True,་,False,ད
I881A57E8,new,477eeec4583d461c84ceb08105c0851d,49861,49864,True,་,False,ོ
I881A57E8,new,a1b12b55ff284b12b4d71e10d97aeb7c,49884,49892,True,་,False,ྟ
I881A57E8,new,ecd69e55bc9a410496b01c13f3f48c2d,49895,49899,True,་,False,ན
I881A57E8,new,84c6cd91404b44309565cd4a40c48335,49915,49921,True,\n,False,ི
I881A57E8,new,291d60cafe4c4580bbf18dfef0267058,49944,49963,True,་,False,༌
I881A57E8,new,e24696244683439a85aeafdb7df63301,49975,49982,True,་,False,བ
I881A57E8,new,9bced9fd2f1e4e6489975d7ee8f86c7c,50013,50027,True,་,False,ད
I881A57E8,new,843a8d19aa1c441fa0d8aaa68e7309b2,50050,50069,True,་,False,པ
I881A57E8,new,e659b8861efe4662b8318e8c5e26e90e,50079,50105,True,་,False,ེ
I881A57E8,new,c4573076013a4cfe9be3ee9258e7c05c,50119,50144,True,་,False,ད
I881A57E8,new,dd0bef8e492347428c3f934d91974020,50147,50181,True,་,False,ད
I881A57E8,new,f58f6a4de12c48e282bdf3d7bcba4f83,50194,50199,True,\n,False,པ
I881A57E8,new,579bfad70ef94c40868eaa01ad3d0a80,50230,50235,True,་,False,ག
I881A57E8,new,f2d2965be3c742c1840c55be826c07f5,50240,50242,True,་,False,ྟ
I881A57E8,new,836a51f8d8604c89b212af791771552d,50245,50248,True,་,False,བ
I881A57E8,new,d3b29c0e0b4e433d8d97b7e7ac0be665,50253,50275,True,་,False,ས
I881A57E8,new,c0f815c1ba394c5696c6574415985731,50305,50326,True,་,False,ུ
I881A57E8,new,6ed67bd9ec0b479eb6106ceb7ca37bc0,50331,50342,True,་,False,ད
I881A57E8,new,13b005cf16c944c2bef98c887670edf2,50375,50383,True,་,False,༌
I881A57E8,new,57badf3550764320b60f8d4ff6f237f5,50437,50450,True,\n,False,པ
I881A57E8,new,3252c8bbea634bc7a79a97891d8da9a9,50469,50478,True,་,False,ི
I881A57E8,new,c87d0373f04c469593ec05efd6d2ecdd,50500,50514,True,་,False,ལ
I881A57E8,new,4bf10f68d0884f19a209ae6060fc6fda,50522,50534,True,་,False,ི
I881A57E8,new,5cdb2acaec37486da0e48c55daf7bd4d,50569,50595,True,་,False,པ
I881A57E8,new,1e1a6e0ff51b4922bc145d29b92c0ca8,50620,50623,True,་,False,ེ
I881A57E8,new,393fdcbed29e49bc9d9af9a83f5d8c47,50634,50639,True,་,False,ི
I881A57E8,new,c0a4a68c708b44e28b9aa54fef62224e,50650,50655,True,་,False,མ
I881A57E8,new,50d8a8587704478caa257d45d3b2b469,50661,50673,True,་,False,ར
I881A57E8,new,9c38ed82f38b49b593abbbf6c9bff013,50712,50761,True,་,False,ད
I881A57E8,new,afb3aefd86984258a4c4bd919d7ed4d7,50777,50798,True,་,False,ན
I881A57E8,new,229db47e62a9426bae7e79b7aa913b45,50829,50859,True,་,False,བ
I881A57E8,new,ccfd87d20d6c45a9be145c83bf97d8ea,50867,50872,True, ,False,ང
I881A57E8,new,fecf089f920e43fdad42b62cf4399117,50881,50891,True,་,False,པ
I881A57E8,new,bd429da9e7944b6098f1c2ce6c043fe3,50912,50925,True, ,False,ོ
I881A57E8,new,77b37cdf0a9a4da69f6c75d914c797fc,50963,50982,True,་,False,ས
I881A57E8,new,77c8e2ef16e44ce18fa34a0db3732439,50986,50990,True,་,False,ར
I881A57E8,new,dc0fd4ba031c4ef4854b909daacaec1f,50993,50994,True,་,False,ལ
I881A57E8,new,a5ff058f6765416c80de0ea5100103ed,51022,51054,True,་,False,ེ
I881A57E8,new,e92dfbf7f3434548b5d88a8c7c0ed789,51142,51147,True,་,False,ོ
I881A57E8,new,aeead5a7ae704b869039d9f5a4ea5794,51159,51230,True,་,False,༌
I881A57E8,new,fcd69cca7dfc4270bcd51c5b75e65e42,51244,51253,True,་,False,ས
I881A57E8,new,569b29179a9c4a14b2ddc9a4a6b60083,51265,51271,True,་,False,ན
I881A57E8,new,fdb5c38aa2c54696a2f6c1004bcf42c1,51288,51292,True,\n,False,ལ
I881A57E8,new,2d5a5e82111a40b382d9e55608118652,51304,51357,True,་,False,ད
I881A57E8,new,e54bf3f8cb5e4357973d806623df4c6d,51369,51397,True,་,False,ུ
I881A57E8,new,7cbdaf4ece9b45f2b573c244261fd6d5,51406,51417,True,་,False,ད
I881A57E8,new,f95f5197647a4e7382feef856d6ed52f,51473,51479,True,་,False,པ
I881A57E8,new,7c39561cc5344d4abae9bb6e52617c06,51483,51486,True,་,False,ས
I881A57E8,new,fa31e91bc9a04f9badad9024d3db07eb,51491,51502,True,་,False,ི
I881A57E8,new,235898346eee40debab1262399df77a6,51537,51544,True, ,False,ང
I881A57E8,new,490798095c3b4812b7f6def29a8c2641,51557,51565,True,་,False,ི
I881A57E8,new,1b1e7d3c67e04aec835aa793d475227d,51580,51583,True,་,False,མ
I881A57E8,new,97bd0b5a0132409d8e42191040296ccf,51609,51623,True, ,False,ུ
I881A57E8,new,bc2a5c4b595b4dceb3b376717c7e8c3f,51755,51780,True,་,False,པ
I881A57E8,new,6c14993ef5ba47fa91cad654760e3b36,51805,51824,True,་,False,ི
I881A57E8,new,a06a1500ba7041e8897a02ec611af160,51843,51858,True,་,False,ི
I881A57E8,new,8c281253d2774322958003430eb922da,51865,51884,True, ,False,ར
I881A57E8,new,4242f4acd336495086369401438bea7a,51921,51926,True,\n,False,ག
I881A57E8,new,8206ed79e40d46dfb3330edccd082b65,51941,51955,True,་,False,ི
I881A57E8,new,fcd71f26d1494f47b4adce3c2df66624,51966,52022,True,་,False,ི
I881A57E8,new,b67bac92cd9946f0a6fca5eaa8c7fd7b,52039,52050,True,་,False,ད
I881A57E8,new,a39c9b12351a42ad84173c766a926244,52055,52073,True,་,False,ེ
I881A57E8,new,4fb5034dcf5c451a96e7d761474e8586,52160,52166,True, ,False,མ
I881A57E8,new,16e7b237b9dc40b5b7032b14ea81e145,52188,52232,True,་,False,ོ
I881A57E8,new,6ef1c6359f1141e3acd1e36c9acfd7c7,52359,52412,True,་,False,ས
I881A57E8,new,dd5f1576748c44728c27510ea7aa8f5c,52450,52484,True,་,False,ས
I881A57E8,new,38040c84a14c4d3fa26f27b55ecd2011,52489,52492,True,་,False,ུ
I881A57E8,new,54eadf8cf4f74459a41863be5c2d03d4,52496,52536,True,་,False,ས
I881A57E8,new,7dfe5671d7704eb39bb29421d029aece,52568,52575,True,་,False,པ
I881A57E8,new,d8cd476ce7034c5e82f84c82e2210fb2,52583,52586,True,་,False,༌
I881A57E8,new,bb2dd8882fd943ee808ba0dff45ae263,52641,52646,True,་,False,ི
I881A57E8,new,f5fad99db6ce4e6dae2de0f9753e5645,52691,52700,True,་,False,ར
I881A57E8,new,0f10d636c9834c5fa26bdcde5714c589,52703,52724,True,་,False,ས
I881A57E8,new,d89df7e3e90b419aa9ac81618940caeb,52793,52797,True,་,False,ས
I881A57E8,new,4b6324af14bd47aba22d28ac18abea10,52838,52843,True,་,False,ས
I881A57E8,new,1dd85edd463c49d49d48835d18a3a2ac,52860,52871,True,་,False,ི
I881A57E8,new,adf6450beba34c0bb8f38758f17d6db9,52914,52958,True,་,False,པ
I881A57E8,new,907bd83cde7440f1b8676490443a9754,53012,53021,True,་,False,ི
I881A57E8,new,735cbf5534a040c8af6b487b633b6ef7,53060,53066,True,་,False,ར
I881A57E8,new,c603b3eac1224b72ae08dacc702d0d3e,53098,53105,True, ,False,ལ
I881A57E8,new,7b064037ba5d45fd8217a88acb7f79b4,53120,53142,True,་,False,ར
I881A57E8,new,73ba841a8a774ef3bd1bfc6536197d51,53207,53218,True,་,False,ན
I881A57E8,new,b58978a41ca0450585230a4549993e09,53239,53266,True,་,False,ག
I881A57E8,new,7018fbb8606b4aa0bf186683338ff286,53271,53279,True,་,False,ལ
I881A57E8,new,6c7d6fd2971345da834d4e1192617626,53343,53367,True,་,False,ེ
I881A57E8,new,f574ec2bcf1b448891af984ef36931f7,53388,53393,True,་,False,ས
I881A57E8,new,f3baedc22f2342ad9e9f07a6c04ba3dd,53405,53407,True,་,False,ང
I881A57E8,new,fd539263b78a498493ed987b888cea61,53434,53450,True,་,False,༌
I881A57E8,new,3f18d1a48eaa4038ab56ace79e8f124f,53481,53503,True,་,False,༌
I881A57E8,new,11773ef0b6da41198a8a6a23291f5617,53539,53552,True,་,False,ི
I881A57E8,new,b21a6a183f2643df8ce1c3fd72ec1923,53575,53585,True,་,False,༌
I881A57E8,new,642735e28b8743be8caad71e20ce18c2,53620,53631,True,་,False,ས
I881A57E8,new,e180aabb6aa5407998b2eaae2d47c29c,53650,53677,True,\n,False,པ
I881A57E8,new,1b0c540bc90347cc9ecdab8da42ab6fa,53683,53697,True,་,False,ས
I881A57E8,new,d84e92545ace49abb42ac6529529c6da,53701,53703,True,་,False,ྱ
I881A57E8,new,cc248f0d6a284591b0b2192e1eb7c368,53709,53721,True, ,False,ོ
I881A57E8,new,8d1a33fb777640df8fffc58c6142cd2e,53739,53745,True,་,False,པ
I881A57E8,new,f9696f53743d404fb560771e567fa365,53770,53783,True,་,False,ས
I881A57E8,new,14feabc09ba847c6bfa5cc112ea4541c,53799,53807,True,་,False,པ
I881A57E8,new,17126433a937452a8ab7357f5d93d29c,53878,53884,True,\n,False,པ
I881A57E8,new,3c9c955dcb4e4a79b37d60168518419c,53929,53938,True,་,False,མ
I881A57E8,new,a5030bd5f9034c2d8ec11bf337ba7c6f,53941,53948,True,་,False,ེ
I881A57E8,new,ca9def4b0c4a4f21b4762b6e8e4d6146,53982,53984,True,་,False,ང
I881A57E8,new,403017cafa6b406c90776d33cce9ce17,53999,54006,True,་,False,ོ
I881A57E8,new,dc2a7a1c9a5e401dac4f44d0424fdbe0,54038,54041,True,་,False,༌
I881A57E8,new,3bd014b487c14619b17dd6e83d01ee66,54051,54062,True,་,False,ད
I881A57E8,new,ce6e888bb6864434a3c17b04a673d581,54079,54082,True,་,False,༌
I881A57E8,new,760b3989f55544f096aaf2aab5ddaab2,54091,54101,True,་,False,ི
I881A57E8,new,b48de46d4cc14a50920716560fc05e33,54116,54135,True,་,False,ས
I881A57E8,new,b83fc0ac44a74b44a513caf6fa799788,54158,54160,True,་,False,ོ
I881A57E8,new,a2a9e3abf20a46d29deb2726fdf0e522,54176,54183,True,་,False,ི
I881A57E8,new,2d40dfc44a484fdea4b609925e3ed552,54193,54207,False,ི,False,ན
I881A57E8,new,0168838890a94b5bb5567daf52389c47,54212,54237,True, ,False,༌
I881A57E8,new,16435182d7bd451ea6b18f82aecee9e3,54243,54249,True,་,False,ུ
I881A57E8,new,7df8fa88319241249a88505f7e14ce54,54265,54283,True,་,False,ི
I881A57E8,new,1cd2260137b540fbb0c443dcfe33b503,54312,54330,True,་,False,ས
I881A57E8,new,c9f25c89bed947dab71c7952290a7641,54345,54350,True,་,False,ན
I881A57E8,new,176a99ea7a0a4131aade95b3005e65af,54352,54380,True,\n,False,པ
I881A57E8,new,f44b6ecd930c4c78838f85f67ffd4247,54384,54393,True,་,False,མ
I881A57E8,new,0b5df8ad138a475d9f001813283556a2,54396,54403,True,་,False,ེ
I881A57E8,new,cbc156a8841046f6b7fb1101465775be,54431,54452,True,་,False,བ
I881A57E8,new,731b33ba0ccb473aa8d37960afb258ed,54462,54465,True,་,False,༌
I881A57E8,new,d385a975a60744aa8d0b7b9e3e746184,54487,54508,True,་,False,བ
I881A57E8,new,e71b521f127c472f9399618170717393,54523,54537,True, ,False,པ
I881A57E8,new,f32ab05406084875a64b4f18704f6ff0,54545,54561,True,་,False,བ
I881A57E8,new,4b5367cfefcd4c308a8fd91e77fa028b,54571,54574,True,་,False,༌
I881A57E8,new,9b4d720c8d1244c883df5a6de8dc0058,54586,54594,True,་,False,ས
I881A57E8,new,d5c13b060652400fb972d2d89cce141a,54609,54626,True,་,False,བ
I881A57E8,new,4aaaf9c099564bfeb82d62e09be5e061,54652,54656,False,པ,True, 
I881A57E8,new,3b1631e43fa44b69a82af1c0176bbac2,54658,54703,True,\n,False,ས
I881A57E8,new,0a23c948550e4be188774414437af488,54707,54709,True,་,False,ྱ
I881A57E8,new,72bddb4f0c8d4646876879e9eba8bb90,54712,54724,True,་,False,ད
I881A57E8,new,c13c342d58dc4670b7a4241ffd7cc012,54739,54744,True,་,False,པ
I881A57E8,new,2dab996f117c42ad8e6fbc8ef0003a7a,54945,54957,True,་,False,ས
I881A57E8,new,ee6ef109e1b343529c20fdc9457fe2b6,54978,54982,True,་,False,ས
I881A57E8,new,a800dbdb2ea246a9b255dd522fd3ad1c,54987,54992,True,་,False,ི
I881A57E8,new,eb08b0e8428c4a7096ce3e4bc10a4544,55009,55015,True,་,False,ར
I881A57E8,new,3a8aa298719b4b2db0a75378145f1205,55028,55055,True,་,False,ོ
I881A57E8,new,4887e73999aa40d38df63c3210e6f4ba,55076,55079,True,་,False,ལ
I881A57E8,new,3ae574d6d8c842a0b975f0ac4666b039,55100,55107,True,་,False,༌
I881A57E8,new,a2aee3cbabcd4da18399ff4d906d2504,55117,55139,True,་,False,ང
I881A57E8,new,e0568709edbb4671a9a9a7f4a388df53,55157,55160,True,་,False,ད
I881A57E8,new,63f3f6cb63f64f20b8ea9bfcea99d545,55165,55169,True,་,False,ར
I881A57E8,new,ce841f021d464bddae9d78e1697f21c1,55180,55185,True,་,False,ན
I881A57E8,new,450e89890d29498fa19b36df2021b7db,55202,55209,True,་,False,ི
I881A57E8,new,60648a3867ae48b789226f433d83ecd0,55225,55229,True,་,False,ག
I881A57E8,new,f487d499102d4f9da8e027347a9d3603,55233,55238,True,་,False,པ
I881A57E8,new,55a850df382a4f52b0d46d29f3977b3d,55246,55259,True,་,False,པ
I881A57E8,new,129bb53d0f9249f5b30fd2e043571bae,55276,55285,True,་,False,པ
I881A57E8,new,8ba97606fa0341e0abf979a93a3afc59,55294,55308,True,་,False,༌
I881A57E8,new,df9c57405ed64fac9deb8224e9a2f7c1,55317,55328,True,་,False,ད
I881A57E8,new,5c6586bcd8034ee4ac7ede43e3dfa0d2,55341,55363,True,་,False,ེ
I881A57E8,new,5e0cd95388c24cb991325269b67f3fd0,55374,55388,True,་,False,ག
I881A57E8,new,6235919051d24f0eba472e26d2021d36,55393,55411,True,་,False,ད
I881A57E8,new,a80500d1f48d4d04ace8573dd1967c20,55440,55443,True,་,False,ོ
I881A57E8,new,4d7b6677416942f2bc79fff8ecca60f6,55455,55471,True,་,False,ན
I881A57E8,new,6df783b0bcce4fb5a423705a8f226d2e,55473,55484,True,\n,False,ི
I881A57E8,new,91699d1055b3468a86adf2b511623b4c,55505,55515,True,་,False,ད
I881A57E8,new,f0f9c7edbc534f4d8e47941ce5f512ab,55569,55582,True, ,False,ལ
I881A57E8,new,f6e1ee3f7fa0429e886c9f6cc4c88c44,55587,55590,True,་,False,མ
I881A57E8,new,16708cd069bf4c68be8f06f12c092fd6,55598,55609,True,་,False,ོ
I881A57E8,new,35445c949a7d45f39d31308b82c0c054,55639,55647,True,་,False,ད
I881A57E8,new,da25452e5ccc483ebe82450312b3cd88,55656,55662,True,་,False,ད
I881A57E8,new,740ab0a00ba44aa6a003f5e44488877b,55679,55690,True,་,False,ས
I881A57E8,new,b649f6051d014f1eb410dac5aafc9381,55757,55763,True,་,False,ན
I881A57E8,new,c90ca74a10224155b65bbea2d2abfe40,55766,55776,True,་,False,མ
I881A57E8,new,e8bec27e0a0c42309954c8999d78db24,55808,55834,True,་,False,༌
I881A57E8,new,e5cb0689aa424baa98c818bdd53950f2,55863,55880,True,་,False,ེ
I881A57E8,new,6a6d0ad333c2449193b4558f327bf29e,55895,55902,True,་,False,༌
I881A57E8,new,45c67bfcecf24d1688231b871a970abf,55922,55929,True,་,False,པ
I881A57E8,new,cf97ca2d4bf74f5da02e8e465eced859,55953,55968,True,་,False,༌
I881A57E8,new,4f5eb7a9b1914951b9784065f0da5cc2,55993,55997,True,་,False,ན
I881A57E8,new,041117c8284343d29423f0de92772d6a,56039,56050,True,་,False,ས
I881A57E8,new,72befa1c7dfa47e08057d96ac79ac264,56053,56061,True,་,False,པ
I881A57E8,new,1087874ac5b44088b2378da6925d52b0,56067,56086,True,་,False,ས
I881A57E8,new,a97dcb46f0144ebd9b06eb1279439d96,56090,56096,True,་,False,ེ
I881A57E8,new,2f706d259b0c4dc59f63861bdddd2b4d,56116,56123,True,་,False,ོ
I881A57E8,new,48f7e9ff7f4445d2b0707f8a2410fa5e,56133,56150,True,་,False,༌
I881A57E8,new,18fda60bf0aa44439003b5ef9a19d0b6,56174,56199,True,་,False,༌
I881A57E8,new,fa966f7cd83b40d6b15f9e45c1916d9b,56211,56217,True,་,False,ར
I881A57E8,new,075942981a31412c8fa1c684dabdb985,56237,56254,True,་,False,༌
I881A57E8,new,960db20793cf4799a9110ca1a0541447,56298,56319,True,\n,False,ི
I881A57E8,new,d67b61c423ff42dca859beba29736e33,56329,56350,True, ,False,ས
I881A57E8,new,9d198affdf8946fd8a31e3fc4deb6d73,56408,56410,True,་,False,ེ
I881A57E8,new,3201a2e13ac4442ab25f8bfb15575cc9,56423,56435,True,་,False,ག
I881A57E8,new,ad31701517904ea690ca8dcb92cc6b28,56446,56456,True,་,False,༌
I881A57E8,new,0c8eae550f5244ed974d2cbcece0abac,56490,56494,True,་,False,ས
I881A57E8,new,b80ae7dfb7a34505adaff6827c433fdc,56498,56508,True,་,False,༌
I881A57E8,new,d7a1f6f3985e4441bdfec6c3a0da7eda,56525,56533,True,་,False,༌
I881A57E8,new,864b4cc45e474923968bd1c773f3e193,56563,56588,True,་,False,ེ
I881A57E8,new,5e8a5cde40734de2a0b8cd35e59ac336,56597,56607,True,་,False,ན
I881A57E8,new,357b3d02965f49c68839367dde975226,56626,56644,True,་,False,ོ
I881A57E8,new,10ced38fad6e4b7bb097ff4005e91742,56652,56662,True,་,False,ན
I881A57E8,new,7fcda9eebad04caa93cc695dfbba6f10,56697,56721,True,་,False,ི
I881A57E8,new,158945253ad44a46b6fda920a058d4bb,56769,56782,True,་,False,ད
I881A57E8,new,fe8474dbba7b461c8308392ac560415e,56846,56855,True,་,False,ས
I881A57E8,new,36074e10713a4d38b7ba427b16ecea76,56924,56932,True,་,False,ི
I881A57E8,new,b0ab6b085c334ddfb3602d13ea45cab8,56961,56963,True,་,False,ང
I881A57E8,new,ce95d7239e1b41b5a11e4dc3ce3b2fd1,56976,56987,True,་,False,ན
I881A57E8,new,739e5b9194c64ae4813564ab9be1eb23,57130,57138,True,་,False,ྔ
I881A57E8,new,6c2cc7ec432c4dc4beda314392c5ba28,57146,57150,True,་,False,ས
I881A57E8,new,31d6a0912d464a1fa4838f5a00be1894,57182,57205,True,\n,False,ི
I881A57E8,new,ad63e28a1a4c4b468b9c379ac6caf07c,57227,57251,True,་,False,༌
I881A57E8,new,02bef027b84f442282fb7a095f36800f,57261,57277,True,་,False,ན
I881A57E8,new,00d9cd852ea346bcbbad5d1fb9d3bd09,57294,57297,True,་,False,༌
I881A57E8,new,6eea3e7158eb4a1d84206dd5641699e1,57320,57332,True,་,False,ང
I881A57E8,new,519401b1adb04c558f0ed612a6f79d68,57341,57351,True,་,False,༌
I881A57E8,new,9c51c242cc9b4bc7bd734ae6fb8330ee,57359,57372,True,་,False,ི
I881A57E8,new,bba051fb8ae645379203dc3e2e244811,57389,57398,True,་,False,ེ
I881A57E8,new,94aaf839e1aa44d3b57e576825c8c353,57419,57425,True,་,False,ར
I881A57E8,new,38941454b5044d6b9127f3fbcdf520ca,57469,57472,True,་,False,མ
I881A57E8,new,bb734e84d2c84c82aa7c0bebe8f0aa95,57483,57490,True,་,False,ས
I881A57E8,new,1875d3e7f56d4e5480949f931072e39a,57494,57507,True,་,False,མ
I881A57E8,new,905f420ffd6d4398a77a5039372d9afc,57514,57518,True,་,False,ག
I881A57E8,new,19172298dd1d45078712c0e23c79c4ae,57526,57539,True,་,False,པ
I881A57E8,new,a16d5b90a2ed458ab1e43757eed40b08,57553,57570,True,་,False,ི
I881A57E8,new,d1f130df4def4828a3f7bfd7000fd8ab,57590,57601,True,་,False,ང
I881A57E8,new,31d5e06c2e4544a7873209137df19de1,57612,57657,True, ,False,པ
I881A57E8,new,84f249c4b03b40b294e8fada8c05172a,57670,57673,True,་,False,༌
I881A57E8,new,840539680b6444078a8481c10aba5011,57682,57712,True,་,False,ས
I881A57E8,new,288b2aa3f15f4a068f72f2013bcfacec,57717,57747,True,་,False,ི
I881A57E8,new,7dee90f1f38d4328928384a5e0468b03,57768,57774,True,་,False,པ
I881A57E8,new,e6ebaba53fdf409c84d3ed62f9115802,57797,57817,True,་,False,ི
I881A57E8,new,341325b5a40d4ed0a8d88e30c8d687c3,57826,57859,True,་,False,ན
I881A57E8,new,995fa9602a0b4e5aaddc86d004f12470,57863,57867,True,་,False,ད
I881A57E8,new,0da03e10d55b4fce9b2eb688415c10bf,57870,57899,True,་,False,ད
I881A57E8,new,87af2d92d1fe46d0a0e6344438b9390e,57919,57928,True,་,False,༌
I881A57E8,new,0bd0d0e8644f4bd798a335f8887e658e,57955,57973,True,་,False,ེ
I881A57E8,new,4dc40bcad9e4462c80270024a5007bd6,58031,58034,True,་,False,མ
I881A57E8,new,0f49b6fee3974c23a29c0be617a962ea,58037,58039,True,་,False,ྔ
I881A57E8,new,b5806b6b5195434da4a4f4b48bfabc51,58093,58103,True,་,False,ད
I881A57E8,new,cc71fc86a8c040b6a3c34d6190a2583a,58106,58117,True,་,False,ི
I881A57E8,new,15693c7591c44aeb88408ea653317507,58124,58138,True,་,False,ག
I881A57E8,new,4d0a5a210c43440ea72f853f7f05829f,58143,58149,True,་,False,ས
I881A57E8,new,06490a092f20419e926326f86222755c,58153,58154,True,་,False,ལ
I881A57E8,new,22a03a35922644cca898a18acd98f6f9,58168,58220,True,་,False,པ
I881A57E8,new,8c874911991748b4ad118f64d850b6e6,58226,58250,True, ,False,ེ
I881A57E8,new,8c2452ffc9dc47a2ac52d901a17bceef,58269,58308,True,་,False,ི
I881A57E8,new,3aa6535684814976b2c0030a957eec1c,58332,58336,True,་,False,ས
I881A57E8,new,b6f3a8b316b94b1482de01267d7d3b9d,58340,58349,True,་,False,ི
I881A57E8,new,217931f88e9f4944a3ecbdfe0f002d7b,58385,58399,True,་,False,པ
I881A57E8,new,225b6a9c18b34479a34beeec57ee7802,58418,58423,True,་,False,པ
I881A57E8,new,d7abb0cce729413aad5d4a5e2e648963,58431,58434,True,་,False,ད
I881A57E8,new,840775ce9b20443c81247f623b83e1c2,58440,58441,True,་,False,པ
I881A57E8,new,8c68c54c07c64c38b095f72d9657fd5b,58452,58472,True,་,False,ུ
I881A57E8,new,adc22f7519b843d4955578b60d85bef7,58537,58551,True,་,False,ི
I881A57E8,new,5a0aad3f29f8450d8fd4654df43a0f91,58570,58577,True,་,False,ུ
I881A57E8,new,069857aaf737487e976c88fa0adcffe0,58618,58628,True,་,False,ུ
I881A57E8,new,d22f49c1b2b34226aada2691e91f6809,58637,58652,True,་,False,ས
I881A57E8,new,e3fd896a5a52481d8b801c479dbcdffc,58675,58689,True,་,False,ང
I881A57E8,new,78316e767f6e4d5e9c1deaa523a01d1c,58697,58705,True,་,False,ོ
I881A57E8,new,9c30588f1e824639af490f2b0db77317,58718,58724,True,་,False,ང
I881A57E8,new,432a123bcb81499ba3b7efd2a0882858,58728,58747,True,་,False,༌
I881A57E8,new,790c920912624e2aa15563c3723dc285,58759,58783,True,་,False,ང
I881A57E8,new,83e22efc284d4ae4a338fc8fd50a5625,58813,58819,True,་,False,ར
I881A57E8,new,cd9ab7c713b34532a15d89377e891e5b,58828,58840,True,་,False,ད
I881A57E8,new,4414ab28dae546eba97fefd4579042ee,58843,58867,True,་,False,འ
I881A57E8,new,4cda951296a748adb7334ce1f997da92,58923,58935,True,་,False,ས
I881A57E8,new,38f7d4ff054f4671a217c842224c6180,58938,58940,True,་,False,ས
I881A57E8,new,dc96f1b398c747a5a75c59ebcf089791,58949,58952,True,་,False,མ
I881A57E8,new,ad436de6d6eb4876a8201fe87944299a,58956,58959,True,་,False,ག
I881A57E8,new,f237de121d5042a7aa6bfb92f54ac8ea,58962,58964,True,་,False,མ
I881A57E8,new,98f525d2138d4426bbe3749cb97ef108,58968,58973,True,་,False,ས
I881A57E8,new,b9901e36e8e3448c98552f984fdce49f,58988,58990,True,་,False,ས
I881A57E8,new,df7db3591929490c8809c7ecaebc00df,58995,59003,True,་,False,ས
I881A57E8,new,2a12f3737f17442b93264a50bb3db5cd,59012,59020,True,་,False,ས
I881A57E8,new,19498f97af8546878c68a5964b6bfc30,59032,59035,True,་,False,༌
I881A57E8,new,0c7180341d1a4597a09ef66d88472648,59044,59069,True,་,False,ི
I881A57E8,new,34282a21aa9148bfb8cade6d40ccff0b,59087,59097,True,་,False,ག
I881A57E8,new,631db3d0b9474bde89e4fcc082d6ba67,59100,59102,True,་,False,མ
I881A57E8,new,d5b2290ac3f34abf810241bb2ccdc4d9,59108,59116,True,་,False,ས
I881A57E8,new,7b2342126ca14e10b7c8fd89cf5d8b4a,59127,59130,True,་,False,༌
I881A57E8,new,ee83285519da41c7a09bd66fd75bdab7,59139,59150,True,་,False,ས
I881A57E8,new,2d3ac6587804459599c0ad6fe6df619a,59153,59155,True,་,False,ས
I881A57E8,new,6696cad5550c4c84988bffbf91b2d12c,59166,59184,True,་,False,ར
I881A57E8,new,1dacb5da22214ec18146d9d30eccf74b,59189,59196,True,་,False,ི
I881A57E8,new,2f6b5130e6024a00bf2952b719a14026,59229,59234,True,་,False,ས
I881A57E8,new,73839b8c03984ade85d449b9035627f9,59237,59243,True,་,False,ག
I881A57E8,new,7e84daa8a599423b90c58a7b6a3af140,59266,59273,True,་,False,ས
I881A57E8,new,dc0b8e595b2544d8aa4d390fc4042db2,59278,59285,False,ས,False,ར
I881A57E8,new,2f1afde63c2d4308b89bdd58320884e2,59309,59352,True,་,False,ས
I881A57E8,new,ffde693476aa42a1beea3bac2e0cd711,59381,59384,True,་,False,ལ
I881A57E8,new,49643bc960ef4efaab242c91d3337ece,59392,59395,True,་,False,ད
I881A57E8,new,df63a562eb574f67be2b13166c482f19,59408,59413,True,་,False,ས
I881A57E8,new,53f356d404ab4bc4a69bbf234c23ab1a,59416,59421,True,་,False,པ
I881A57E8,new,3ad24d8af61748e9b2e288de1581c19c,59447,59459,True,་,False,ད
I881A57E8,new,1512e62f64d24975aee2a845ac29326b,59471,59486,True,་,False,བ
I881A57E8,new,526901b05f4f43e0bb7046025e749c4b,59490,59502,True,་,False,ན
I881A57E8,new,af4ea068fe754dba84f9be4afae47609,59540,59550,True,་,False,ས
I881A57E8,new,461e9b453d9b4ba09e27924d817c70b3,59570,59599,True,་,False,ས
I881A57E8,new,f273a08e630942fcb4f33225bb2b7839,59603,59618,True,་,False,ི
I881A57E8,new,a0fd4ad903474fc7add58d76b0f9c185,59632,59671,True,་,False,ལ
I881A57E8,new,49e8ce1c75e042bb8226d419850a6c11,59679,59700,True,་,False,ི
I881A57E8,new,fc536468fe7d47d8b3b0cca50b404258,59770,59813,True,་,False,ོ
I881A57E8,new,9c7c2b5d9a4b456381250628493b4b98,59823,59826,True,་,False,ེ
I881A57E8,new,3f3dbe9930834952a9ba41a68eabb468,59828,59830,True, ,False,ེ
I881A57E8,new,3e0a5b97e8c6480fb113d040d4f46986,59836,59839,True,་,False,ད
I881A57E8,new,747b3e48e0dc477c85d820733d3492ac,59896,59923,True,་,False,ི
I881A57E8,new,65dd0d111fd04d4fbb6e797ad638f20f,59948,59964,True, ,False,ག
I881A57E8,new,96b359baa79d4f66bd61f6064d1f6066,60011,60014,True,་,False,༌
I881A57E8,new,569bd373f2084780930d6896fc9808c4,60035,60054,True,་,False,ོ
I881A57E8,new,2d75f1b49cae482b997c13b21e38605d,60064,60067,True,་,False,ེ
I881A57E8,new,d4669d2a0ed04fc789be4948eb5faf52,60084,60089,True,་,False,ི
I881A57E8,new,38cd983f52e042d7965ae413a5d05a95,60108,60112,True,་,False,ས
I881A57E8,new,858cc6eaae41446ea012c8c39dd4bb97,60116,60119,True,་,False,ན
I881A57E8,new,10f294d8f3154d2394955e93782ee615,60154,60167,True,་,False,ི
I881A57E8,new,b93a3857c7a84c879177ff31a9ab25fc,60185,60221,True,་,False,པ
I881A57E8,new,66fd388c448f4f74859e7fc5a950a8e5,60259,60270,True,་,False,ད
I881A57E8,new,61bc608fefe04d79b9048584b77cd093,60283,60290,True,་,False,ེ
I881A57E8,new,9d709961c4774da7be70b6bbfa303933,60300,60305,True,་,False,ི
I881A57E8,new,3e91aea36aaf4c139b55247b267adb43,60331,60354,True,་,False,ར
I881A57E8,new,7d4d555af1694bc0a4eeacb9c597d6e9,60363,60380,True,་,False,ས
I881A57E8,new,56a8d2f45d3b4f5a92436638c4035cdc,60437,60461,True,\n,False,ི
I881A57E8,new,5e83096c6c3047ec97743e311684cb82,60471,60525,True, ,False,པ
I881A57E8,new,da3123aef74d4544958afd5365743af0,60554,60561,True,་,False,ག
I881A57E8,new,d5097ef78bef44ff9d70ab79c9b27852,60566,60574,True,་,False,ད
I881A57E8,new,fdf65f26d6d84a11b753dae3297d50b9,60579,60588,True,་,False,༌
I881A57E8,new,563df4ea3a574304a8163b56cdf40455,60598,60600,True,་,False,མ
I881A57E8,new,8d0693a6bb8a44aeb31489df616263e6,60616,60620,True,་,False,ག
I881A57E8,new,0fda2600780442a0a3d39b55ef7dafd4,60625,60633,True,་,False,ད
I881A57E8,new,183c0f655f4f4251b9d7c428c0f68b30,60638,60694,True,་,False,ད
I881A57E8,new,9b8d14ea9b0340d7886407812cc786a3,60699,60708,True,་,False,༌
I881A57E8,new,459d44fd38344e128e186d907df67715,60737,60780,True,་,False,ད
I881A57E8,new,878731616dde4a8e9d70363e15a10a90,60785,60788,True,་,False,ས
I881A57E8,new,16f95ae136f24eb19c55db5d3d28065d,60866,60874,True,་,False,ས
I881A57E8,new,b495655e225d4c4dba070835c097e18c,60886,60892,True,་,False,ན
I881A57E8,new,0f1bb27204c9410283fdb80008da645c,60907,60930,True,་,False,ུ
I881A57E8,new,cbd004572a0f45049b11631792cdb367,61009,61020,True,་,False,ས
I881A57E8,new,239f1680d2284fb98bbc7dbf33cbdeed,61035,61039,True,་,False,ས
I881A57E8,new,19c94f751e8e4f8294a204afa50daa28,61049,61060,True,་,False,ེ
I881A57E8,new,3dd124c36ab8452c8be9d75f7c597ccc,61074,61087,True, ,False,མ
I881A57E8,new,0bd7f25779bf47f184b51040dabcfc93,61096,61102,True,་,False,པ
I881A57E8,new,9a369ee742ae48709f1bc9ce8c175a7c,61126,61130,True,་,False,ན
I881A57E8,new,ce901de1562546ecb862ab853fcae0d5,61152,61160,True,་,False,ས
I881A57E8,new,68049f1ae8564fb895bd27589a677bc2,61164,61180,True,་,False,ན
I881A57E8,new,e1f0bba0fcc54ddb8efb383eca6352bd,61200,61206,True,་,False,འ
I881A57E8,new,7377dd329ada4b6daa5c25d5255d850a,61212,61229,True, ,False,ས
I881A57E8,new,4baecf1b33ee4bb39b44c13b55e39a83,61248,61252,True,་,False,ན
I881A57E8,new,dbef338b268f4725960ae5f41cf61bc4,63474,63482,True, ,False,ས
I881A57E8,new,58ddbaa49b79499bbb1b746fd26e6518,63520,63532,False,བ,False,ས
I881A57E8,new,8b074a486be94a428b99a5177138c306,63557,63560,True,་,False,ས
I881A57E8,new,1d0745402a674728863d05a9e7654ddb,63572,63576,True,་,False,ས
I881A57E8,new,a9b429429e924515ae53bf22f9f3305f,63588,63590,True,་,False,ང
I881A57E8,new,7468e895dfb74463a0a39cd39a883dd9,63623,63630,True,་,False,བ
I881A57E8,new,8b370d10526145f9847bc7ed280cd3f4,63644,63652,True,་,False,འ
I881A57E8,new,14b828b0937c4ce2863b9c0202254d75,63714,63717,True,་,False,ས
I881A57E8,new,99a707b9bca044b098788242646322b9,63720,63726,True,་,False,མ
I881A57E8,new,5e756c37d2224a6295a4c023d57e04bd,63729,63733,True,་,False,བ
I881A57E8,new,3d2877a44ffc459b995dca5b78e2b44f,63737,63745,True,་,False,ས
I881A57E8,new,5a4ebf6fbdad4f4dbb31e80d47d8c76e,63754,63784,True,་,False,ར
I881A57E8,new,a8bc33e32a1a472eb00802013f549828,63802,63809,True,་,False,ད
I881A57E8,new,04e29a43acbd47b59b4b0493997fc348,63830,63846,True,་,False,ན
I881A57E8,new,2a2f7d27b8784c46bc0785e07b4ec65d,63870,63877,True,་,False,ི
I881A57E8,new,1fb72aef03964ca095a2fe390a63582d,63891,63907,True,་,False,བ
I881A57E8,new,cebfc0b9e1d546f586d3fb1438d09a59,63972,63980,True,་,False,མ
I881A57E8,new,0e6ccd2033b14df9a07ba95aca33342e,63991,64013,True,་,False,ག
I881A57E8,new,cf5f719af5154d7c84bfcbc925faf3f5,64035,64038,True,་,False,ན
I881A57E8,new,a7fa12d734a2475a90a1ee6c8deada50,64042,64085,True,་,False,ས
I881A57E8,new,b69f62840bfd4e9a9aa3647cdb93b9c3,64092,64103,True, ,False,ྭ
I881A57E8,new,b5f2c8a44961418ab715f3f1cabf01c2,64193,64213,True,་,False,ས
I881A57E8,new,4cdce5b7fa714a51a21fd40977774fac,64216,64227,True,་,False,ག
I881A57E8,new,282ea6fa19ec4720be2f1f42de025ea3,64240,64252,True,་,False,ལ
I881A57E8,new,fea1979c0a754fa38c79a4888f159b52,64269,64271,True,་,False,ག
I881A57E8,new,ac2c3d4cdddf479eae7743d28423aa02,64280,64317,True,་,False,ན
I881A57E8,new,3bd7ba296317432d89af90e032483fac,64325,64337,True,་,False,ྨ
I881A57E8,new,4821adcbd3d142b7a6a9f1c58ed6041c,64378,64384,True,་,False,ད
I881A57E8,new,f9efabd65c954d9db92eb21f4543b2d6,64397,64404,True,་,False,པ
I881A57E8,new,ed0f74159c5a4e50b37f53e322cb603f,64414,64441,True,་,False,ག
I881A57E8,new,f7c3f88e9c81479f855df9b1532162f8,64448,64455,True,་,False,མ
I881A57E8,new,8b0704241f034a209977c73638123aa2,64464,64515,True, ,False,ན
I881A57E8,new,614a6d04a8ad4756832629a67d012304,64553,64561,True,་,False,ས
I881A57E8,new,a52789e6710249f88116c0c1b25fdd4d,64568,64582,True,་,False,ལ
I881A57E8,new,73b3dd61f38e413b95c22bc911ce3d56,64586,64591,True,་,False,ང
I881A57E8,new,5fb31c88f703406aa27e29dc4ec7e34e,64614,64617,True,་,False,ེ
I881A57E8,new,810dbd4862d449e68ce293e7630df239,64625,64643,True,་,False,ོ
I881A57E8,new,aa57f3522d7843e9a846e0b3c12f6109,64652,64656,True,་,False,ང
I881A57E8,new,f533904dfd174b0083f8fa5d9708a24e,64674,64678,True,་,False,ག
I881A57E8,new,d5302af1710a4785bc7e78f1ce40e8ef,64708,64710,True,་,False,ང
I881A57E8,new,8112149bf5914b05b2596a4f34769d50,64810,64818,True,་,False,མ
I881A57E8,new,61f7c561dc5e4d47b75d79b62ef3664a,64822,64829,True,་,False,ོ
I881A57E8,new,0819eb64014e46e88aff91d14deb7f50,64858,64862,True,་,False,ན
I881A57E8,new,54cafa97f6044cb8900d00b7b254a3d1,64912,64921,True,་,False,པ
I881A57E8,new,22a70eb246734576a270c08a01160cd5,64929,64932,True,་,False,མ
I881A57E8,new,8a1bae82cbd64e30a47d547bacf85eca,64936,64945,True,་,False,༌
I881A57E8,new,ba8b973b4d6647199c6b5f95209c1f5a,64979,64998,True,་,False,ས
I881A57E8,new,4ec6f27fa9c840f0b40c6a15c93e0894,65001,65004,True,་,False,ར
I881A57E8,new,3736d27ffd8a41ab9844bf3cd5963a6d,65026,65034,True,་,False,ས
I881A57E8,new,7c8acabb4bca42d3a4d459724f701686,65043,65063,True,་,False,ས
I881A57E8,new,6825c0c7a3c04bceb8688ac4deeeb65d,65103,65109,True, ,False,ར
I881A57E8,new,62ad61ff4dfd4e279bad26226de266d2,65123,65128,True,་,False,ལ
I881A57E8,new,f0179518c76f46feb6fa183794cc6134,65148,65150,True,་,False,ང
I881A57E8,new,e4948727ae674092933e3fe8d630c518,65166,65177,True,་,False,ི
I881A57E8,new,91e0018054b0401ab9047d3592e3c0fb,65200,65215,True,་,False,ང
I881A57E8,new,83ac588acc04451ca617d925484ff4bc,65218,65225,True,་,False,ས
I881A57E8,new,2b68ff755ed44befa14b57b99a5581a3,65273,65288,True,་,False,ང
I881A57E8,new,a7dd9f678b99468498f2100e9f0b26cd,65292,65297,True,་,False,ས
I881A57E8,new,d5992497bc7243b7b41d364a37e62095,65309,65312,True,་,False,༌
I881A57E8,new,92e38d274cbd4555baafc16ee0a238a0,65425,65436,True, ,False,ི
I881A57E8,new,c16eb3068d6c4e449d78e77e09007e03,65461,65468,True,་,False,ུ
I881A57E8,new,d0d927828ef14e9980ef972fc3d39362,65511,65525,True,་,False,ལ
I881A57E8,new,8ca3bb32e1fb4537b89b91daae88c413,65528,65533,True,་,False,ང
I881A57E8,new,d1d1359cb83242788e361969e92514eb,65550,65561,True,་,False,ས
I881A57E8,new,f7e829a6c99547ce81737f67580bac78,65593,65600,True,་,False,པ
I881A57E8,new,87fcaf25bff4468997625020ffa7a7fa,65611,65622,True,་,False,ལ
I881A57E8,new,a597dd82bc014f138d9e6c3744451763,65626,65631,True,་,False,ད
I881A57E8,new,b0d95b68c93a4f81821398c1b56bcb64,65760,65784,True,་,False,ི
I881A57E8,new,15c81544db3c43a2925b594b03e1cace,65845,65846,True,་,False,ལ
I881A57E8,new,61306ae2f318417cb89bbfd5173996ff,65871,65894,True,་,False,ས
I881A57E8,new,35a86e80aff14fef8583fa97f726ae67,65913,65919,True,་,False,ད
I881A57E8,new,c888a7cec3924bf4b9b9d44a824a7461,65932,65945,True,་,False,ི
I881A57E8,new,e2933bab2f8c4d99924271bea328a821,65967,65977,True,་,False,ས
I881A57E8,new,ed33c1a8e70047faba7700658152a054,65988,66006,True,་,False,ས
I881A57E8,new,77599c3295b74e96a51672c5db406b9f,66010,66015,True,་,False,ས
I881A57E8,new,a6d29afa22e64e29af8cf11b6dc38c56,66025,66026,True,་,False,ན
I881A57E8,new,2a1caab1ea8d47fa9d61cb742747cdde,66033,66036,True,་,False,མ
I881A57E8,new,afb8a989d7f648e2a14138403e6fed79,66040,66043,True,་,False,ག
I881A57E8,new,623cc4ace196493db8a63b31f135fd50,66121,66127,True,་,False,ན
I881A57E8,new,8dc3519468434451af7e9eb0af2bc2e9,66136,66139,True,་,False,ི
I881A57E8,new,45b093c442614d6db8cf8686b4fc1df7,66152,66169,True,་,False,ལ
I881A57E8,new,0f312100f54f4c51b681852724cf3ce9,66181,66191,True,་,False,ད
I881A57E8,new,05be8260efab40bb9bbf85adb8200b77,66231,66233,True, ,False,ང
I881A57E8,new,54d0818c0aca4054a38fad772abb30da,66249,66251,True,་,False,ེ
I881A57E8,new,b3fc2f4dacfa400bb45bd6e0eaa0a2fd,66256,66267,True,་,False,ས
I881A57E8,new,56957c3598ab4af9b00c72c580ce5895,66283,66287,True,་,False,ད
I881A57E8,new,ee586694b0f6459eb6764d530348e265,66296,66306,True,་,False,ན
I881A57E8,new,d8f734df637a4c7d9b0048f412f3b4a0,66327,66328,True,་,False,ན
I881A57E8,new,cb21b40572ae48f3972cd8aa17b4a58f,66348,66356,True,་,False,ག
I881A57E8,new,0a609da920064fe68b65b3d37dc259d9,66368,66371,True,་,False,ན
I881A57E8,new,531f95c3b8054271b083d8146b79032f,66426,66430,True,་,False,ན
I881A57E8,new,cc86c35b5ea4474e908758fb2a92cbfb,66475,66478,True,་,False,ད
I881A57E8,new,c85a3041a7654919b73d83ee1f134496,66492,66507,True,་,False,ི
I881A57E8,new,0944ab9e3a69451a87050a063a0f37ba,66515,66542,True,་,False,ེ
I881A57E8,new,ef1796a8aae74b87bdc5b0abc452c4ad,66592,66599,True,་,False,ར
I881A57E8,new,416bb3abbded4fc497ec751e209aed3c,66609,66625,True,་,False,ད
I881A57E8,new,92934945e0124e2c9585e74601bbe196,66645,66647,True,་,False,ེ
I881A57E8,new,b27f22210fbd45c984549122d20849d5,66655,66659,True,་,False,ད
I881A57E8,new,7d9881c635514ff59cdaf97269a858f9,66674,66680,True,་,False,ས
I881A57E8,new,7c46267ca48b417a98f52b2f454ae857,66692,66718,True,་,False,ག
I881A57E8,new,702b5de3390c422498eeb12873dd7a2a,66730,66739,True,་,False,ད
I881A57E8,new,6d79724f80b34c91b44c5762b55983e9,66744,66748,True,་,False,ར
I881A57E8,new,62149aee9ce34dce81bb0b00b3155775,66789,66796,True, ,False,ར
I881A57E8,new,bdcb04a5251b46da9d895acc294cf5d3,66805,66821,True,་,False,ི
I881A57E8,new,5a95968d94fc464ab7bcefaeaf60b9f5,66831,66834,True,་,False,ས
I881A57E8,new,0ad496bcac514d09a0490757a91a018d,66837,66851,True,་,False,ལ
I881A57E8,new,401398d86dad49058a7e65e1e78b047a,66867,66877,True,་,False,ེ
I881A57E8,new,c7d50e667acf49c6a2e3767ae6cfab74,66901,66905,True,་,False,ང
I881A57E8,new,f47144fa5dd1498bb4bcea508c2bf4b5,66910,66916,True,་,False,ག
I881A57E8,new,d63716af4e3c47e6946f42006eff20a0,66924,66927,True,་,False,ས
I881A57E8,new,6be4b99aaad742b593863ce0391b0d94,66931,66939,True,་,False,ང
I881A57E8,new,72c18eb0f5684a689e2614d0e7e709e8,67034,67038,True,་,False,ན
I881A57E8,new,15645be23161400b9d66e59105cfa9ca,67079,67092,True,་,False,ང
I881A57E8,new,62bc016b42134de3af261eeefa90fdc6,67105,67112,True,་,False,བ
I881A57E8,new,cb36120cd3144598944fdd4e35e3ccea,67132,67137,True,་,False,བ
I881A57E8,new,ef70cc55d4914ace9bde2bf3fed48d84,67150,67157,True,་,False,ེ
I881A57E8,new,dda2fc7933064c34a8f1eba5302a3bc1,67177,67186,True,་,False,ན
I881A57E8,new,11097544ea7f4ad2b71c60afac0c06e3,67192,67199,True,་,False,ལ
I881A57E8,new,ae63ae499ed24fc4ac9b1c78c5eaae4b,67210,67216,True,་,False,ུ
I881A57E8,new,c316771351804f7595f262aac90dcb5f,67226,67230,True,་,False,བ
I881A57E8,new,e22ce818c81d4affb94efbbb1a4f01ea,67233,67236,True,་,False,ད
I881A57E8,new,40f2508d53474379a8cac88f3f1676e1,67244,67253,True,་,False,ས
I881A57E8,new,2092af8315ba4a06a6e45b6bd1c70e7a,67258,67262,True,་,False,ས
I881A57E8,new,57d5fbeda1a9413ba48bcf87bdc05f1e,67272,67279,True,་,False,ོ
I881A57E8,new,37f0cd75e0ae4583a0da5eac8bce465e,67284,67296,True,་,False,ས
I881A57E8,new,ab37313d91384006bfd2b09d67e72585,67348,67354,True,་,False,ང
I881A57E8,new,b005f0a8f570439180c78d003eef2c19,67364,67410,True,་,False,ན
I881A57E8,new,c08472cd124f464d984d99d134731e96,67451,67457,True,་,False,ད
I881A57E8,new,9c6b6d2fa7a44748ae38f2a11376ad3d,67467,67471,True,་,False,ལ
I881A57E8,new,ccf3e026d36d4a18a31e3db151c26fd3,67502,67511,True,་,False,ལ
I881A57E8,new,7101f2ad3b3e4846942f337ec3b5393a,67541,67554,True,་,False,ི
I881A57E8,new,e29839d99b454edeb1a7322cf5957374,67570,67574,True,་,False,ས
I881A57E8,new,3bb233d25c0649fa9bf35ee7b417eecb,67578,67582,True,་,False,ན
I881A57E8,new,a3a85429b4964f80acb8c412dc8839f9,67586,67589,True,་,False,ད
I881A57E8,new,fc434af1ca644e6a92184810d9602fa2,67628,67634,True, ,False,ར
I881A57E8,new,a0c849160e8047e6bc60b9fee487ecdd,67689,67708,True,་,False,ི
I881A57E8,new,771122a0cc9544d9ae9f80f38326d383,67728,67739,True,་,False,ས
I881A57E8,new,11bec99796344b0d89f787b3bab40d45,67767,67781,True,་,False,ག
I881A57E8,new,12d3b967de9d49648ceb3fcd29ede9c1,67785,67789,True,་,False,ན
I881A57E8,new,bc9aed06b30a4854b0aeef2d89f7a448,67807,67816,True,་,False,མ
I881A57E8,new,344fd340ccfb447aa60dd7be751262f0,67820,67823,True,་,False,ག
I881A57E8,new,c221de413fd44bafa6d80507e7b99af5,67842,67845,True,་,False,༌
I881A57E8,new,40640ee77f9c48949d41e075fe339ccc,67854,67904,True,་,False,ན
I881A57E8,new,25488f2f2b4941a79dbd4c159da9334a,67921,67942,True,་,False,ར
I881A57E8,new,50e17564833e411d896972bb9271a8b9,67947,67952,True,་,False,ན
I881A57E8,new,1a90aa0aba0d4c1ba5bde9ec870db8ac,67968,67972,True,་,False,ས
I881A57E8,new,11c3089d6e37490e985215807f747b61,67986,67999,True,་,False,ད
I881A57E8,new,110a0f8d73564d32827674058c7e6b51,68002,68010,True,་,False,ད
I881A57E8,new,248ee26bfb104bac91ab71f5a37184af,68023,68026,True,་,False,ན
I881A57E8,new,3c8b783d268e43c18165f3e2eae6fcda,68032,68047,True,\n,False,ས
I881A57E8,new,a618161675e14b9792be317dc3bb7f3b,68059,68076,True,་,False,ར
I881A57E8,new,d3de39e8cbc647fb8da529928e457cda,68108,68111,True,་,False,ས
I881A57E8,new,48f7ba414671497b853060c961601868,68124,68142,True,་,False,ེ
I881A57E8,new,7f3a33837f804ad582033272f4974dce,68227,68244,True,་,False,ན
I881A57E8,new,4801c0da9b9d46d09410c7e13541a702,68253,68257,True,་,False,ན
I881A57E8,new,9457f66687be42b29270e2cf02c1c812,68262,68267,True,་,False,ལ
I881A57E8,new,cda6517b5f7945ea83737eaac6e93ceb,68285,68287,True,་,False,ི
I881A57E8,new,cbd247598d274967a6f545e59510f66b,68297,68306,True,་,False,ག
I881A57E8,new,9a0a1caf273d4ba888ef3ba735a9b1f3,68316,68319,True,་,False,ད
I881A57E8,new,60595eea48d0460b9aa0cd2bffee567a,68398,68408,True,་,False,ི
I881A57E8,new,6ba2310f64504bf5a1413780451246eb,68417,68420,True,་,False,ས
I881A57E8,new,1852bb927eed409dbebfd5d95d9eb8e1,68429,68434,True,་,False,ས
I881A57E8,new,d1195ac8815d4b4cbe3b2ebb41395182,68437,68440,True,་,False,ེ
I881A57E8,new,990ad40e70824b32a10a525c138d8731,68448,68457,True,་,False,ག
I881A57E8,new,0931a9c70fce4d94a61815722e9f2a15,68504,68512,True,་,False,ི
I881A57E8,new,a0a9c00c1bac42cc9fe48ce848f4ba76,68636,68654,True,་,False,ས
I881A57E8,new,6170926652fc4b64bed00e5c4279dabd,68691,68713,True,་,False,ས
I881A57E8,new,4fc01528e955432d9167bea730e32628,68722,68736,True,་,False,ོ
I881A57E8,new,68e77be011b643d3b562e449a33bec58,68745,68748,True,་,False,ན
I881A57E8,new,27a608d0ba7d409cba927e07237e09d3,68778,68787,True,་,False,ན
I881A57E8,new,477f872939ca48f582cdc101bb5bb034,68893,68918,True,་,False,ན
I881A57E8,new,102ecf3326344d86802bccea83d4cfbc,68938,68955,True,་,False,བ
I881A57E8,new,6669ba2799d04159865363b16d3af918,68959,68964,True,་,False,བ
I881A57E8,new,d3d5ef70df39498d807dfd5cd0555cf1,68973,68980,True, ,False,ད
I881A57E8,new,c8b61761881f49b993195fbe797d865a,69002,69005,True,་,False,ས
I881A57E8,new,b9fde90b82a24a2aaf7e19e9a0b89a29,69031,69040,True,་,False,པ
I881A57E8,new,8404306f707e4dd2ba65c264edfffe1e,69047,69050,True,་,False,ན
I881A57E8,new,bc807af3f21743d89c1d3db39881a378,69056,69059,True,་,False,ན
I881A57E8,new,d43733bbb5254c2a8851e3041c89a81b,69065,69069,True,་,False,ང
I881A57E8,new,a08476f483974ec18ceefa654f2250f8,69084,69104,True,་,False,༌
I881A57E8,new,f49dbbb438e34a52b468dc29434a779e,69124,69140,True,་,False,ང
I881A57E8,new,30737594e5d34d37bec2f3b5c177d09a,69152,69160,True,་,False,ད
I881A57E8,new,747dd7b155bb4cd9a24df59278fce1a7,69163,69193,True,་,False,ེ
I881A57E8,new,9ef99964c80f494982bcd9151393a21b,69219,69229,True,་,False,ང
I881A57E8,new,806fc8c7e3ec48478abdf71f21fbb9c4,69256,69268,True,་,False,ས
I881A57E8,new,c5fa9ac4216a42509f89c93f6eac6702,69277,69292,True,་,False,ང
I881A57E8,new,9117bfdebddd491286c2726a1a6682c7,69312,69320,True,་,False,ི
I881A57E8,new,ef181fb855994b8b85ad4602f671856c,69353,69358,True,་,False,ན
I881A57E8,new,cfd09bca71df4553aa646951d1cf1903,69368,69372,True,་,False,ར
I881A57E8,new,586b83fa4f9c48d99b500de559302ed4,69375,69388,True,་,False,ན
I881A57E8,new,b70af95cf86347f4a6dcf0fabb592dff,69398,69437,True,་,False,ན
I881A57E8,new,17cc5ff6f9ef4b13a9007f09d8cd31ae,69456,69467,True,་,False,ལ
I881A57E8,new,42ada91dd4b44febbcdd88f39e62b14b,69477,69482,True,་,False,ན
I881A57E8,new,1e74543813c94a3c9c002771e16aec6f,69528,69539,True,་,False,ད
I881A57E8,new,bddd46da32544a2bb5bfbfbec6969205,69553,69583,True,་,False,ས
I881A57E8,new,2d67c5a7b1e5447a872177a400873bcb,69587,69592,True,་,False,ར
I881A57E8,new,045c94bdc5744e8689b7294c0c305c48,69614,69616,True, ,False,ེ
I881A57E8,new,43fe8ba45a2f4fa19165f0661f228b6d,69624,69626,True,་,False,ི
I881A57E8,new,fbe54d1f65ce4581b8ed2ee3e319a20a,69637,69641,True,་,False,ས
I881A57E8,new,5f0ed589ba774b9287488dd60d427d16,69663,69671,True,་,False,ད
I881A57E8,new,40cef2c911664743b649da999e83fa4f,69680,69681,True,་,False,ལ
I881A57E8,new,68442a3defe144e3af0bfbaf29449617,69692,69699,True,་,False,ས
I881A57E8,new,26049850d52d4b20b41c7343c4da96fc,69703,69709,True,་,False,ལ
I881A57E8,new,89f48e431ca744b4bb24ad9cc1574057,69722,69737,True,་,False,ལ
I881A57E8,new,21df5f48fc9c424ebccfcaf2257898ab,69745,69752,True,་,False,ང
I881A57E8,new,5c2d6f780a0945a8a8974aed85610367,69782,69787,True,་,False,ག
I881A57E8,new,9221a24924b549df84c9e277ed72e514,69791,69794,True,་,False,ས
I881A57E8,new,ff1e5b7dbb564a19bd1fb7b4d87cc982,70349,70409,True, ,False,ྱ
I881A57E8,new,ed94c065333a48bdbb04d5cc27d632e4,70429,70445,True, ,False,ག
I881A57E8,new,ce649ff25f154f3d974e8b04aa9f0680,70450,70465,True,་,False,ས
I881A57E8,new,7e049158e1504a61a1ce810130bb5bf6,70482,70494,True,་,False,ས
I881A57E8,new,2a05855fa64745769e7cd3bb7f25e96e,70511,70526,True,་,False,ད
I881A57E8,new,66d54dc5d6ac48e5917e8add30dc6bf9,70569,70577,True,་,False,ས
I881A57E8,new,e21c2a5516e54085ad79699bb3215b91,70593,70605,True,་,False,ར
I881A57E8,new,a793a35a5f7f424c9fcfa2a4d103b2f7,70628,70637,True,་,False,ང
I881A57E8,new,ff55225662ca4d8ea33d2b252ee0d416,70645,70674,True,་,False,ར
I881A57E8,new,20a860a8f42e4c4f90722e8aba462736,70693,70699,True,་,False,ེ
I881A57E8,new,e69c50c8cbc647f18e60597b4e706f59,70702,70712,True,་,False,ས
I881A57E8,new,d347cb20b92e4d5b95365a7309f48034,70767,70773,True,་,False,ར
I881A57E8,new,eb741746670a4a2c8f88106250558c3d,70785,70793,True,་,False,ས
I881A57E8,new,85dd4d5728914fb9b871a9598e59bbaf,70798,70808,True,་,False,ལ
I881A57E8,new,8a22039df8c84bfbab6ab9c64214df0c,70824,70844,True,་,False,ས
I881A57E8,new,4a19ba510c5c4c499fd980dc248d9bad,70851,70859,True,་,False,ེ
I881A57E8,new,fa411bba9ec547a0a99404983d6ef92a,70879,70885,True,་,False,ི
I881A57E8,new,36794997dbd64abca460cc7f8e665919,70914,70918,True,་,False,ན
I881A57E8,new,7602785778114c938e6022480059c694,70931,70933,True,་,False,ང
I881A57E8,new,7d6a5c96a6dc406ab8a9ff4bc3c65d6b,70962,70971,True,་,False,ི
I881A57E8,new,49a257fed7c14e7ba49970ed4dafe26c,71008,71036,True,་,False,ས
I881A57E8,new,d716ddceba7e4708bd1fd0af04a0c43c,71046,71067,True,་,False,ད
I881A57E8,new,6455c16c73d04e67922ca4ace0740946,71082,71093,True,་,False,ན
I881A57E8,new,b2cde12fed854be2ad2ce3c32120aa41,71116,71123,True,་,False,ས
I881A57E8,new,c0e24305be764efa81073e698e5f509a,71128,71144,True,་,False,ར
I881A57E8,new,878cdc3620464d01bc6e40d7a8e25632,71168,71187,True,་,False,ན
I881A57E8,new,b5c212a7ca054404b45848256324af26,71202,71208,True,་,False,ྱ
I881A57E8,new,43aa8f27f6d3469cad3dc956f8187994,71217,71241,True,་,False,ོ
I881A57E8,new,11113aee02d14b4db20caabadfffaf09,71251,71257,True,་,False,ད
I881A57E8,new,3f3dc5034a5c44abadb0d88963e371be,71350,71396,True,་,False,ེ
I881A57E8,new,a0ce18a2a5534ba68885393cab833aef,71418,71447,True,་,False,ན
I881A57E8,new,be571061230a44e7995b0a08d2614ab4,71469,71478,True,་,False,ན
I881A57E8,new,b4129889a6224367a8b75b3c7861c502,71485,71490,True,་,False,ན
I881A57E8,new,4256e5bddcce40faa566d7d2268f2382,71564,71603,True,་,False,ྱ
I881A57E8,new,a20c976fa3844dc38d2298d2333b1412,71661,71664,True, ,False,ི
I881A57E8,new,e8cab6feb29a4d31b7a71a54aa09d978,71669,71677,True,་,False,ི
I881A57E8,new,56386b57cd9b4e4599fdbef88db1511f,71684,71709,True,་,False,མ
I881A57E8,new,fa0905dbadda4326af14375570125ea3,71713,71716,True,་,False,ས
I881A57E8,new,0019f85df63b40e8bf02781ec05cce72,71719,71729,True,་,False,ི
I881A57E8,new,6b2d3b76090f4cb684a8285589b1cebb,71794,71817,True,་,False,ེ
I881A57E8,new,cf6d9a94e44346a79153572e9c30adaf,71834,71866,False,མ,False,ས
I881A57E8,new,d5c84c43eed1416b93945a60a419ae3e,71908,71940,True,་,False,ེ
I881A57E8,new,cb4e36c909a84e2f90b16b79680e641e,72002,72007,True,་,False,བ
I881A57E8,new,48249af522914e58bf0d5e87704e1037,72017,72020,True,་,False,ས
I881A57E8,new,2db232a26ee943f7a1fcb8a8bd8d83d3,72029,72046,True,་,False,ེ
I881A57E8,new,736b8ede3d7f4bc3bd8176f5af00d474,72063,72079,True,་,False,ེ
I881A57E8,new,1c541f0289cd45c4abf223fce4b99237,72086,72092,True,་,False,ས
I881A57E8,new,c77e1fd79eb943129691913119ec1515,72097,72100,True,་,False,ན
I881A57E8,new,8b6cacc3a497407eb244a8b2113c5892,72104,72107,True,་,False,ང
I881A57E8,new,cf77aef1c9574c289e5a1a42c47e001a,72118,72123,True,་,False,ར
I881A57E8,new,30ef0326e5bc4aa8aee2db6c43e05dbb,72131,72134,True,་,False,ད
I881A57E8,new,9e4f33abc46d41caab6afb3b3e46facb,72144,72156,True,་,False,ད
I881A57E8,new,576aa65ac50b425d86de0575d25ed8db,72164,72182,True,་,False,ྱ
I881A57E8,new,fb4c3eaf6d024e21b5dda6b91645ca87,72190,72203,True,་,False,ར
I881A57E8,new,0ff4775564a74e3b8d1463f97fd34aa2,72211,72216,True,་,False,ས
I881A57E8,new,16e1443e78af4fffa38b216a9d35903d,72230,72233,True,་,False,ན
I881A57E8,new,76fc3adb24484074a2a311768e4c4a4f,72244,72250,True,་,False,ས
I881A57E8,new,4bcfab296a75400bbc568e5cd52883ce,72269,72285,True,་,False,ན
I881A57E8,new,d2c88fde916649ab82b02e4726008265,72295,72299,True,་,False,ར
I881A57E8,new,e2ee88979dc646e2b3d8a74fbdc9d341,72320,72347,True,་,False,ན
I881A57E8,new,a918bd074b424c2395fdeab79577148f,72349,72374,True,\n,False,ི
I881A57E8,new,abfe6aec1c7d4e0fbe73689d67ef48b8,72459,72474,True,་,False,ི
I881A57E8,new,c22f6039f0a341e8ba737846db65f1d4,72489,72491,True,་,False,བ
I881A57E8,new,bcc405ec90c14c709776cff06e6bd74f,72495,72502,True,་,False,ས
I881A57E8,new,110a55cdd49f4bae95b3b65e37ada008,72535,72539,True,་,False,ང
I881A57E8,new,6083fe7519dd41ac845d1129525ce231,72578,72582,True,་,False,མ
I881A57E8,new,e0f0b518f599464aa70a4c9fc705d75e,72588,72599,True,་,False,བ
I881A57E8,new,13c66a02bec24ae4972ba80aed7e41d1,72603,72610,True,་,False,ས
I881A57E8,new,42d270e6c08644bbb97c60ddd475a54f,72632,72640,True,་,False,ས
I881A57E8,new,f296fc3d6402450dbb745e24b4503c59,72649,72661,True,་,False,ད
I881A57E8,new,bb130f4a478644e6b8d4e2a247952d73,72675,72677,True,་,False,ི
I881A57E8,new,1ef2d3708948405c85ba388a691f2e7b,72687,72690,True,་,False,ད
I881A57E8,new,92656d1044af4f6e9c0f12ba4081c06f,72694,72721,True,་,False,ད
I881A57E8,new,3afc1f5d53064c5bb59a6c2e871778da,72728,72739,True,\n,False,ི
I881A57E8,new,ff251e3f9a2048b6ab2657b3d29fa8ee,72771,72774,True, ,False,ད
I881A57E8,new,9278c98a8a8d4d00bccdc9f65886cee4,72798,72800,True,་,False,ེ
I881A57E8,new,ba6267c5f4c14d90a5d51fea4dda5cab,72805,72807,True,་,False,ི
I881A57E8,new,858fa73649c14908aad0df4430684ea5,72814,72821,True,་,False,ོ
I881A57E8,new,4d1cc62c33ea48a5822149d8c2f4da1c,72837,72855,True,་,False,ེ
I881A57E8,new,0c1beb4478bf4a8a8299bb212c0efb77,72861,72872,True,་,False,ག
I881A57E8,new,3092ce7f547043a4a33b0fdba52a1654,72885,72889,True,་,False,ད
I881A57E8,new,5152c211d7b7409fa608f1b09a7fd39d,72893,72905,True,་,False,ན
I881A57E8,new,48f836e6e45844a5850a6e01a630911f,72911,72916,True,་,False,ི
I881A57E8,new,d373fc454d0e495c9b919ac5299e5d91,72939,72944,True,་,False,ག
I881A57E8,new,51d013a880db41bea491ff1ae389a1ed,72949,72979,True,་,False,ང
I881A57E8,new,b8044b11fe2d43ba9c34bf0c4fd12d3a,72983,72987,True,་,False,ན
I881A57E8,new,6982a61dd851463bb733b7f21adc26e7,72995,73008,True,་,False,ས
I881A57E8,new,d95ca69bdf3447d9b2528edec7f275d2,73057,73065,True,་,False,ཆ
I881A57E8,new,4db87e7826794897b72478a03affb560,73071,73074,True,་,False,བ
I881A57E8,new,b73ab51621ec49d385a815d845219383,73079,73081,True,་,False,ེ
I881A57E8,new,57b4e4230c9f41388f4bf21f73546a45,73099,73102,True,་,False,ན
I881A57E8,new,58a29bbb712942898caf084b9936a206,73106,73109,True,་,False,ས
I881A57E8,new,b661a72309fb47578fb416f0bc3de3c4,73114,73132,True,་,False,ས
I881A57E8,new,707f8d20a504453c908d77b93e54e1c6,73140,73143,True,་,False,ང
I881A57E8,new,e8caf26699054a478a4cb67e7e2e7efc,73148,73150,True,་,False,ི
I881A57E8,new,a70b2d19b2434ba99e919bf5fe795c4d,73158,73162,True,་,False,པ
I881A57E8,new,a949b62281c84e3795e593ac43b4f0d8,73193,73203,True,་,False,༌
I881A57E8,new,d725582415f54445a7ff47e4e2e65218,73214,73217,True,་,False,ས
I881A57E8,new,8f98bc772b8c4f2782763444c01f6ac1,73223,73241,True,་,False,ས
I881A57E8,new,2be10fb7694342b6935d13c664afb287,73264,73267,True,་,False,༌
I881A57E8,new,a9b70dd1e664453aba35ddd5f9332619,73299,73303,True,་,False,ས
I881A57E8,new,285fbb4a5b6c4f94bfab5b837a75fe3d,73312,73322,True,་,False,ས
I881A57E8,new,383d62f63f604d5cbb54a5955ce0474a,73325,73328,True,་,False,ད
I881A57E8,new,3387833c1ad045e3859811c9187e05ce,73337,73340,True,་,False,ི
I881A57E8,new,5cf981b9d1504ffd806eafa3271aa296,73362,73370,True,་,False,ག
I881A57E8,new,97bd0dd5e9094cc68e9393cf309924df,73376,73384,True,་,False,ས
I881A57E8,new,9aab3921b4264f019ab5d8a2005e36e1,73388,73394,True,་,False,པ
I881A57E8,new,4ddeb23232484f8681f22dca7dd43b95,73405,73407,True,་,False,ི
I881A57E8,new,79e7d3668b5e4ff7b9f1612bc9f0bc37,73425,73465,True,་,False,ས
I881A57E8,new,63bc5e65777b49eab8d05e94f06fa0b1,73486,73497,True,་,False,ི
I881A57E8,new,5cd3c9b2ac7644c6844ad5153201b1ea,73515,73527,True,་,False,ས
I881A57E8,new,91013041a1cd41bdbbcc1de4b80c5320,73543,73550,True,་,False,ི
I881A57E8,new,d08ed8c46c3543329755b61dcf1c8e4f,73556,73557,True,་,False,ལ
I881A57E8,new,4dbbccc89b1f4c29ab01bf176173ddac,73559,73565,True, ,False,ས
I881A57E8,new,2698d3d6276a4f5d9b418e6250b702a7,73601,73606,True,་,False,ང
I881A57E8,new,22d48da3cc33439da69458062f4f5a17,73628,73648,True,་,False,ེ
I881A57E8,new,2207fc36de2340d4bac8a93028fb408d,73652,73659,True,་,False,ང
I881A57E8,new,50c95d4dee074033b5a8d42b499356df,73691,73702,True,་,False,ལ
I881A57E8,new,69212e2cadf24cb78fda04f4e929490d,73716,73730,True,་,False,ང
I881A57E8,new,065b052f3cde4f11a9f0b0d545a6f23e,73748,73752,True,་,False,ང
I881A57E8,new,cfdb17e0b99b4a66b43753f5bbb61b76,73756,73760,True,་,False,ན
I881A57E8,new,9058fcda33d64632a87a7e919bc69f0a,73764,73772,True,་,False,ས
I881A57E8,new,15d3ea1c731c45b69567aad2537a0d5e,73779,73782,True,་,False,ན
I881A57E8,new,1514926fd55243cfac2cdc4bc33bb0ed,73793,73813,True,་,False,ར
I881A57E8,new,b8d322bcdae9420ea62f3544d5c1c686,73829,73834,True,་,False,ང
I881A57E8,new,a61fe0aa6a924221a9ea40a455963d36,73849,73852,True,་,False,ང
I881A57E8,new,d74f772ef6194c9db3d5ba284e838465,73856,73860,True,་,False,ན
I881A57E8,new,571ec86695d14ff1b4794ea03167046c,73864,73869,True,་,False,ས
I881A57E8,new,292f70dcad6d4669ad0e00b077a967c1,73878,73882,True,་,False,ས
I881A57E8,new,fcb9589aaf534f07a3b9da6e4ccdebd4,73942,73954,True,་,False,ར
I881A57E8,new,7eea29bd5edc4dd8871756b4cbb087a8,74043,74063,True,་,False,ུ
I881A57E8,new,bcbff5e2f96849c2aa1f913d2b8c9b89,74077,74089,True,་,False,ད
I881A57E8,new,6e78f9c682344ee8a85fd34324054c66,74100,74106,True,་,False,ྔ
I881A57E8,new,f6136885f57f40d3ae8c537a30a69998,74125,74142,True,་,False,ི
I881A57E8,new,755fc162c5714f33a7d66a9c7a00ad86,74157,74162,True,་,False,ག
I881A57E8,new,cb67ce3258c54af48562580173bd57e2,74167,74170,True,་,False,ན
I881A57E8,new,6bf9c92c13af4513b4549e7c523b2cc2,74174,74178,True,་,False,ག
I881A57E8,new,f98bebce1e6f4077910c28d13bdfc5dc,74658,74717,True, ,False,ས
I881A57E8,new,25a8fcb346644826859e21949d788d57,74769,74786,True,་,False,ས
I881A57E8,new,43cb344ddd5c4366b2272863cbf34031,74846,74860,True,་,False,ས
I881A57E8,new,15f3cd09dd4b4a078866c7bcb3c29921,74876,74887,True,་,False,ི
I881A57E8,new,d5fd04c87c114b6abbeb233eaa4f2eef,74893,74896,True,་,False,ན
I881A57E8,new,800b5231b686429a88e331a624d340a1,74914,74925,True,་,False,ང
I881A57E8,new,77fc57cdea0b48c88ef92c829456fdad,74938,74948,True,་,False,ི
I881A57E8,new,eb80c3bed753464db95c9a514235e0a3,74965,75002,True,་,False,ར
I881A57E8,new,4fa8f384cdbc4680be1666f4f110322f,75005,75011,True,་,False,ད
I881A57E8,new,a1b41198f2fd42ef9668f27d0cd75550,75036,75047,True,་,False,ས
I881A57E8,new,88f45d9880fc40f9bd7db71d854dc66f,75065,75088,True,་,False,ེ
I881A57E8,new,870a81eab24a4a698cde1a99c32e30ee,75101,75116,True,་,False,ུ
I881A57E8,new,64471b7172d748a4a8194d00b7506abd,75131,75153,True,་,False,མ
I881A57E8,new,d39c67af031945e8ae4cd52a813add31,75167,75169,True,་,False,ས
I881A57E8,new,6c687b2a1de7431d8affc799ed007e74,75173,75212,True,་,False,ོ
I881A57E8,new,6add37c721f2420c9dee8ebd85fffce8,75239,75245,True,་,False,ི
I881A57E8,new,2f17dd7bd23b46c29796c3be08dfb10d,75258,75278,True,་,False,ོ
I881A57E8,new,e26f4356d59f42f4b678de9210f88dac,75289,75293,True,\n,False,ས
I881A57E8,new,c53429ed2b85408695cd45ed2173bf4f,75303,75306,True, ,False,ད
I881A57E8,new,3dffab1bc64e4811b5ef901992f54a9d,75325,75332,True, ,False,ས
I881A57E8,new,b201befb7dc545a5a8fb62e7b083d7bc,75343,75346,True,་,False,ས
I881A57E8,new,818b804a74f64a23bd22e8d6f14a67c7,75355,75363,True,་,False,ི
I881A57E8,new,67cd0d8d3f35425882f0f4470fb60e44,75374,75382,True,་,False,མ
I881A57E8,new,a9fb0e1e1ed24cb782ae495e5c14b81f,75467,75473,True,་,False,ར
I881A57E8,new,a62d6cd079204ec092200ebbc7d218d3,75485,75495,True,་,False,ས
I881A57E8,new,4e1d86a4b6bf4737825b89ade714c116,75500,75503,True, ,False,ས
I881A57E8,new,8fa04c4800424a71afa6172a8b713df9,75515,75521,True,་,False,ས
I881A57E8,new,89d50b29a6b64f71a3641a17b9bff4e6,75536,75541,True,་,False,ས
I881A57E8,new,453c89840cea46b58d739c97a9956234,75547,75550,True,་,False,ལ
I881A57E8,new,c407fca1a7bf4b18b831cd9c02f6d7a6,75555,75568,True,་,False,ུ
I881A57E8,new,f10e64c131044144ba32eca4470a527d,75587,75599,True,་,False,ར
I881A57E8,new,8828267e27104b4c93ad1496184507f3,75609,75612,True,་,False,ས
I881A57E8,new,468c6cd09a8449db9afc9d885a2513b7,75630,75633,True,་,False,ག
I881A57E8,new,30be53129e01448f8d38cb7d68f0f0be,75638,75641,True,་,False,ད
I881A57E8,new,090c99a958a647609b093d139969137a,75653,75662,True,་,False,ག
I881A57E8,new,a159613cdc254ad6903ad295a8f2f657,75665,75672,True,་,False,ད
I881A57E8,new,047d8c4e5832458aa0c6ff9e4a0e4e87,75710,75727,True,་,False,པ
I881A57E8,new,350ec107e58245ce9c83d81ee67bd015,75749,75768,True,་,False,ད
I881A57E8,new,1f803a9844864e41a42936927d987a68,75775,75783,True,\n,False,ི
I881A57E8,new,2e281fe140724fb5b90481c6f1f0432a,75815,75832,True,་,False,ུ
I881A57E8,new,2c069f5875e64855ae029a333b39f69e,75847,75875,True,་,False,པ
I881A57E8,new,67352b90d6ac419cb4bd21a722e4d341,75884,75889,True, ,False,ེ
I881A57E8,new,b09dd96e358b448c83995bfec4591e55,75898,75911,True,་,False,ས
I881A57E8,new,610347bf5a924972946acdca96756077,75962,75965,True,་,False,ན
I881A57E8,new,9a561f9afe794ff7b45e337577477778,75974,75986,True,་,False,ུ
I881A57E8,new,36fc6099f0f747d290200321f1d74f89,76013,76027,True,་,False,ད
I881A57E8,new,d70bf83685614f99a2447ed5ac80eecf,76098,76135,True,་,False,ན
I881A57E8,new,986a3f3fa4ac43a09209056d79fae5c5,76146,76154,True,་,False,ས
I881A57E8,new,95165d31968948a181ad4e7beae6962b,76168,76170,True,་,False,ེ
I881A57E8,new,0d8b7637044042c991ff5663b13a3b6b,76193,76197,True,་,False,ས
I881A57E8,new,e93917f252734bec9c65f5cbc17d6b92,76202,76205,True,་,False,ད
I881A57E8,new,ea9cf8e1d586414385abc4ac3fdd255d,76209,76224,True,་,False,ི
I881A57E8,new,f8c11f7d293e46e6a01864e5fe127f86,76239,76249,True,་,False,ན
I881A57E8,new,5332aa64baf547fb992629b99dacc017,76252,76254,True,་,False,ང
I881A57E8,new,34399707b25c4f47a25de4e5b38d0eea,76264,76271,True,་,False,ི
I881A57E8,new,683191e1db3a4943b2bfb3ab4cf14aae,76280,76283,True,་,False,ན
I881A57E8,new,55d4e78e900249e981c15ceea2b5bb7b,76300,76303,True,་,False,ི
I881A57E8,new,2a2ff98702c74029a5b01bcf1506b828,76341,76344,True,་,False,ད
I881A57E8,new,458119f99d524a529f8e85832351afa9,76367,76390,True,་,False,ད
I881A57E8,new,df184d9f33024794aa0826f8b3f1d7d6,76450,76454,True,་,False,ག
I881A57E8,new,25ffb4dc9f504c3abed99f82e1390e1f,76459,76467,True,་,False,ག
I881A57E8,new,63c3f8203c0043c2902199ac6d5cc75b,76473,76478,True,་,False,ས
I881A57E8,new,53f7a237b0634317b7f7b3cfb100e1f8,76482,76490,True,་,False,ི
I881A57E8,new,e1a4695f844c4f13937054aaec5f40c5,76502,76512,True,་,False,ན
I881A57E8,new,6e3a93dd92f54608a41c945f8a4263c2,76516,76520,True,་,False,ག
I881A57E8,new,d260361f4198411c8b4e86b76a5c8793,76523,76535,True,་,False,ི
I881A57E8,new,571d1c7027074b27bd591e2fbfe2d9cc,76553,76578,True,་,False,ོ
I881A57E8,new,ccb70d78ce7142d7a3f844773a52765c,76586,76588,True,་,False,ི
I881A57E8,new,d493469aa8cf4a3c97119ecb58571d6f,76597,76603,True,་,False,པ
I881A57E8,new,da7987eb631c40758f78955a34ca922b,76615,76635,True,་,False,ས
I881A57E8,new,ea87c85820764abb97555299094d6658,76685,76691,True,་,False,མ
I881A57E8,new,22f8ef5e315e4b7098e2914f2522927b,76696,76703,True,་,False,ི
I881A57E8,new,26b35ca393de495299216803367464ca,76712,76722,True,་,False,ས
I881A57E8,new,f2f89f56322c4ac5b06e1db5580c5221,76732,76737,True,་,False,ས
I881A57E8,new,d2d014c93f7146aeae8aebb011a77633,76740,76768,True,་,False,ས
I881A57E8,new,1b25528470d040a59eb0b8b6b682947d,76802,76813,True,་,False,ུ
I881A57E8,new,c0c70b21f8d44569a63bd8c3cce7242c,76823,76837,True,་,False,ས
I881A57E8,new,7d1ebe04483b468b9382c08d7d35779b,76850,76856,True,་,False,ས
I881A57E8,new,fd470c9bd4954ebb8209e703cfd94c61,76884,76889,True,་,False,ལ
I881A57E8,new,76a5c7a7827c49cb9954b99c82aa6578,76904,76911,True,་,False,ར
I881A57E8,new,e705f600210d44e48af48a08b08968a9,76923,76928,True,་,False,ར
I881A57E8,new,0c8732cd97bf4825af605dc674a56150,76941,76949,True,་,False,ས
I881A57E8,new,1d88bbe6a8d641a8b163c55766904cd5,76959,76962,True,་,False,ི
I881A57E8,new,4abc81bd30f64cf8af13f68bd243b33b,76966,76975,True,་,False,ས
I881A57E8,new,3a3c7647167c4332aadbeb6780f070f2,76989,76995,True,་,False,ག
I881A57E8,new,df3541ad31d5444489262a494bb7ae7a,77012,77019,True,་,False,ས
I881A57E8,new,594a6f7b96ba43208481d5bad05f5517,77035,77041,True,་,False,ས
I881A57E8,new,3e9a3c7b51994e3ea29b3e1ddefdfb64,77060,77079,True,་,False,ས
I881A57E8,new,d061682e74f84162826c7ff35b9877ff,77113,77131,True,་,False,ི
I881A57E8,new,de4aa6b4729d48ada4c0c74e73b98069,77142,77169,True,་,False,ས
I881A57E8,new,a14661427a60414a8af8344f72ac79c1,77532,77545,True,་,False,ས
I881A57E8,new,5f65110ecea4406da24f11051eb4179d,77606,77631,True,་,False,ི
I881A57E8,new,caac591e977d4a47ba6d8d5a288ef86c,77676,77685,True,་,False,ས
I881A57E8,new,d784437b2cce4eada5a19c5a0dd0629f,77705,77708,True,་,False,ས
I881A57E8,new,b1e5356bedad4fce87f7c390331cd3fa,77730,77734,True,་,False,ས
I881A57E8,new,5a4a72468847445a8866e750797ea766,77737,77739,True,་,False,ང
I881A57E8,new,d3c7b25e6313453daf6dd819c2a82a1e,77774,77781,True,་,False,བ
I881A57E8,new,dda8a4e081624c30a403f75a149aafd1,77837,77845,True,་,False,འ
I881A57E8,new,5e7a1eb8eb814bb197102e453f596454,77855,77863,True,་,False,ལ
I881A57E8,new,00c01b72e3b64c92afedd67fcb245fa5,77931,77934,True,་,False,ག
I881A57E8,new,0ab1d3a470974c40be245ab2722cecd6,77937,77940,True,་,False,ད
I881A57E8,new,d14abdcb3ec44a8c87e48f1d248c2e6a,77944,77952,True,་,False,ང
I881A57E8,new,4fd5492f5d6c4a21abfac14bc3ee6747,77985,77999,True,་,False,པ
I881A57E8,new,be513a510f6d46d68608df4d5d5dd819,78025,78040,True,་,False,ག
I881A57E8,new,df5a058b6bbb4c1cb62cbe5e23013cfe,78074,78088,True,་,False,ན
I881A57E8,new,3bd0a39aaba34df39a6390c33fc8aa46,78092,78094,True,་,False,ི
I881A57E8,new,c7c8a238bcf84d5ea54d503799b82a1d,78144,78147,True,་,False,ག
I881A57E8,new,13580cb9d82e46fbaa98f6a1b5a416b3,78150,78153,True,་,False,ད
I881A57E8,new,a62ad583256e49eb85055beb7b0f497d,78173,78189,True,་,False,བ
I881A57E8,new,7554439bd7f14f52bd9c4c7dd5bb30c3,78194,78198,True,་,False,ར
I881A57E8,new,ce6c6fdc6176477ab4209aad9a502de1,78245,78273,True,་,False,ི
I881A57E8,new,e1232a4013fa4b23aaabd547a34a1426,78303,78311,True,་,False,ི
I881A57E8,new,0aceaf8cfddb4b8db5ffa90f4bac2b01,78332,78342,True,་,False,ས
I881A57E8,new,6fdb300c24dd4a72a35c167efaede960,78353,78362,True,་,False,ས
I881A57E8,new,4cdc16aa33034b62bd4bed2cf4a50946,78530,78555,True,་,False,ས
I881A57E8,new,9256f4e71e3f4d65806bffe256ed2793,78625,78645,True,་,False,ས
I881A57E8,new,c61960e77d9b4e32b5acd5e1166a2cf2,78654,78660,True,་,False,ེ
I881A57E8,new,7bb8860c0cb04d52bb3a209104a47203,78703,78712,True,་,False,ས
I881A57E8,new,8d540f711c814f3ab604268d8643c220,78740,78746,True,་,False,ོ
I881A57E8,new,e37c818a3808474780fada4f4e84d677,78749,78756,True,་,False,༌
I881A57E8,new,8c5b6986c765460fb6437b8da91fc528,78800,78823,True,་,False,ན
I881A57E8,new,74e463bb2ead451eb0f682f9b0fb0987,78833,78848,True,་,False,ི
I881A57E8,new,9339f0bb44094308afac634d55c04fb4,78859,78871,True,་,False,ད
I881A57E8,new,8edccad541144a3ba601004d254ce9be,78876,78891,True, ,False,ར
I881A57E8,new,a15ee381b3e9499d870ae7cd9e4ae27d,78906,78918,True,་,False,བ
I881A57E8,new,0bb357dc3381408bac9f4d6080baffef,78932,78938,True,་,False,ད
I881A57E8,new,95806d0c5c7d4cd2b9886fa23688afa8,78948,78953,True,་,False,ན
I881A57E8,new,ee0ce6d20a2749b78732becce8ae9c78,78972,78980,True,་,False,ས
I881A57E8,new,85a3f67ff2f842bc8326281dd236e4ae,79091,79103,True,་,False,ན
I881A57E8,new,cac604cd59174cc5abe19be784e4dd7f,79168,79177,True,་,False,ད
I881A57E8,new,f86b0149d958468cb2c95f4899746f70,79205,79211,True,་,False,ི
I881A57E8,new,2f1380ab3df043f3863b79cb583a0ed3,79248,79267,True,་,False,ེ
I881A57E8,new,1faee26a6ecb49d2ab6ac7a630460366,79273,79276,True,་,False,ན
I881A57E8,new,af62481844444c5dbbab22901cd041db,79281,79304,True,་,False,ན
I881A57E8,new,7836fc10d71f49ffb27ce599231a7b62,79343,79346,True,་,False,ས
I881A57E8,new,a74283cacdad468e8518c66871a72a7f,79380,79387,True,་,False,ད
I881A57E8,new,bd48fa457fe641b89028eda508cbf3cb,79418,79425,True,་,False,ང
I881A57E8,new,470bf6e7e2734ec0b8eaa8675c7fe87b,79429,79435,True,་,False,ང
I881A57E8,new,46d8497d6d2740fdad21f7134d284e23,79454,79457,True,་,False,ན
I881A57E8,new,229d6386ef1a42b5a77e5c79659c2045,79474,79494,True,་,False,ད
I881A57E8,new,31566cbadab04132925028133ce8e8d9,79518,79524,True,་,False,ི
I881A57E8,new,ba901f1d9d164a8c9f2fe5b166b3f728,79532,79536,True,་,False,ར
I881A57E8,new,6fb16fa8dc1f4285a4c5b4f0181fda28,79539,79541,True,་,False,ང
I881A57E8,new,ca617a3a56d64419abf30365b4b79aa4,79547,79552,True,་,False,ན
I881A57E8,new,8bb845d0131b4bc692101bc8bdd454e5,79556,79559,True,་,False,ས
I881A57E8,new,d5cd3d2a767c4489b67cfbadd3d104af,79563,79574,True, ,False,ང
I881A57E8,new,2916e8b5b77841fe9f12f26cfc297bbc,79581,79588,True,་,False,པ
I881A57E8,new,d5a4688754e84feaa1dde356f8192f51,79593,79595,True,་,False,ེ
I881A57E8,new,186f0afea847421eb3cb4cd0e15900f9,79634,79646,True,་,False,ས
I881A57E8,new,a891e68b5ede4ddda6706ab57a46f2e9,79651,79666,True,་,False,ག
I881A57E8,new,9e013646e89a4983b2a8411955fe9ff8,79679,79684,True,་,False,ས
I881A57E8,new,6a16dd134c454af5bfb8a83c610350c0,79687,79699,True,་,False,ན
I881A57E8,new,d560e2563cec49c0914b3a5b570f97b5,79771,79777,True,་,False,ད
I881A57E8,new,2415504c824e47728b757ed9b034d1b1,79787,79795,True,་,False,ན
I881A57E8,new,db802cb52dbc41da83c17b9f21821980,79800,79825,True, ,False,ར
I881A57E8,new,6a0864a3683c4898b0b710dab43d7adb,79853,79856,True,་,False,ད
I881A57E8,new,b80390653d084463aa99728dc7799b81,79890,79896,True,་,False,ི
I881A57E8,new,ef226b3658d64275a2cd95c0039c2ef8,79906,79922,True,་,False,ོ
I881A57E8,new,a154455e73744d6aad92420438e05a99,79934,79939,True, ,False,ག
I881A57E8,new,a7050975775b44a0bb45407e5bbf5a29,79942,79947,True,་,False,ན
I881A57E8,new,b0c4a45e65a340f6948d57eb32530153,79952,79955,True,་,False,ན
I881A57E8,new,5ed2fff444b5492f999c79878039c3a2,79959,79963,True,་,False,ག
I881A57E8,new,70a02c50d7ee4586a3a6bd3bb1eb8006,80001,80003,True,་,False,ི
I881A57E8,new,d0ef867825bb4fdd9e7bb114bbd677c3,80005,80009,True, ,False,ས
I881A57E8,new,e85627fd17ae4db5af6998f35a5e0607,80014,80017,True,་,False,ི
I881A57E8,new,d74cee33ef90497a97b8aefbc8f8e51c,80026,80035,True,་,False,བ
I881A57E8,new,07f90033a4624e62973144a11a54b42e,80039,80042,True,་,False,ས
I881A57E8,new,d39297cfa8734ca9b634c90aabc8bf17,80191,80202,True,་,False,ད
I881A57E8,new,1fbc8511cedd429faf5bdcc5d03263ef,80245,80250,True,་,False,ར
I881A57E8,new,4397e7f14cc540f7abe71a76016542b3,80272,80275,True,་,False,ད
I881A57E8,new,1be97830dfb943dead6e80bea44daa80,80287,80300,True,་,False,ག
I881A57E8,new,5c7e295477984a56b2ce37cde68a8012,80305,80317,True,་,False,ས
I881A57E8,new,e001b89277f54407809dfb026d1c4496,80335,80342,True,་,False,ང
I881A57E8,new,676985270fb3401582acb428a28403e4,80359,80365,True,་,False,ན
I881A57E8,new,312e91898d124dc094868da7ebf2723b,80383,80393,True,་,False,ན
I881A57E8,new,4805580ca9a3407c911e14c099e28885,80424,80442,True,་,False,ན
I881A57E8,new,4b15be188908458d96687a113b609415,80446,80449,True,་,False,ས
I881A57E8,new,feb9851221514f2692bc2554806c5f9e,80481,80485,True,་,False,ལ
I881A57E8,new,bb1c001454f7492680035850db7ee3cd,80495,80502,True,་,False,ི
I881A57E8,new,41ea086ade6f47229ec60ad9a8b14855,80511,80520,True,་,False,ས
I881A57E8,new,41e76f8b3ee44551b4f44bc0ef8588a7,80555,80563,True,་,False,ི
I881A57E8,new,93d642449dea44848d804ef350918ddb,80620,80628,True,་,False,ག
I881A57E8,new,60bac74ded8f4589831f771cca4ba8eb,80641,80652,True,་,False,ན
I881A57E8,new,65bcec4c05c14ff5b391bee00e37e7b4,80723,80731,True,་,False,ད
I881A57E8,new,d387af33f75c4ee28aad9faea313180b,80743,80776,True,་,False,ས
I881A57E8,new,2bce66cfc41047a69a72f23f9369b3d4,80790,80803,True,་,False,ེ
I881A57E8,new,bdceb6f41dca4145bc7f4d77d220b424,80812,80818,True,་,False,ས
I881A57E8,new,8ad3eeb560934e7d93fb3c3c2d814086,80830,80839,True,་,False,ྔ
I881A57E8,new,fdec5e08b40947ed9e329333da1ab76f,80843,80846,True,་,False,ས
I881A57E8,new,06246217d3f24812a166c77f26417727,80857,80866,True,་,False,ད
I881A57E8,new,931c88db1eaa498c958f89065135058b,80887,80891,True,་,False,ས
I881A57E8,new,1ce1954ea1a9454e884a82cf2761b8a7,80895,80898,True,་,False,ང
I881A57E8,new,e9106805ae474feaa026e3ab0e7003ac,80903,80910,True,་,False,ན
I881A57E8,new,dc64daac9b4a474ebbfac8af626c5e70,80951,80961,True,་,False,ན
I881A57E8,new,ff30d774582a454fb2ef064f09bf558d,81012,81020,True,་,False,ང
I881A57E8,new,193c4b42f1c345d9b543e9e38098ef4b,81026,81029,True,་,False,ར
I881A57E8,new,4cdbbf97bfd94e2cb963d803661844db,81033,81041,True,་,False,ན
I881A57E8,new,16a20f1635c84772a58bba85a98f8667,81055,81060,True,་,False,ལ
I881A57E8,new,dcba13b9ea264c53a8d9d6e0a27528ca,81075,81077,True,་,False,ང
I881A57E8,new,e9ce20daafcb46b79e32d607fb8b53a3,81090,81093,True,་,False,ང
I881A57E8,new,51e0d755864441899ab0786adac74280,81115,81131,True,་,False,ག
I881A57E8,new,081b65eb0b0d4271a5f7872281eddbd5,81141,81143,True, ,False,ང
I881A57E8,new,0ef5182e92c14f448afb56aca048daa9,81153,81156,True,་,False,ང
I881A57E8,new,4715239b0425489d8f4ee171ed01ca4a,81174,81194,True,་,False,ང
I881A57E8,new,050542a64ffb4da6b6c874609d749184,81210,81214,True, ,False,ས
I881A57E8,new,17abde62c33846faa7024eaa7168d60e,81218,81222,True,་,False,ན
I881A57E8,new,00be72dab5524c0e8a8c82f6522c08ca,81246,81261,True,་,False,མ
I881A57E8,new,c4000582ac8c426ab46bbd6807aced59,81276,81278,True,\n,False,ེ
I881A57E8,new,5ed753cc3b4e472bb3ab9255041fadec,81307,81310,True,་,False,ས
I881A57E8,new,fbb40768901d4754a14f81803c4868b5,81329,81352,True,་,False,༌
I881A57E8,new,b9686c9a17394f07864d95a3e0e527b8,81364,81372,True,་,False,ད
I881A57E8,new,34089b24881b425fb22bf2b405f79214,81392,81397,True,་,False,ས
I881A57E8,new,1526c6c301ec462a9156c0c7775a725a,81400,81402,True,་,False,ེ
I881A57E8,new,c2fe4244f62347be913157c306a9cfa7,81406,81416,True,་,False,ན
I881A57E8,new,35236c98c4f24e21825665d847966d6c,81451,81459,True,་,False,ད
I881A57E8,new,2e2fab28f096436eb7e2d7e3dc45863e,81488,81495,True,་,False,པ
I881A57E8,new,064880d4acba449fa61fe9723fa7ff0d,81502,81518,False,ོ,False,ར
I881A57E8,new,9e5aad57aa044d3a8a9f1af5c2b4eb6e,81530,81540,True,་,False,ས
I881A57E8,new,6b54a223fb604964a92dfbafc580a177,81579,81585,True,་,False,ས
I881A57E8,new,7518e95f81244f53a58e6be653a7a357,81628,81632,True,་,False,ང
I881A57E8,new,35efc76076e84b918e6061660254b98e,81642,81647,True,་,False,ས
I881A57E8,new,f7b634cb7afe4177a3a9f20d8cf65d91,81670,81671,True,་,False,པ
I881A57E8,new,fe3a3d2fd4764f81b694d2d06f5903c8,81673,81680,True, ,False,ང
I881A57E8,new,33425c4bcb6249c6811ea78d04ec9d5a,81690,81706,True,་,False,མ
I881A57E8,new,7849fc824d7e4e8c9656f8f50f471048,81800,81807,True, ,False,ང
I881A57E8,new,793bc6c619f04fc393ec72f102444346,81824,81828,True,་,False,ན
I881A57E8,new,0cad3bbaf7764b4590da311eaf9e58c4,81832,81835,True,་,False,ན
I881A57E8,new,cb75e081163c405d8aed600873d40b97,81838,81841,True,་,False,ག
I881A57E8,new,7d2b187bbbcb4aff82c8cb74f49315dc,81846,81850,True,་,False,ར
I881A57E8,new,dc8a41eda3aa4f0c93a4f4f579b021e5,81911,81916,True,་,False,ས
I881A57E8,new,d9a29978450e4af8a0ba84b9f3e2a947,81933,81939,True,་,False,ད
I881A57E8,new,d07a77d659854f3ab339639c08aed58b,81963,81967,True,་,False,ན
I881A57E8,new,125ffd95e6ff447d9e49c6e272f0786b,81998,82001,True,་,False,ན
I881A57E8,new,8d93a4e5ef444faea436de980e0333a7,82050,82061,True,་,False,ེ
I881A57E8,new,a5c79d21ca7b4700891fd0dbfafcba45,82070,82072,True,་,False,ུ
I881A57E8,new,991656b6a53048c58ab392abfa1aae6b,82088,82090,True,་,False,ླ
I881A57E8,new,d81e8fbd82414a6ba5a8d7aa15cab4fe,82099,82106,True,་,False,ུ
I881A57E8,new,91972c10a46c420ca46047e1d812bbc6,82472,82475,True,་,False,ས
I881A57E8,new,9d99febfb0ee4543aebadf2162127564,82489,82493,True,་,False,ས
I881A57E8,new,ce4ffa1b2d1c4eb3a36a379936885427,82499,82503,True,་,False,ད
I881A57E8,new,55c25ce32683453ea296b69bc1cf619d,82533,82537,True,་,False,ལ
I881A57E8,new,f6de5f5cdb314576b5537ef139cadcd0,82547,82573,True,་,False,ས
I881A57E8,new,7435ff4a974f4b908a3c6a60bf808ec5,82588,82604,True,་,False,ོ
I881A57E8,new,bbe5c4b797e04165a67aa355a666953e,82610,82613,True,་,False,ར
I881A57E8,new,6bbef5e6638b481a8bd22c4a070ca78b,82698,82712,True,་,False,ས
I881A57E8,new,a17dc6f903a0478284642979cab913d8,82717,82726,True,་,False,ད
I881A57E8,new,e697f711e19b428aaf7c43ca1e5b733a,82773,82791,True,་,False,ས
I881A57E8,new,316602a271c64f698798409bf602013a,82796,82801,True,་,False,ང
I881A57E8,new,63083892dee04685af8d4c6e61019920,82830,82840,True,་,False,མ
I881A57E8,new,8f334fe2bdaa4c37a3f1679ee9a761c5,82860,82874,True,་,False,༌
I881A57E8,new,dce72221227446d6b9bc49fa952cef3b,82933,82941,True,་,False,ས
I881A57E8,new,920ee79c16c84a7a99b8b845b8a120c2,82950,82959,True,་,False,ན
I881A57E8,new,093784c8ef3b400a88660dbfe6c6d7cc,82973,82979,True,་,False,ས
I881A57E8,new,102be4f07ed84818b72ba80fec3c29bf,82986,82992,True,\n,False,ད
I881A57E8,new,f831fe8493c343398f6b48192a73926e,83039,83040,True,་,False,ལ
I881A57E8,new,569a7e5325f04b88bf1c485524d20f63,83065,83089,True,་,False,ོ
I881A57E8,new,f51be4a287c446cf99f6bddcaf682135,83103,83115,True,་,False,ེ
I881A57E8,new,74f60bd5d4f74510a42c6e95f746c35b,83125,83148,True,་,False,ར
I881A57E8,new,f9efb56fc14a4ca1b820378ef5d1d1f2,83161,83172,True,་,False,ན
I881A57E8,new,84ef104dcdcc4b6d87d59d2b2366144a,83243,83250,True,་,False,༌
I881A57E8,new,49e031cd929a4858b2ad10e774f12bf6,83272,83279,True,་,False,ན
I881A57E8,new,6defbb1ecfc448e6bdda666e53ca0f80,83306,83308,True,་,False,ས
I881A57E8,new,b5b415ae553d4df688f355c469c0140d,83314,83317,True,་,False,ས
I881A57E8,new,9b95d3d0e0f345b0b2c42e425c66d3b2,83337,83345,True,་,False,ན
I881A57E8,new,2d0c01bf7eb8468d8b8cec82ad001457,83383,83386,True,་,False,ས
I881A57E8,new,928e91cb37da4519936e93021df6c446,83403,83414,True,་,False,ོ
I881A57E8,new,d8224afa09564e32b33019374f3d1d76,83432,83442,True,་,False,པ
I881A57E8,new,a69b8e23a5f441dfb60a5e52762e5735,83451,83456,True,་,False,ན
I881A57E8,new,cd6bfc62ec554173b9b7d415f0e5c03b,83459,83462,True,་,False,༌
I881A57E8,new,89f9b1abc9994b18a5538641bf57dd6f,83513,83532,True,་,False,མ
I881A57E8,new,5690c26f16f545d790c233ef32e7be15,83549,83552,True,་,False,༌
I881A57E8,new,7dc8182a818440eeaf9d025165caf5e6,83575,83582,True,་,False,ན
I881A57E8,new,3197fcd695ea40acb3f1aa0c766e8cb1,83623,83632,True,་,False,ག
I881A57E8,new,c27f760bd0a3453f9c758a4f9d0713a7,83690,83715,True,་,False,ི
I881A57E8,new,9b770347556d4851a404d61288eb741c,83763,83765,True,་,False,ེ
I881A57E8,new,44fee866388746a1adbe116fee9d860d,83768,83773,True,་,False,ན
I881A57E8,new,4402471e52044195b4ede823ffe01874,83778,83786,True,་,False,ས
I881A57E8,new,44871d01a803461596bdd2ae4649f277,83789,83791,True,་,False,ཞ
I881A57E8,new,05472030559d404e8bff4bfed2e82566,83806,83813,True,་,False,ན
I881A57E8,new,330654676e1d4ead973ab4d5594eb5f4,83836,83843,True,་,False,བ
I881A57E8,new,508d0642d63444f8bf9fdaac0c409274,83904,83912,True,་,False,ན
I881A57E8,new,da5871bc976d4d79be45235188eb4afc,83954,83957,True,་,False,༌
I881A57E8,new,bdf297ad5f2e47f18daf0e003d3f5c7f,84004,84006,True,་,False,མ
I881A57E8,new,e449f0ca2a3e4bc9a75e5aab401038b2,84025,84027,True,་,False,ང
I881A57E8,new,8ff6aa18a4ff4f9395865f98020df69b,84044,84048,True,་,False,ག
I881A57E8,new,67a10c2fb7994acd9a5d2af36ac234b1,84062,84066,True,་,False,ན
I881A57E8,new,df06ec96eece4784bb962d0fbbca8fa0,84101,84105,True,་,False,ད
I881A57E8,new,869a669fc9b64f47b5ad01000556fde4,84108,84111,True,་,False,ད
I881A57E8,new,c4020fe0a4384fd096cb552e5e9516c9,84114,84117,True,་,False,ད
I881A57E8,new,a7a5fcc0baee49da88edbc145a5114a6,84162,84170,True,་,False,ས
I881A57E8,new,631b32404c1f4db290706e3d38d11c54,84253,84260,True,་,False,ལ
I881A57E8,new,e2e777146226405b80ef28b2622a6f1f,84268,84276,True,་,False,ད
I881A57E8,new,80ed79aa3b6d464c891c46086cabad65,84305,84316,True,་,False,ས
I881A57E8,new,62412beca5f04b55b15fa67f2efd098b,84342,84345,True,་,False,ག
I881A57E8,new,a11ecaffbd0c46d3a58392c1031acf5f,84349,84352,True,་,False,མ
I881A57E8,new,3eeb10d40d374bc0881716cab7c15300,84358,84361,True,་,False,ག
I881A57E8,new,d981348bae6b4900bb8f92b2c5adaca6,84396,84418,True,་,False,འ
I881A57E8,new,63729294fa8a405295a3bd09e4ce33cb,84421,84424,True,་,False,༌
I881A57E8,new,cd0e03ceeb9a4010887ef801b0a7183f,84433,84440,True,་,False,ས
I881A57E8,new,967a221b2a5e473a960fb870a1eaf597,84445,84464,True,་,False,༌
I881A57E8,new,5e73ad7fb2084bb79b7b4f7f89f5be33,84500,84506,True,་,False,པ
I881A57E8,new,125442e5d1da4c3c878220cf38e6d9bb,84525,84536,True,་,False,ས
I881A57E8,new,e83e65c7b4a945179e9c0bd152b9957e,84568,84577,True,་,False,༌
I881A57E8,new,457936a5b1e04064af5f48564ee1669d,84599,84607,True,་,False,ན
I881A57E8,new,9acbd1dac82446d0879077d4e4304d07,84633,84639,True,་,False,བ
I881A57E8,new,cb808751d1d44068833329ccb84e6913,84665,84691,True,་,False,བ
I881A57E8,new,aa9f7300b9ef4ecab855ea21f646e2d1,84715,84723,True,་,False,པ
I881A57E8,new,bbb1337bcdf447ddb88a4f6eeef6c78b,84918,84920,True,་,False,ས
I881A57E8,new,6e0a2bdb8ca6414c88d2a41c19d875d7,84932,84948,True,་,False,ན
I881A57E8,new,3fe8c437818549549fc59f3368e770ef,84952,84956,True,་,False,ོ
I881A57E8,new,9857b7f9b58945b98e6b264169f9d715,84959,84962,True,་,False,༌
I881A57E8,new,c8765e9f8ca74866aeee3c6ea00cac55,85051,85054,True,་,False,ས
I881A57E8,new,55fe6c170a6d4098bb3b9f2ee7d2d909,85060,85061,True,་,False,ལ
I881A57E8,new,c9f0421de4264b1fa2b6e7363c18e4a1,85083,85088,True,་,False,བ
I881A57E8,new,fb84e05e7f0c4a9ab02644232bf6b3f2,85091,85094,True,་,False,ད
I881A57E8,new,acbf1f6b98934ce2856b52d140ae11d7,85101,85113,True,་,False,ེ
I881A57E8,new,8a7a67a397ff49978803e091e5adb626,85129,85136,True,་,False,ས
I881A57E8,new,4169142c52fa4500ba5093b994890633,85140,85145,True,་,False,པ
I881A57E8,new,31bd210fbe2c46a59f4b8269690dba92,85164,85175,True,་,False,ན
I881A57E8,new,97f21362ebc148d9ae510513c47a3468,85230,85251,True,་,False,ད
I881A57E8,new,82f743e0f24a402c9502a62b4447989e,85283,85286,True,་,False,ན
I881A57E8,new,5cfef2b1bc4e4a5f8e1862cc1655416f,85289,85294,True,་,False,ན
I881A57E8,new,d94280a6c3c243199861557e55f4966b,85298,85311,True,་,False,ས
I881A57E8,new,58598be01f744349bd49620dcdbde329,85317,85320,True,་,False,ད
I881A57E8,new,e7729b7011d54019866510bf68d180d5,85323,85324,True,་,False,ལ
I881A57E8,new,61d258b7cb624c2f829c087be476306c,85338,85341,True,་,False,ད
I881A57E8,new,89e6e33527384124932e8532b3faafbe,85345,85349,True,་,False,ག
I881A57E8,new,7b0d4d8ea04842e4b07703a57023970c,85354,85367,True,་,False,ས
I881A57E8,new,5e974c5c0f224b87952bed760170bbc0,85378,85388,True,་,False,ད
I881A57E8,new,a850781703384d078b47c353ccfd5ef1,85403,85407,True,་,False,ག
I881A57E8,new,1913ba9fd7f441c6b178afe07e52f458,85410,85424,True,་,False,ན
I881A57E8,new,5293ecdc7d18495fb0ec3005a82bfc4f,85462,85476,True,་,False,པ
I881A57E8,new,34018db5a4924e8ba80d9ce8158515ac,85520,85528,True,་,False,ས
I881A57E8,new,c631212d9ac949529a3357e7dcf9dd25,85542,85545,True,་,False,ས
I881A57E8,new,4aa87c24381d4d909c5979ee664c815f,85555,85561,True,་,False,ས
I881A57E8,new,3f911539064d4e54a207ccacf36a0816,85578,85596,True,་,False,མ
I881A57E8,new,77ebf1d139d9464996e02d09e417aa02,85620,85636,True,་,False,ན
I881A57E8,new,953c6ca614fa4fa681b614aa846a1771,85670,85673,True,་,False,ི
I881A57E8,new,7aa4f55a96eb4472927a85774dd9d44c,85705,85713,True,་,False,ི
I881A57E8,new,0c39262ce5804bebb31aee54eca4466a,85726,85731,True,་,False,ས
I881A57E8,new,a7fff72f00fa4b35952fe57da9b0109b,85746,85750,True,་,False,ན
I881A57E8,new,c41d164cba64493d9861b32466e79440,85753,85756,True,་,False,ས
I881A57E8,new,6da94bf18b3749f9b24a3a9cecb4e33b,85783,85786,True,་,False,ན
I881A57E8,new,33e5b8d4c80749c8bc33408ce83034e6,85793,85797,True, ,False,ྟ
I881A57E8,new,06f79c2165ec4b35be23b27b5dba6247,85827,85841,True,་,False,ེ
I881A57E8,new,4085a2b3acc54763913cb79061e1942d,85862,85866,True,་,False,ན
I881A57E8,new,7b63196650a84bebabccca09bd531c5d,85870,85873,True,་,False,ས
I881A57E8,new,258be0f127da430f9500f793050d67b3,85887,85901,True,་,False,ན
I881A57E8,new,325e7890dbff4b17a36e8ab0506cbf17,85931,85935,True,་,False,ས
I881A57E8,new,216700a165c340aea5cde7ffce11e721,85942,85951,True, ,False,ས
I881A57E8,new,a520e7b1040647faa3de23e42b6c67a4,85955,85959,True,་,False,ང
I881A57E8,new,ef5e3630681e40bfbe04cb77444694a4,86004,86014,True,་,False,ན
I881A57E8,new,aa8ed2b612a7442baeea76fce1de62fb,86027,86031,True,\n,False,ི
I881A57E8,new,d17722e8bbe74baba0712e224f813434,86058,86080,True,་,False,ས
I881A57E8,new,dfbca068aaa24969aa42b09b400edb93,86084,86088,True,་,False,ས
I881A57E8,new,50bc838e0f27445abe14e9d8e58579a4,86111,86115,True,་,False,ལ
I881A57E8,new,43f398f282ca4da1a75ef003d5d4729a,86132,86141,True,་,False,བ
I881A57E8,new,bacc53e0ebb54368b2ec48f4aa0194d8,86148,86153,True,་,False,ལ
I881A57E8,new,105c1ef8f03747d0b00c3d4e2ec4e49d,86188,86191,True,་,False,ལ
I881A57E8,new,3a07dda8d5f74beab00429dc8e813d0e,86195,86197,True,་,False,ྱ
I881A57E8,new,11b446b46a98496dadd7c421ab3f4d29,86203,86212,True,་,False,ད
I881A57E8,new,8e399f0d52f8412f8610f039307ad030,86246,86264,True,་,False,ད
I881A57E8,new,9b10a664b506442ba49089b2f5b650c3,86269,86272,True,་,False,ད
I881A57E8,new,47f77685a7c547e494b5e4e216fb041b,86277,86282,True, ,False,ག
I881A57E8,new,b05a3923239d4a6989f33bf136994efa,86292,86295,True,་,False,ད
I881A57E8,new,dae20ff8a7e842709568188ead3b6472,86299,86300,True,་,False,ལ
I881A57E8,new,898845a804a94cee80d81d43aae90e1a,86324,86331,True,་,False,ལ
I881A57E8,new,d0a1e93f98df44cca41f220b16776466,86446,86451,True,་,False,ག
I881A57E8,new,122edcd57e5c40ac954e26bf691c0126,86455,86461,True,་,False,ན
I881A57E8,new,502b0a5d410848808e2813af97c84067,86484,86495,True,་,False,ལ
I881A57E8,new,812d72ff79a24556a5c8eeea9fa00f54,86540,86543,True,་,False,མ
I881A57E8,new,2faafadd78334acc8afb3a67a23236a3,86547,86551,True,་,False,ེ
I881A57E8,new,ae5a4bf0d8cc4234800c459d1fa1a0ce,86557,86575,True,་,False,ན
I881A57E8,new,992dc313f6d648e3895fad2417f0516d,86580,86587,True,་,False,ར
I881A57E8,new,bc4690216b42479e9dea079f27f8e9ee,86594,86599,True,་,False,ི
I881A57E8,new,779ef37779644a9e9b14421c7f138c51,86603,86606,True,་,False,ས
I881A57E8,new,a539315b97454b978ae626015d1f8aa7,86635,86639,True,་,False,ང
I881A57E8,new,50811750d97347ce85a382419cfa7a88,86663,86666,True,་,False,ས
I881A57E8,new,b79d1239b41b49c49a2ce74000450575,86698,86715,True,་,False,ི
I881A57E8,new,2bdbcd866b524a43a7872d5069fb5ca2,86732,86742,True,་,False,ན
I881A57E8,new,7dae8382549e4901be4df6eaf90f7ea0,86748,86750,True, ,False,ླ
I881A57E8,new,d76403ca985e4edeadc834ff8cd68395,86753,86756,True,་,False,ད
I881A57E8,new,410442afac344b4e930166e36a51d079,86775,86782,True,་,False,ི
I881A57E8,new,8c8af12385e14a22b3551bd94470e6cb,86790,86794,True,་,False,ང
I881A57E8,new,500e7f17cf2348239f64e7578d7fe6d6,86800,86805,True,་,False,ན
I881A57E8,new,f030c6f5ba5a4b908962882e17a01452,86820,86824,True,་,False,ལ
I881A57E8,new,6835bca61a1f4d42a193e894fdd15344,86851,86865,True,་,False,ས
I881A57E8,new,1f19769739d14cbfa7a96b9ac0b6e0c4,86870,86877,True,་,False,ན
I881A57E8,new,ef22e7b1e6d3429bb9f60b6bfb5137fc,86888,86906,True,་,False,ན
I881A57E8,new,d708ae3cc504495f96351f42ce9a9ba0,86914,86921,True,་,False,ད
I881A57E8,new,03b50e254fba4a05b73ea87330ccae4c,86948,86962,True,་,False,ན
I881A57E8,new,95f91eef1da540819568185f1ece88de,86969,86975,True,་,False,ས
I881A57E8,new,a60e2b756e954400905cf037fb551a90,86995,87005,True,་,False,ེ
I881A57E8,new,dbc99b9044824a3da095dca23043761e,87036,87043,True,་,False,༌
I881A57E8,new,9e3ca08ddc954185a3498214ae5fb44a,87053,87056,True,་,False,ྭ
I881A57E8,new,4c0f14338b0845179da162b7816db2a9,87070,87085,True,་,False,ང
I881A57E8,new,cd6a4183329149e8963a17b378ef717b,87097,87118,True,་,False,ལ
I881A57E8,new,a17f22c004c248cbb4ccc44725f983a7,87136,87157,True,་,False,ན
I881A57E8,new,0f6d9f2668854e5ba91f86fe2c407a02,87265,87276,True,་,False,ང
I881A57E8,new,26a670eac8dc47609bdd5e79020d1500,87291,87305,True,་,False,མ
I881A57E8,new,9f7fb13fa75f454c98e9a788e19f1ef4,87309,87314,True,་,False,ར
I881A57E8,new,53644634fba8446884ee69f9e53eedc5,87317,87321,True,་,False,ག
I881A57E8,new,330ce1b52432464fb41ecd98e3c041b3,87324,87326,True,་,False,ེ
I881A57E8,new,bcbc4a068b1e4ee38837f8e0cd330d99,87335,87340,True,་,False,ས
I881A57E8,new,71fde56428ae44c48d1a15c06407b5c1,87348,87350,True,་,False,ས
I881A57E8,new,944fb0b750f64a038866dc97f2415da0,87372,87374,True,་,False,ེ
I881A57E8,new,99b53a832d864231ab168d2b8abd88fc,87378,87380,True,་,False,ེ
I881A57E8,new,7f6cac885ffc4dd7afec7f6f130fa9c3,87391,87407,True,་,False,ས
I881A57E8,new,b9bdc6096cac42928e6e66bf3f915db4,87453,87455,True,་,False,ེ
I881A57E8,new,5f9436c721b54bd68b66f783372a69c8,87459,87461,True,་,False,ས
I881A57E8,new,ee38c1ec51b64819bf98950646f938f0,87474,87493,True,་,False,ས
I881A57E8,new,249f38a3c13a4b09b627a210dee94189,87527,87543,True,་,False,ུ
I881A57E8,new,7850d801d0554d00854ab046ce32e122,87557,87560,True,་,False,ེ
I881A57E8,new,40b580a4a788415fba692d28d1101418,87630,87637,True,་,False,ས
I881A57E8,new,40fe19207493476198af5eaec9ac9c1e,87649,87653,True,་,False,ག
I881A57E8,new,3a0b79d9c8b4403588298ea0e0ed8913,87707,87717,True,་,False,ན
I881A57E8,new,7f9ae34a24ea458b987397377a0f57e3,87723,87726,True,་,False,ས
I881A57E8,new,fea6c9ddedc54981a4f853e5ccf35a58,87741,87754,True,་,False,ལ
I881A57E8,new,48ec18d16bf14b2daf003be69bddaf63,87771,87784,True,་,False,ང
I881A57E8,new,d1645af638ad4f42841552803c300238,87812,87816,True,་,False,བ
I881A57E8,new,f27b2d4a657946e99674f7a5f909f6bf,87824,87834,True,་,False,ས
I881A57E8,new,9bcc5d22faa94b698149b8a9867591e0,87843,87848,True,་,False,ང
I881A57E8,new,01e519a02179461ba8bdd53848b17edc,87851,87854,True,་,False,༌
I881A57E8,new,6ded3834657941a09443f2b73b938368,87865,87873,True,་,False,ོ
I881A57E8,new,e0e6ed203ecd4fe89929bfe7851b9250,87885,87890,True,་,False,ས
I881A57E8,new,b0dd7a4f8e3a41dca4dbf44448be7128,87902,87913,True,་,False,༌
I881A57E8,new,c3befd3e8db346e6b65ba795c93fa12f,87919,87925,True,་,False,ང
I881A57E8,new,5fe8a404bba04cbaa995273c0d34bfea,87936,87943,True,་,False,ས
I881A57E8,new,679504a4fd8442759ac4bad2419bc768,87950,87958,True,་,False,ས
I881A57E8,new,78c15c13e4494d9e80854fc871489f8a,87977,87979,True,་,False,ག
I881A57E8,new,1a2ed6de9e314327b6e6cff267dd1c52,87982,87984,True,་,False,ེ
I881A57E8,new,32542129afb1477fada03e2fada82131,87991,88007,True,་,False,ད
I881A57E8,new,f026cb36f1b24beda7b9e2a30eeea231,88012,88017,True,་,False,ང
I881A57E8,new,a758f31d038d48dfab8b7781993cabac,88028,88035,True,་,False,ན
I881A57E8,new,8f769b7d2d894ed786735eb949446042,88039,88047,True,་,False,ི
I881A57E8,new,acfa0bd44006492687414343fba0ef86,88056,88063,True,་,False,ྻ
I881A57E8,new,9f373d8028a14e5fa346796401b4f85b,88070,88085,True, ,False,ྱ
I881A57E8,new,d4ded8b148334f75aa7633230adb4153,88101,88114,True,་,False,ི
I881A57E8,new,edc2415c987c483b839c376a31de5ac0,88128,88133,True, ,False,པ
I881A57E8,new,ab0d0a3748694e6499ffa4575e13e510,88142,88163,True,་,False,ར
I881A57E8,new,0de6f598669f481c8325669f64c48973,88172,88176,True,་,False,ས
I881A57E8,new,319d932d5453492d9b75db80fbae1cb6,88183,88188,True,་,False,ར
I881A57E8,new,d23d28b8e71d4d2998f2600e7ce88329,88244,88255,True,་,False,ན
I881A57E8,new,7b707cd495d145239d830f0d20fe18e3,88281,88299,True,་,False,ལ
I881A57E8,new,19a7728d2a704181b89f83607221059d,88358,88360,True,་,False,བ
I881A57E8,new,bb97d45f3c474bc99754c3f4bc0f510b,88364,88369,True,་,False,ང
I881A57E8,new,0579f6d898dd457a8d253cc6a843c69c,88408,88428,True,་,False,ག
I881A57E8,new,7b95b962b31644f8a9c844954e069e41,88449,88451,True,་,False,ེ
I881A57E8,new,4a820d792ad84ab6a8c22f87ca7179a3,88476,88494,True,་,False,ང
I881A57E8,new,6924a96a1c034a07889e0d103d95b784,88500,88507,True,་,False,ས
I881A57E8,new,944d470b7ed641f09fcb96dfa70e5957,88571,88574,True,་,False,ང
I881A57E8,new,18c4084eb66f48b0ba1306fdd84c0e37,88581,88589,True,་,False,ག
I881A57E8,new,e3488bfb25da469fa38202999981771d,88607,88611,True,་,False,ན
I881A57E8,new,92fb837ad1f2433aac6e6971662891f6,88671,88683,True,་,False,ལ
I881A57E8,new,60224ba951f64f028b67dcd3e5711e1c,88696,88699,True, ,False,ང
I881A57E8,new,c377b7dea2a54c86a76017edbe58bf41,88716,88720,True,་,False,ན
I881A57E8,new,347b47ea867b45bcb6a268a15c8c26c6,88729,88774,True,་,False,ི
I881A57E8,new,9824438c8a254615ae514c2b7935390c,88804,88806,True,་,False,ེ
I881A57E8,new,5aee686de24f463d96a57c1b5ec8ce9c,88810,88812,True,་,False,ེ
I881A57E8,new,8dd74da9cbe4491f84711f26483a61d0,88823,88829,True,་,False,འ
I881A57E8,new,eec02c84659f492e873eaba8b3140561,88835,88844,False,ུ,False,ན
I881A57E8,new,bad50f167ae444e8895abfa137fb33ab,88848,88849,True,་,False,ལ
I881A57E8,new,d4e725ea92fa4985b66e301c03ed3050,88870,88873,True,་,False,ན
I881A57E8,new,f93b53aefe244efb946879b9ce0adfed,88885,88909,True,་,False,ར
I881A57E8,new,aa7db6ed8b024229bdfe651ee19bbe10,88963,88967,True,་,False,ག
I881A57E8,new,9b8eef3d623c42d3b0af8152a4c049ad,89014,89029,True,་,False,མ
I881A57E8,new,9a5d92226c6c4415957729a0be5fc3a1,89033,89035,True,་,False,ག
I881A57E8,new,ef4089c0924042949c4b3a1d190dd370,89049,89060,True,་,False,ན
I881A57E8,new,230a507696544e139973fd5e9a45e983,89071,89078,True,་,False,ན
I881A57E8,new,e6fe80e049f24aa3ad983fcd744278ae,89092,89112,True,་,False,༌
I881A57E8,new,73c592ed6fc241659e0dabb05810d87c,89123,89161,True,་,False,ད
I881A57E8,new,9eb20a1cfc6d48ad816f60601c502979,89172,89184,True,་,False,ས
I881A57E8,new,2309747c8208488a899b09f5810d786a,89201,89214,True,་,False,ན
I881A57E8,new,4e198d3c908d4218b1e0ffa7dc9f6aa5,89219,89229,True, ,False,ར
I881A57E8,new,2c2d4936c6a44cf6b7f250bd0246d1a9,89238,89247,True,་,False,ས
I881A57E8,new,8012c773357d4a4cbcdb69cd4cc9ad73,89252,89269,True,་,False,ར
I881A57E8,new,144f71a1753d41cbba40712b9e369b31,89273,89281,True,་,False,ས
I881A57E8,new,14fb700e56bd4109a798e6353e5e7221,89286,89293,True,་,False,ོ
I881A57E8,new,221e94bc39294639910bbb85bfd0dc39,89307,89310,True,་,False,ན
I881A57E8,new,49a8730fca55401ea1e3d02993adaed4,89352,89355,True,་,False,ི
I881A57E8,new,2045695a3ee34b68a35896cb352b14ce,89358,89361,True,་,False,ལ
I881A57E8,new,085532f11dae4edc99c0b965f96cce40,89368,89370,True,་,False,ེ
I881A57E8,new,74c1827bb75f441bbfff246a381d67b5,89373,89378,True,་,False,ད
I881A57E8,new,157bcbe321d64e7a9639f0a1bd37e8db,89407,89418,True,་,False,ན
I881A57E8,new,50bcd6ae157248ab971a593758b4fb13,89426,89437,True,་,False,ས
I881A57E8,new,31a4246b97c949d297c1e979af92547f,89442,89450,True, ,False,ས
I881A57E8,new,108e1fa08cdb48288ca85df968e7228b,89455,89461,True,་,False,ན
I881A57E8,new,1f6bbfa5ef734bf487afdebc1a7e7019,89467,89475,True,་,False,ད
I881A57E8,new,a47fe5e814b84e5481be164c4b8bafde,89494,89497,True,་,False,༌
I881A57E8,new,26c6f3d89a6945d09627f60521e62036,89499,89503,True, ,False,ན
I881A57E8,new,66d3ce9f8cce420290134a02ccb828be,89510,89512,True,་,False,ང
I881A57E8,new,f894b9ceff3b44488c18dc00eb49df54,89547,89559,True,་,False,ལ
I881A57E8,new,fee981165ab94e29b05c934c5001f2d0,89568,89572,True,་,False,ས
I881A57E8,new,41a5c3cc28a443328ae46c201c9b6e6e,89604,89614,True,་,False,ན
I881A57E8,new,5e1c0150a7714a47b673712ed303bf0e,89625,89629,True,་,False,ས
I881A57E8,new,c8e6899a6e2041ba9aadd5de44355b04,89644,89650,True,་,False,ད
I881A57E8,new,d7ab9029158f418683c1f4108fecbb2d,89663,89672,True,་,False,ི
I881A57E8,new,f343acfc670846d88cdc62a84e6979bc,89770,89778,True, ,False,ལ
I881A57E8,new,b337e1c481954dc587c7abafabf90fe0,89788,89791,True,་,False,ག
I881A57E8,new,6173c7c2572c4057a6095fee61b26064,89821,89823,True,་,False,ད
I881A57E8,new,7b4dd691b2614570ad9ddf04e2346684,89855,89865,True,་,False,ད
I881A57E8,new,19ceb69ac168465294ab21206b47a9c3,89893,89901,True,་,False,ད
I881A57E8,new,48cd01a10e6f4a449f8e2a8e47274bc4,89904,89911,True,་,False,ག
I881A57E8,new,6f6274663690451b9bbdb156b992d941,89916,89924,True,་,False,ག
I881A57E8,new,4affa7cda0f647158933f7f42b96d64a,89929,89932,True,་,False,ང
I881A57E8,new,671f027eb4be4d0ca53770c77b170113,89955,89959,True,་,False,ག
I881A57E8,new,715a7d00dec3498c8fbcb89f5b0e8630,89964,89972,True,་,False,ད
I881A57E8,new,1b64400e13eb4bf4bf9302b88604c116,89987,89992,True,་,False,ང
I881A57E8,new,37481c8d2756443fab7ef856ab989184,90041,90046,True,་,False,ས
I881A57E8,new,b129b659345b411ab97c8abfa28711a9,90051,90057,True, ,False,ེ
I881A57E8,new,7e14d63a78b745d7b9bb4d6579672198,90109,90113,True,་,False,ལ
I881A57E8,new,cf80cab18899418aa9f6cdade214bbb9,90116,90123,True,་,False,ན
I881A57E8,new,4903bda16649460e899773d552086183,90233,90261,True,་,False,ད
I881A57E8,new,e4a41b4a54ca4a1eb077cf405426442a,90265,90270,True,་,False,ར
I881A57E8,new,c43056f469d64c2daa59585ae6192730,90291,90299,True, ,False,ང
I881A57E8,new,b6d837a68d24495f846a401db158f49a,90312,90320,True,་,False,ད
I881A57E8,new,7d4a577fdc0849dcacb88029cc2192fd,90325,90337,True,་,False,ད
I881A57E8,new,26eb1d87d1e34ac48cc151343dea2a31,90342,90368,True, ,False,ི
I881A57E8,new,e9090da341714e239b9ae000503438e9,90385,90395,True,\n,False,ེ
I881A57E8,new,b6b6e1b6f37c4bf7ab779d619974f737,90416,90420,True,་,False,ས
I881A57E8,new,cff375535c6442db8bc4c8ee425910d4,90459,90469,True,་,False,ང
I881A57E8,new,9338189b5a1f4dd0b0e2bbaa639fa6f2,90529,90537,True,་,False,ས
I881A57E8,new,2bb3bfcf1f194898aafbdc72ce77c477,90569,90582,True,་,False,ན
I881A57E8,new,387c073a288240529b6fa07782863b47,90586,90590,True,་,False,ན
I881A57E8,new,0a4e6509550048439afa8edc54a01c20,90601,90606,True, ,False,ལ
I881A57E8,new,08c21b53049243eb835b657d1e7fc565,90619,90629,True,་,False,ལ
I881A57E8,new,0cef3760aaa249159d584756f9a4d6f3,90641,90660,True,་,False,ར
I881A57E8,new,33c6162925044de6936df79912bc40a6,90666,90682,True,་,False,ད
I881A57E8,new,70cf63d12898455ba24da8938938c421,90858,90871,True, ,False,ད
I881A57E8,new,75cac22599884c4ebe9a69273238ceb5,90877,90880,True,་,False,ད
I881A57E8,new,7da8d510980b45e0a27842bb006cad23,90885,90891,True,་,False,ར
I881A57E8,new,8537c583e38d408baccde7535f1c4b81,90899,90909,True,་,False,ེ
I881A57E8,new,6a5902243cc442708c89befa6b140621,90934,90945,True,་,False,ན
I881A57E8,new,630b393bcc384bc3873e3dbcb6b6faf1,90990,90991,True,་,False,ན
I881A57E8,new,bb48a7de450e4066b1abbb6607bbf7c6,90993,91001,True, ,False,ི
I881A57E8,new,a73b2f1dc4434c3c9a7b99d82c4abb18,91021,91028,True,་,False,ས
I881A57E8,new,0ce2040dd4304703ab3da92001420f77,91038,91049,True,་,False,ག
I881A57E8,new,5a1dbc83ef6640d294d6ac75097ead04,91228,91240,True, ,False,ར
I881A57E8,new,86a2c9d0d871474da64a30d69f517bae,91256,91263,True,་,False,པ
I881A57E8,new,e9b13f5eaf1e412e872af4c41c5fa896,91266,91273,True,་,False,པ
I881A57E8,new,4c1a17988b4f41c09f537c537c739e0b,91294,91300,True,་,False,པ
I881A57E8,new,07d35c6f2f42493baf91cb4ffd055832,91311,91322,True,་,False,ས
I881A57E8,new,bf17ec41c043448c91d285d7acfb54bd,91325,91329,True,་,False,ན
I881A57E8,new,5d730785d1e74677b1e8aadebbe3fe6c,91364,91366,True,་,False,ར
I881A57E8,new,07a416d166c642aba106d56ccbd8c507,91375,91379,True, ,False,ད
I881A57E8,new,0a98584a55584ed8ab6d80da94bf6467,91391,91395,True,་,False,ས
I881A57E8,new,b09d10826e6342929ed82ed19b7790e5,91403,91421,True,་,False,ན
I881A57E8,new,a22a6b0428f043e099004aeff2780dc5,91455,91460,True,་,False,ན
I881A57E8,new,bcf45206e2434cda9096db3f6414209f,91484,91493,True,་,False,ད
I881A57E8,new,06d80bfaa7af43db9c6fa06fef7ed0d3,91498,91504,True,་,False,ས
I881A57E8,new,c413a358c39744b5aebaa3fb179552c4,91512,91517,True,་,False,ར
I881A57E8,new,b811a91462834756bab9e63741c467a5,91527,91533,True,་,False,ན
I881A57E8,new,e3ea5abc685c4f45a1b122531e216911,91547,91553,True,་,False,ས
I881A57E8,new,e863affd79154d07a915e613a2814f6e,91561,91575,True,་,False,ར
I881A57E8,new,d5dbbd8067734bc0a897cae9d4ee2867,91633,91638,True,\n,False,ེ
I881A57E8,new,dc4ce29134dc49c8bdaff212ee54b5b6,91673,91675,True,་,False,ང
I881A57E8,new,edb90c0ebfcb462b86e64255e1bf072e,91679,91682,True,་,False,ང
I881A57E8,new,931fdd5edfbb4dd5b069f058a77e7ec1,91685,91689,True,་,False,ན
I881A57E8,new,79be32cf97da422ea4900ab2dbc478d8,91692,91695,True,་,False,ན
I881A57E8,new,98ac271938c64c92b495718463be4ad4,91719,91729,True,་,False,ད
I881A57E8,new,bbc2ad852e0d4c2cbb50f5ad706772fd,91739,91747,True,་,False,ང
I881A57E8,new,616f9ef44e5b411eb92ae261ed706d00,91762,91767,True,་,False,བ
I881A57E8,new,6ac9e608a0e24233ba3133f4236badad,91770,91773,True,་,False,༌
I881A57E8,new,ec02cdcee10148cf930367815002ae88,91800,91829,True,་,False,ར
I881A57E8,new,92410433d9a140c5a6452e7f4f5e6ab5,91872,91879,True,་,False,ན
I881A57E8,new,90326f423e9842298af0dcec0db7cacc,91900,91909,True,་,False,པ
I881A57E8,new,431477e6adc54e9fb81420afdf6fbe0b,92196,92204,True,\n,False,ི
I881A57E8,new,42c72489f1cc413484ffe91048f8b486,92215,92221,True,་,False,ས
I881A57E8,new,852edcb4e71d4519b643d696340121ba,92244,92251,True,་,False,ན
I881A57E8,new,2b5e8aabd7cb40a084c75ef01b285b89,92460,92465,True,་,False,བ
I881A57E8,new,6d9f53287e1545cf86a24d187505f9af,92468,92472,True,་,False,མ
I881A57E8,new,b4c6fec50a57490095fe7e0af58c0c18,92485,92490,True,་,False,ར
I881A57E8,new,0b279505bd9a40ae9dee8f8069370f96,92510,92521,True,་,False,ད
I881A57E8,new,f2664594bb464a8ba785d1b877f34f87,92576,92585,True,་,False,ད
I881A57E8,new,a18bc0bcf718456c8d3a06c43e75e2ef,92649,92653,True,་,False,བ
I881A57E8,new,7f0e405db698482b812a41e13f5b7048,92676,92682,False,པ,False,ན
I881A57E8,new,e5cb9143aa904fc884fa0135237afc7e,92715,92719,True,་,False,ས
I881A57E8,new,1f9b9303050646f3bfff8a52aa64d9df,92722,92737,True,་,False,ན
I881A57E8,new,88b4d8b32e0047d4b231caac01e41a85,92744,92750,True,་,False,ས
I881A57E8,new,086079bb5df146b4b5d41742a3958b3a,92777,92793,True,་,False,ས
I881A57E8,new,0d815acb327c49e99f1000583f998d0d,92798,92802,True,་,False,ས
I881A57E8,new,5204d28d8eac47f093d261633b3646ce,92818,92826,True,་,False,ང
I881A57E8,new,382bcec37706436195c907093549c710,92857,92876,True,་,False,ེ
I881A57E8,new,98f521902cf14dcf9fd8b67c44f5c547,92926,92933,True, ,False,ན
I881A57E8,new,40cef8a60f414a8da7fd5487d6021a9b,92954,92971,True,་,False,ག
I881A57E8,new,35cd3b79b4424d5c84c75a84e2a596b5,92976,92980,True,་,False,ར
I881A57E8,new,5f4b9d83913e4c54b09a493f7cdc4d29,92996,93001,True,་,False,ད
I881A57E8,new,fa141db9a4c74934881be057e0810fbc,93027,93033,True,་,False,ས
I881A57E8,new,0772decd5be3479d89fc58318018f122,93052,93069,True,་,False,ེ
I881A57E8,new,9b124d7be34740e49d8ae2eac8ada3ca,93076,93083,True,་,False,ན
I881A57E8,new,bf5e05ed074e47ca93e381e33a26f87f,93088,93093,True,་,False,པ
I881A57E8,new,4d36e24950ae4f2ab6e09dbc4c5b5c73,93153,93198,True,་,False,ས
I881A57E8,new,6777668b92124cc19939874ea8e04ac1,93241,93270,True, ,False,ན
I881A57E8,new,dcad0a9ad8604e9780497d1aef0ae5ce,93361,93367,True,་,False,ག
I881A57E8,new,5d56fc6f04454c73911638dc56cf2841,93370,93381,True,་,False,ེ
I881A57E8,new,517c3be7dc1d46c783d55c75c1f507d3,93434,93437,True,་,False,ོ
I881A57E8,new,bdcc28441a8b45729f2d88ba05d90119,93449,93452,True,་,False,ས
I881A57E8,new,5c6fe5d8a77447b8a29c287dbdea583a,93457,93463,True,་,False,པ
I881A57E8,new,07406b40d7e54b8ba2d8cececbd26898,93500,93509,True,་,False,ན
I881A57E8,new,58b7ddda24994d0a9bae1880706c17bd,93543,93559,True,་,False,ད
I881A57E8,new,8fd70e8750224c239667388dfe4693c5,93584,93593,True,་,False,ན
I881A57E8,new,0d57c56b20204f9fafa53472fe6ffac7,93603,93612,True,་,False,ག
I881A57E8,new,a27424671c684d9aa9d689164b0ddff2,93633,93641,True,་,False,ས
I881A57E8,new,5ef6b3d3b41340ea998900539d9c7b12,93653,93676,True,་,False,ལ
I881A57E8,new,d6ce9f932cd340698cae6752ab6d96df,93680,93688,True,་,False,མ
I881A57E8,new,6765ae4a5ef841ebaed3246975b1c7fb,93826,93829,True,་,False,ད
I881A57E8,new,a7c2053222044621827512f3d0399f1e,93839,93853,True,་,False,ོ
I881A57E8,new,650d782de9504587a8091b79456d9fa3,93874,93879,True,་,False,མ
I881A57E8,new,9fbd1e08a9634158aeb5018570cb9b05,93888,93901,True, ,False,ོ
I881A57E8,new,326f3c4ccbdf4e26be0a6ee20402070e,93928,93934,True,་,False,ས
I881A57E8,new,09e41bb3106b4c49b4f82200b6afbbb2,94001,94004,True,་,False,ན
I881A57E8,new,756218d2fc1145a5bd4c00b33d57abf2,94051,94059,True, ,False,ས
I881A57E8,new,ffbbab75d62d4a83abc9e7b39124e6e7,94180,94183,True,་,False,ག
I881A57E8,new,4ce2a79368784a20a974e9e1508b10ad,94204,94221,True,་,False,ེ
I881A57E8,new,d93dbe2752bd41d49328c9f731f2a9d8,94391,94404,True,་,False,ས
I881A57E8,new,d61e723218dd49efb34bec241296a198,94425,94427,True,་,False,ང
I881A57E8,new,063a458cfba94a869aa2d575d84617f8,94460,94466,True,་,False,ས
I881A57E8,new,77efbfb675a143f2a9beceedaf7a1617,94496,94504,True,\n,False,ི
I881A57E8,new,ec353ac4b8e14b6ab44dd8b4385e4526,94535,94550,True,་,False,ེ
I881A57E8,new,d761ef6838da4824b99416bea873656e,94571,94589,True,་,False,ན
I881A57E8,new,6c4e81ea337d4e328ed31f18b15accf7,94611,94614,True,་,False,ན
I881A57E8,new,96e2c534512c43d6a758e3048fc44e40,94617,94621,True,་,False,ན
I881A57E8,new,51f862bf9d024921bfd1fc83a2b2fa92,94626,94630,True,་,False,ར
I881A57E8,new,f31660d9e4e14e949274481f78334407,94650,94657,True,་,False,ན
I881A57E8,new,72f0da34c62a4c8e859f83f201f7e0a9,94662,94668,True,་,False,ང
I881A57E8,new,db32ab56a08b488aba66453b9c606694,94749,94754,True,་,False,ས
I881A57E8,new,5debd00a454f491aad525c9be679d255,94757,94763,True,་,False,ེ
I881A57E8,new,79af07c161244670995cac578079d8e0,94780,94786,True,་,False,ས
I881A57E8,new,344746a6e5954f4890a1bb6672b744bf,94802,94821,True,་,False,ད
I881A57E8,new,e8aa794d626b411b876189ff1e38a38f,94826,94830,True,་,False,ར
I881A57E8,new,98bc08dd62f240d1b78f9aa7d80e10ea,94869,94880,True,་,False,ག
I881A57E8,new,c1d477ada11149f6a380dde1838fa1fc,94893,94912,True,་,False,ན
I881A57E8,new,f6054ea47b8046eb84ede5e28909c7a7,94915,94925,True,་,False,ན
I881A57E8,new,2fd19561a6324587bc2b232f9f976608,94933,94937,True,་,False,ན
I881A57E8,new,1b41d0edced04512823812bc6af9d92a,94941,94945,True,་,False,ར
I881A57E8,new,ede0d6301e1245be936d799b0a4cdf52,94950,94954,True,་,False,ར
I881A57E8,new,9ee61902ab6d428eb34606c88d3c3f91,94977,94982,True,་,False,མ
I881A57E8,new,464cc8a7078e4b96bd016b022280a08e,94987,94996,True,་,False,ན
I881A57E8,new,edf103a979b546848134f71f6b898c9f,95000,95006,True,་,False,ེ
I881A57E8,new,6cabff15faf44578aa68aa5488eed617,95027,95031,True,་,False,ད
I881A57E8,new,c96646ebe7944ec28d7cc4fb1ef51f33,95044,95052,True,་,False,ག
I881A57E8,new,271b2e8206da45eb86581a447b8b985f,95099,95111,True,་,False,ར
I881A57E8,new,2c8d27a8e0b649a5a1faf1c6918d96b4,95118,95134,True,\n,False,ད
I881A57E8,new,9f6b259304ee4c8b86943b7f106c5e66,95168,95187,True,་,False,ར
I881A57E8,new,d7379f951aec4d19b17919aa19a67259,95213,95220,True,་,False,ང
I881A57E8,new,fe838ca301a848ec8b14c433d47015d8,95251,95256,True,\n,False,ེ
I881A57E8,new,f71425047cc44d8b96411167ae87d374,95359,95388,True,་,False,ས
I881A57E8,new,956dfb95c2544eae9f557a0232a855f1,95398,95403,True,་,False,བ
I881A57E8,new,5680aec02012466881659d887b3231c8,95431,95448,True,་,False,བ
I881A57E8,new,b7726485ee154d75ae5971fbee328379,95477,95490,True,་,False,ས
I881A57E8,new,7c2a5b8cee76439bbf97d9c7a22c86b8,95613,95627,True, ,False,ས
I881A57E8,new,3492e2889bb540fca2725b254ebcefad,95638,95639,True,་,False,ལ
I881A57E8,new,96d9fbe185ab4b12898ef14de936ffde,95655,95661,True,་,False,ང
I881A57E8,new,2b7e071431454f5e8fea35b5ee15eade,95696,95709,True,\n,False,ུ
I881A57E8,new,73210ce3919b4e57b87ca28244a0e329,95721,95725,True,་,False,ེ
I881A57E8,new,6a46247df2134736808c876b057d44b7,95728,95731,True,་,False,ད
I881A57E8,new,09b7ff5e4e22460daedd12748f6eb211,95736,95740,True,་,False,ར
I881A57E8,new,ac25549d0e504d5f885ceb7c87d5528f,95749,95766,True,་,False,ལ
I881A57E8,new,dcd1f547e376443b8cbefc6c622e0875,95773,95780,True,་,False,ད
I881A57E8,new,c01a9126ca7c49dea3613689076c43f3,95788,95791,True,་,False,འ
I881A57E8,new,50e01bf9d77142c484a061d7fbea283c,95807,95811,True,་,False,ན
I881A57E8,new,492ae6228ab44708ada141c9f1633577,95815,95823,True,་,False,ས
I881A57E8,new,345c95fa56d2477cb61fa086f5a17480,95860,95870,True,་,False,ེ
I881A57E8,new,f19a416437f44d1c96214a091e7a430b,95901,95914,True,་,False,ི
I881A57E8,new,0d668eeae9f34359abda45a6f5127122,95924,95936,True,་,False,ག
I881A57E8,new,c8ccf00440ba44f982a869025301e4c7,95947,95955,True, ,False,ལ
I881A57E8,new,04077a19f01946a69e44b909d6e4a95e,95963,95968,True,་,False,ལ
I881A57E8,new,147ed90000a5434aa887600a41a4d584,95984,95988,True,་,False,ེ
I881A57E8,new,8a7c863bb2f84cbaa76c79b2f44156aa,95991,96012,True,་,False,ན
I881A57E8,new,e441bc94e45641fcbcde8931aade09a3,96016,96027,True,་,False,ད
I881A57E8,new,0f99390f05734d7893199643efb68aa8,96042,96043,True,་,False,ད
I881A57E8,new,51f25f7cf8e4450ca40260890b604435,96047,96060,True,་,False,ས
I881A57E8,new,5e3090c9c18747679c04c42d16bfe0f7,96076,96088,True,་,False,ང
I881A57E8,new,2dbae8fd205a4c998d2501e1b82d7153,96141,96150,True,་,False,ན
I881A57E8,new,cbb274dabda04ff7b848bae2dc10b531,96164,96170,True,་,False,ས
I881A57E8,new,85dde86a8ad845dfaffbaf236360111b,96182,96195,True,་,False,ན
I881A57E8,new,ca033b1dd25543e4ad34c8b105c5998f,96246,96248,True,་,False,ྲ
I881A57E8,new,67aaa7eff4f94dc786541c2f0787c8f4,96281,96293,True,་,False,ི
I881A57E8,new,670199ad51a9475582653ba4cb4743d5,96305,96322,True,་,False,མ
I881A57E8,new,9d58b228fa59495d8a68ecb8ff2e5468,96338,96344,True,་,False,ན
I881A57E8,new,a2abf476cf0e434d9bbf4473fecb32f7,96360,96367,True,་,False,ི
I881A57E8,new,d8ec873e0fa4435ca5d8ea1b29208ba6,96386,96420,True,་,False,ི
I881A57E8,new,d79e6bbbf11b4544b148270f6fe822db,96422,96428,True, ,False,པ
I881A57E8,new,6bc102fb9e004004845c84dd300213c2,96454,96460,True,་,False,ས
I881A57E8,new,0bf6650f9b7b43b8a148563c1b7444fa,96514,96523,True,་,False,ན
I881A57E8,new,a07cd650e4f54d548edcd365324d9529,96576,96589,True,་,False,ས
I881A57E8,new,40e71350eac84ac18e1806e58fac9722,96594,96599,True,་,False,ད
I881A57E8,new,d3c72ce675304df7ae571908e9a737d3,96604,96619,True,་,False,ང
I881A57E8,new,5c7b364a00f343d3a16c13da3ce33160,96732,96744,True,་,False,མ
I881A57E8,new,4952ea38060c474a92051f5592ee4484,96808,96813,True,་,False,ད
I881A57E8,new,a69b64e0af094460a18b2c01771a4bf2,96826,96832,True, ,False,མ
I881A57E8,new,801579b1239c4c29af41b0b99ec6161b,96896,96914,True,་,False,ས
I881A57E8,new,3dbd4841fa7b47aba14b207c9bad1b5b,96934,96940,True,་,False,པ
I881A57E8,new,b71320d20ba54a2e860a6634bf78cc8c,96958,96981,True,་,False,ས
I881A57E8,new,9960d0be72bf4cb7a03b8815bf41ce9a,97032,97043,True,་,False,པ
I881A57E8,new,879923afc2aa4a97944516022542158b,97082,97095,True,་,False,ས
I881A57E8,new,cffc82d37eb541be9e1c8a7760b6914a,97125,97131,True,་,False,པ
I881A57E8,new,5aa34abd911a4aaab3642aecc352a7b6,97161,97178,True,་,False,ང
I881A57E8,new,99fb820ad48648ab96b2a9d9ee3b154d,97190,97192,True,་,False,ི
I881A57E8,new,d0e07cbedc9d4bd9bf7ff7aa9b438d79,97320,97323,True,་,False,ུ
I881A57E8,new,f02c8ee9a6394011b041fc09dd225f34,97330,97333,True,་,False,ས
I881A57E8,new,9e0faae750854e7cb48ce0bdf8d3798a,97344,97360,True,་,False,ས
I881A57E8,new,9526b71a18eb45c598fecc165abd5ca7,97372,97376,True,་,False,ས
I881A57E8,new,50120dfd3c1a465bae6f82347103c4d4,97413,97421,True,་,False,ན
I881A57E8,new,918e9dc5fc6546aea9464ff3a14b10a1,97452,97472,True,་,False,ི
I881A57E8,new,7fe2f5cdd18e4185a22068dcbbbf5144,97489,97497,True,་,False,ན
I881A57E8,new,a6db856106f64ce2ad269c81c23b2f48,97535,97540,True,་,False,ར
I881A57E8,new,c69a8f5165a54044bc4cdbdf111fe817,97544,97554,True,་,False,ག
I881A57E8,new,315747b3658d4ea9a6d29fd6fbea0d50,97568,97600,True,་,False,པ
I881A57E8,new,5ff5705b946a4bd087b89fe687478463,97610,97625,True,་,False,ི
I881A57E8,new,791d216a1b594d7d82703f6dc6acd98b,97633,97640,True,་,False,ོ
I881A57E8,new,19af3f02268143fa8a3a085a0ebf3d19,98680,98821,True,\n,False,ེ
I881A57E8,new,64ce825d88dc43598a9349c4cf7b6a59,99202,99236,True,\n,False,༌
I881A57E8,new,e07b71956c3349d29ee4ce5e848b096b,99591,99632,True,\n,False,ེ
I881A57E8,new,c85ab54161094aca92c66b9134690ab3,100066,100203,True,\n,False,ེ
I881A57E8,new,6d35443751af4b278d738caa0369a584,101003,101147,True,\n,False,ེ
I881A57E8,new,095e789d2b8f4f1c96c9cc59dd89319c,102970,103016,True,\n,False,ེ
I881A57E8,new,ac9be79f0bed4de3974cd460ddcbd659,104194,104333,True,\n,False,ེ
I881A57E8,new,93cf87017fd14e06b6c0a4679efaccc0,105074,105224,True,\n,False,ེ
I881A57E8,new,c84249f7164b4e79bbbe0ce2157f5f4c,105962,106109,True,\n,False,ེ
I881A57E8,new,9cd99e9f394946afa2612b8c645d437e,106637,106777,True,\n,False,ེ
I881A57E8,new,7d4232e6f17247b281290ca7c28c2a66,107460,107617,True,\n,False,ེ
I881A57E8,new,b90cedbaf5e14c45a977c063d04be66c,108229,108366,True,\n,False,ེ
I881A57E8,new,d13b1952782c44659a8757f1f61d357a,108934,109077,True,\n,False,ེ
I881A57E8,new,c965d40d0ba9445a92fa80bebca25bb9,109849,109986,True,\n,False,ེ
I881A57E8,new,f1bf98cedbe0497da4d985832739b3dc,110449,110597,True,\n,False,ེ
I881A57E8,new,2c162dfb04df4923aa8edd3f4230b7f8,111015,111163,True,\n,False,ེ
I881A57E8,new,05214657f806414aaef7485dc573e73e,111774,111903,True,\n,False,ེ
I881A57E8,new,af29397bd00b4d03b1edc2890dc1ebf1,113076,113213,True,\n,False,ེ
I881A57E8,new,0a04308de311407ba58bca0fae94aff7,113750,113888,True,\n,False,ེ
I881A57E8,new,ecda31037135404084871d4e132f1b78,114325,114461,True,\n,False,ེ
I881A57E8,new,4a2cd7b7b091424c92b00acdb3663026,115072,115208,True,\n,False,ེ
I881A57E8,new,66b4165b9c8041ecb43efab883f39dba,115588,115719,True,\n,False,ེ
I881A57E8,new,dbc97f8647c243bf9247592a94198692,116133,116278,True,\n,False,ེ
I881A57E8,new,862c137cf70a487d98655017eb579fa4,116922,116995,True,\n,False,ེ
I881A57E8,new,79f1c7777a9644b5bb6e1d4afdfdf46a,117596,117666,True,\n,False,ེ
I881A57E8,new,972b7b37d180464fb8ea974cdefab24e,117806,117880,True,\n,False,ེ
I881A57E8,new,3c922da780874618bdc01f61f7b91ce5,118594,118740,True,\n,False,ེ
I881A57E8,new,f13b1385df6945e9a0b4ded36bdd92e4,119558,119572,True,\n,False,མ
I88977D82,new,2d0ad49f00014499a6fc15a9dddeee41,8323,8478,True,\n,False,ས
I88977D82,new,cab144d5cc044357a230986eea270241,10128,10241,True,\n,False,ང
I88977D82,new,8a9d026f890744e38822466d8918de48,39594,39762,True,\n,False,མ
I88977D82,new,54742c903cbe41ec8fd06d9c5625a82d,40036,40120,True,\n,False,ན
I88977D82,new,72f54ddc87df40399a73e20e30ce0c1a,47868,48310,True,\n,False,ག
I88977D82,new,50849834b82a4bcd87c32271538ddbf5,48630,48927,True,\n,False,ོ
I88977D82,new,0fb52b16b60e403d8330b77eaee2bd2e,48940,49376,True,\n,False,ང
I88977D82,new,b25f3ae0f68748fd84183fdac5eede6f,56802,57106,True,\n,False,ས
I88977D82,new,f4f2fb7518d341aea06b0db2ac932a67,63161,63430,True,\n,False,བ
I88977D82,new,54db0c777b54440cb4c3c8429c3ff8f0,78875,79127,True,\n,False,ེ
I88977D82,new,dd9a188bdf5c442ea94c6065590a7318,80702,80928,True,\n,False,ོ
I88977D82,new,3252ba5d88164985882bd98d440c745f,86793,86878,True,\n,False,ན
I88977D82,new,2daec7f27e864e45a0ba82226b9c933c,87175,87436,True,\n,False,འ
I88977D82,new,43bc90d3dd374d8ca1fba52f7404ba8a,103730,104057,True,\n,False,ད
I88977D82,new,14586a973e0a4b388886b753d20943b3,109728,109948,True,\n,False,ར
I88977D82,new,e9cb5122299f46fa83eed040b7c12aab,109961,110144,True,\n,False,ར
I88977D82,new,a6f514143eee4ee2b1a82a3bd4dcfabf,114163,114349,True,\n,False,ས
I88977D82,new,dd367002cd084a06a4d551caa902bac4,121380,121490,True,\n,False,ར
I88977D82,new,1eb04f34a84144a8a865eb6c22b3a6af,121958,122070,True,\n,False,ར
I88977D82,new,ac7e637abe5744a88782e5dc7ae54588,125452,125796,True,\n,False,ཟ
I88977D82,new,4070aae121704cfb987e3da66b18e42c,125880,126072,True,\n,False,ོ
I88977D82,new,e6e35425b1ef4339ad8afa79818a2e2a,137511,137595,True,\n,False,ད
I88977D82,new,ef8108c4cf3640cfad1285f9eacf3519,138304,138483,True,\n,False,ྲ
I88977D82,new,ac5eab6ca30440be9a47c47db0259af3,149648,149872,True,\n,False,ོ
I88977D82,new,3b4b0f59e4294bdfa646fb4e6ac9a3f4,157510,157618,True,\n,False,བ
I88977D82,new,300bb671882643fab5ed50986213d8b5,162023,162103,True,\n,False,ྱ
I88977D82,new,5a4b7bb58b784e2da5812d506a34ae14,162206,162274,True,\n,False,ག
I88977D82,new,e853302ca6fb4ef09f20600a5bdcd633,162439,162494,True,\n,False,ར
I88977D82,new,eee73be25f8442edb9f8de1566a4f3a4,167037,167274,True,\n,False,ར
I88977D82,new,f106ebdb12774dbc9cb5417b1715db26,167462,167535,True,\n,False,ས
I88977D82,new,6eba267780fc4c34bea4db93b4f5c9fc,167559,167808,True,\n,False,ེ
I895C519A,new,7b01828d678344faa442502e6c54c7f5,3293,3320,True,\n,False,༌
I895C519A,new,5ebca279aaf04b469dc4132346c6a9d0,3469,3477,False,),True,་
I895C519A,new,c283cc36ed964752a76aa422ea7240ac,3552,3574,True,\n,False,༌
I895C519A,new,a95f9c836d3a4dc3b59f064c8a6a55fc,3727,3735,False,),True,་
I895C519A,new,1ca8d686c0b1448e823c7767b1ddb1d4,3798,3808,True,\n,False,༌
I895C519A,new,4c7882db55d74d259c8771e4a43755f7,3951,3959,False,),True,་
I895C519A,new,05fa28b2ff134d479e3f30bdf4dc81d8,4022,4032,True,\n,False,༌
I895C519A,new,a35bec5706b5453ab4b28ccb74349a69,4175,4183,False,),True,་
I895C519A,new,b0a0ee6427c74c78abb14d741680cdc7,4255,4270,True,\n,False,པ
I895C519A,new,7a2996b3d7944a6bbd9fc91412ef7e10,4415,4423,False,),True,་
I895C519A,new,2be6ab6e5e1a4d65b30a1dc8f95217f8,4515,4533,True,\n,False,༌
I895C519A,new,55200656003f4d9fbfe3970e35d46029,4535,4584,True,\n,False,༌
I895C519A,new,b75127a5401d48a6897ded4764d3ec56,4674,4756,True,\n,False,ི
I895C519A,new,466f8b0f5a424e4698fb95cb09d6cc79,5231,5267,True,\n,False,༌
I895C519A,new,5fae9dcf6908427ebd28ccccd767223a,5413,5421,False,),True,་
I895C519A,new,80fa06edc23842f09587fc3eaf1e9bdb,5490,5508,True,\n,False,༌
I895C519A,new,d80c588df1f6434a8601664849a0d33f,5660,5668,False,),True,་
I895C519A,new,17d816c67f004b129a5ae02302e036a9,5742,5761,True,\n,False,༌
I895C519A,new,9e2374dca68d4dc9a7783949c088c96f,5907,5915,False,),True,་
I895C519A,new,22d11dcbd41b41838cda45f88e26bbb0,5989,6012,True,\n,False,༌
I895C519A,new,ba4c9964d6864e409d1dadbb044ef1bd,6166,6174,False,),True,་
I895C519A,new,95ecbb4fbe6f438997baceb7a1736d31,6244,6259,True,\n,False,༌
I895C519A,new,212edb13265240c89e65177b48f81a69,6409,6417,False,),True,་
I895C519A,new,3834ac6708dd4f1492c97e7248fd54f9,6495,6518,True,\n,False,༌
I895C519A,new,6d77a6be6fde41bf96908087adddd539,6693,6701,False,),True,་
I895C519A,new,2ca32835391e4d4a8f2695d45c497b60,6784,6811,True,\n,False,༌
I895C519A,new,53e34677fb6743ddbbb64d7eaf4efde9,6990,6998,False,),True,་
I895C519A,new,d3be7ef0b90a4187bc3a3d5546475f16,7071,7088,True,\n,False,༌
I895C519A,new,41bd97c570e54154bebd41d906e9c1b0,7234,7242,False,),True,་
I895C519A,new,753fff429552482bac35323006df23da,7328,7357,True,\n,False,ེ
I895C519A,new,a2184da602bc46248ec4d66eee92ab6e,7540,7548,False,),True,་
I895C519A,new,0077301ad5e349679ede507a4bef586d,7631,7704,True,\n,False,༌
I895C519A,new,9e28cb4a25644a0c84d075cb6ec44d9f,7891,7899,False,),True,་
I895C519A,new,0f45823b885147899056bb6271151734,7976,7997,True,\n,False,༌
I895C519A,new,df3b8f3dd8734acab091cdfe48479ffd,8176,8184,False,),True,་
I895C519A,new,42fff391a853429bafdd337be929680c,8259,8278,True,\n,False,༌
I895C519A,new,e20ddd25a4584796a2540ee62045f889,8454,8461,False,(,True,་
I895C519A,new,36c50ac2e6624535a02657eb26f792c8,8538,8559,True,\n,False,༌
I895C519A,new,93fbb305d9e64b62818fc0b922319164,8738,8746,False,),True,་
I895C519A,new,31ce992aefe3475f98291ebe8cb88071,8835,8868,True,\n,False,༌
I895C519A,new,3885c80fb2674d2d974c83cd79e3739a,9076,9084,False,),True,་
I895C519A,new,860d51e148194d12b910fbc12da636a2,9164,9188,True,\n,False,༌
I895C519A,new,a6c87ade417147679de1f047003d7398,9386,9394,False,),True,་
I895C519A,new,b19e8d0bade543af8b321f2a35710312,9471,9492,True,\n,False,༌
I895C519A,new,575af4f2fedd4e2bbcf7e6bbd0d82bbb,9671,9679,False,),True,་
I895C519A,new,1ea7395ae85e4e768cab0a4163035468,9754,9773,True,\n,False,༌
I895C519A,new,eb09255e0f0b42c9ac103a6704bf1264,9948,9956,False,),True,་
I895C519A,new,e066a39603e24a3e8c0350bbabd18255,10030,10048,True,\n,False,༌
I895C519A,new,4ee4e638317e47a9b5b113f6f84ccef4,10221,10229,False,),True,་
I895C519A,new,7f891210e13243ffaff6bc1f33099079,10303,10321,True,\n,False,༌
I895C519A,new,8d2f57e11144441586a4b036507ff349,10494,10502,False,),True,་
I895C519A,new,bd02f3e0eb0542359bb6770fbd575032,10574,10590,True,\n,False,༌
I895C519A,new,86a317c45d8e4d70a2a3c947404e575c,10759,10767,False,),True,་
I895C519A,new,6ea05cbc4f0e43b492a6791b2215057e,10841,10859,True,\n,False,༌
I895C519A,new,2dfa2d5fa7bb4674bb1a280ef9744c00,11032,11040,False,),True,་
I895C519A,new,84b3a15d94ea4d35b9075332f8301049,11119,11142,True,\n,False,༌
I895C519A,new,6d796f2c3d6d480dbd0408448c697a85,11325,11333,False,),True,་
I895C519A,new,68425a3b10af4814b128df459eb2ae5d,11411,11433,True,\n,False,༌
I895C519A,new,088aee6e0e42483a8f5287164fd3f963,11614,11622,False,),True,་
I895C519A,new,19d710b0952e4659833117c8cb3ff78e,11698,11718,True,\n,False,༌
I895C519A,new,6ed4d883ff794bbe8b7844b017daeaef,11895,11903,False,),True,་
I895C519A,new,5730b12fdb584e14b204e765373c91c6,11979,11999,True,\n,False,༌
I895C519A,new,b2c3c4ef90884cb8a93e7c80e80f05f1,12176,12184,False,),True,་
I895C519A,new,9285b07daba242d6b1a6d6dc7e24aea6,12260,12280,True,\n,False,༌
I895C519A,new,36333e430ac84011b63d851998236f4a,12457,12465,False,),True,་
I895C519A,new,92f28a8d536440829fa800f06c9c8a45,12538,12555,True,\n,False,༌
I895C519A,new,f88f98c085914b5da2fda23fb9aaf51e,12726,12734,False,),True,་
I895C519A,new,726d0b02ef674ef499d20ae5ba026d24,12808,12826,True,\n,False,༌
I895C519A,new,d21da31d046545ba888a325d786083d2,12999,13007,False,),True,་
I895C519A,new,7cda8d4376dd49a082799df908c1c178,13081,13099,True,\n,False,༌
I895C519A,new,cf2dfb0c0139410ea3b98b534e5b048a,13272,13280,False,),True,་
I895C519A,new,aff4c7ceef5e411fb9b3dac002085112,13353,13370,True,\n,False,༌
I895C519A,new,68ca72f7a14d4f9681b6fb9d47a4d659,13541,13549,False,),True,་
I895C519A,new,1a04c79be7dd4ab687f67d66a051b23b,13620,13635,True,\n,False,༌
I895C519A,new,0b4768c8f5004ef188d32e96e5320d4c,13785,13793,False,),True,་
I895C519A,new,b1b7d5f5ccd84136ae433dfe4d4edb1c,13861,13869,True,\n,False,ར
I895C519A,new,c8ceeeba0a7b42879a5189279e00d8e5,14017,14025,False,),True,་
I895C519A,new,23b5c8d49f184e3e88e7c17e04bf1c9b,14093,14096,True,\n,False,ེ
I895C519A,new,1190c33ce5934c75aefbf46ffdc84c83,14244,14252,False,),True,་
I895C519A,new,6f51638ad0964765876064935d0d49a8,14322,14327,True,\n,False,ས
I895C519A,new,a6bcba0a8f764ea9bf4b881def5c9862,14555,14563,True,\n,False,ས
I895C519A,new,538c43d881b1486faa24039f72a78ed5,14710,14718,False,),True,་
I895C519A,new,067b5e614dc24a4c9afba92f8f37072a,14813,14821,True,\n,False,པ
I895C519A,new,017b7e505a5d434089ff36d95fdf8f26,14894,14911,True,\n,False,༌
I895C519A,new,b25cfdd39a444aceb17c6bf48669000e,15057,15065,False,),True,་
I895C519A,new,2d341584198c4e45814bb30aac71c041,15140,15148,True,\n,False,༌
I895C519A,new,f44a5a6f1ef940f096706d8692c58d37,15382,15391,True,\n,False,༌
I895C519A,new,a1c8f46336fe457a9eaae49ed7e97e0e,15543,15551,False,),True,་
I895C519A,new,62531923f56c4913b8b88eb1efdad190,15632,15646,True,\n,False,༌
I895C519A,new,9296bafce647496d9a3279b06325a1d0,15825,15833,False,),True,་
I895C519A,new,79077646e1ec4509ae6f2418e1d3a000,15911,15922,True,\n,False,༌
I895C519A,new,81e073f641c94c1b8841ddd003f0edab,16095,16103,False,),True,་
I895C519A,new,f6dc7a91b9244e0ebbb18e58073bbc71,16177,16184,True,\n,False,༌
I895C519A,new,6daadb1592d44a7a93aafb1a6a709c8b,16332,16340,False,),True,་
I895C519A,new,1871824c8a3248b794f368e7461915d7,16417,16427,True,\n,False,༌
I895C519A,new,4c92a5400975410d895016eea4015349,16598,16606,False,),True,་
I895C519A,new,645e9b4ba6af4c4388b47e898d2d8667,16685,16693,True,\n,False,ད
I895C519A,new,8da0410ef60f4fcea17290bab326cfba,16868,16876,False,),True,་
I895C519A,new,400317ee4ff1453b86e6bbbcc449d8e4,16955,16967,True,\n,False,༌
I895C519A,new,67bfd84f7dab4eeebd535acb87599a84,17142,17150,False,),True,་
I895C519A,new,9751080b5caf479c8b857acf97b31082,17226,17235,True,\n,False,༌
I895C519A,new,d27167b3b2b34ea5ab957f12c0b11559,17387,17395,False,),True,་
I895C519A,new,4dee9e73702f4d09b6dfa46cb1764f9d,17476,17486,True,\n,False,པ
I895C519A,new,2bd1eaa2635c46148c9675ca3452db94,17661,17669,False,),True,་
I895C519A,new,6114bf4dc2f64bc880dcd1d571861dd0,17816,17857,True,\n,False,༌
I895C519A,new,189df0834e6744aea652cabdbe7d86cc,17935,17957,True,\n,False,༌
I895C519A,new,eb9e5d7231dc4353a72e0ae733f7ae7d,18130,18138,False,),True,་
I895C519A,new,ca40a147bedd48f5ac75564f6c60c2ea,18217,18225,True,\n,False,ི
I895C519A,new,d7b1f7abc0fa4bfabc90cfe617f4fd8f,18400,18408,False,),True,་
I895C519A,new,3f4c8760ecb849ceb311a6eb023fdc24,19311,19336,True,་,False,ས
I895C519A,new,72e231aff9a94a05aadbf96f18e0f427,19387,19426,True,་,False,པ
I8994AAB2,new,e1df023126e441368bcb5cbf7497a4b7,10446,10659,True,\n,False,ུ
I8994AAB2,new,bc1c84f94047414db0c54204ff09e8b1,12891,13045,True,\n,False,ཱ
I8994AAB2,new,b0b8913b540846afa92329a813fcc167,37666,37817,True,\n,False,ག
I8994AAB2,new,d41fedab82c0494a80bebd97da12480e,69145,69237,True,\n,False,པ
I8994AAB2,new,099d667dfd9647478b5a37969f05e9c2,72613,72753,True,\n,False,ོ
I8994AAB2,new,ed2ff4498d474abcbac266db941ffb08,102528,102860,True,\n,False,ི
I8994AAB2,new,9615844664f340088c329b2e1e8daa78,127742,128207,True,\n,False,ི
I8994AAB2,new,fef5a154c3c24d08a11d0e4ff3eb1e72,146913,146978,True,\n,False,ས
I8994AAB2,new,0d8639cfed6b4e16b7f2b6bc6f3aeb27,170405,170837,True,\n,False,པ
I8994AAB2,new,e6c3a8ab03f84f94b911bd549620aa11,185892,186141,True,\n,False,ཱ
I8994AAB2,new,b993ef85084e48f2b192ce351df44f78,204565,205056,True,\n,False,ི
I8994AAB2,new,df265f1c26e74ebcbc649e4f5e7c8ea1,222474,222858,True,\n,False,ཱ
I8994AAB2,new,29cfe37916644a6e942cd6a5ddeab3b4,250511,250627,True,\n,False,ག
I8994AAB2,new,5ff47f181f334fdd87ba6093bd2ab60c,266037,266113,True,\n,False,ི
I8994AAB2,new,773fef7854b1480183f525e7c082bf0e,266395,266662,True,\n,False,ོ
I8994AAB2,new,90e17be8b6dc4a74b90b012252c8483f,273060,273237,True,\n,False,ི
I8994AAB2,new,d25f2cfd1e9e468d818040db3732d47b,318438,319710,True,\n,False,ི
I8994AAB2,new,80eaa7521efd482ca0c05f379be6eed5,320745,321770,True,\n,False,ག
I8A57AE06,new,befe7f9d3fd34086a31e6500b90175fe,9375,9400,True,་,False,ས
I8A57AE06,new,6f5afb286b224dee85eae8bdeda54ea3,9451,9478,True,་,False,ས
I8B49E87B,new,a22d77c3adfb4954bfe9930f80107ce5,161218,161242,True,\n,False,ག
I8B49E87B,new,071fe623a9144d2f961b21a3416ebdf1,169575,169603,True,\n,False,ག
I8B49E87B,new,db25e2c519ab41cdb80f61740b6cd473,177566,177592,True,\n,False,ག
I8B49E87B,new,41f4ba6accee4fb7ba41202e7c34fd97,178774,178792,True,\n,False,༌
I8B49E87B,new,266d1a35b0974d2cad789c59bd940215,178942,178961,True,\n,False,ན
I8B49E87B,new,70c3e26cf0314231be3b467e29ffc86e,179224,179237,True,\n,False,ད
I8B49E87B,new,f68acb25dbbb46e6a6cc7b13ac24ee88,179450,179462,True,\n,False,ས
I8B49E87B,new,c83c9c57f10d4fef84c0eda212848c77,179696,179708,True,\n,False,བ
I8B49E87B,new,4bcf3a918eb841819a6c72d40effe1c1,179845,179865,True,\n,False,ོ
I8B49E87B,new,d74197feaa9a429abd239c49898adc5e,180016,180038,True,\n,False,ད
I8B49E87B,new,8a88e03a9fea488ebf5f730b36efbe5e,180287,180300,True,\n,False,ྱ
I8B49E87B,new,38efb5fc23354781be08b016958ec009,181651,181668,True,\n,False,བ
I8B49E87B,new,53b6de92fc324a909d36193b344e7b35,186765,186777,True,\n,False,ྱ
I8B49E87B,new,bf38f0fc4a5342ac8cbc3c684754c587,187444,187458,True,\n,False,ྱ
I8B49E87B,new,7b0b590fef6c446282155d0a49d5ad5e,187575,187591,True,\n,False,༌
I8B49E87B,new,117f2efc6f4a41f8900277622e1cabb2,188074,188085,True,\n,False,ས
I8B49E87B,new,700a295dfe6a4165862639402c18af9e,188370,188384,True,\n,False,མ
I8B49E87B,new,19247395ac45419989195f45c0400546,188713,188727,True,\n,False,ྱ
I8B49E87B,new,a3cb639c005945cd832d056de1b9b1b7,188810,188823,True,\n,False,ད
I91949F99,new,457d00fe438743108ab76906bb9600bc,7402,7436,False,༼,False,ར
I91949F99,new,4c8c5aa8ec114d63adc58eb0229ea9fa,8696,8747,False,༼,False,ས
I920AA7AC,new,bde7f97613df4cd394bfcc574da70164,47797,47887,True,\n,False,ས
I920AA7AC,new,4b45a76cc93940d0ba39a586a6b8ba57,84812,84920,True,\n,False,ག
I920AA7AC,new,0e3595512c6d4cc3ad1e00c4b2dfb00b,84922,85035,True,\n,False,ག
I920AA7AC,new,a13097d8398c42ccbcf3c192056cdf3e,95943,96059,True,\n,False,ག
I920AA7AC,new,79f0cc6c635a4b318f564e8cbe75dad1,96459,96567,True,\n,False,ག
I920AA7AC,new,611d3497a06442139f66c393bf822a9f,105364,105485,True,\n,False,ག
I920AA7AC,new,5d56351bc22645899c8c5d30aae1d07b,108031,108146,True,\n,False,ག
I920AA7AC,new,be02cf17a8524318992d34bdbf66bb97,140608,140760,True,\n,False,ག
I920AA7AC,new,a3d8c46ae84748aaaddda11c5ecdedee,165717,165829,True,\n,False,ག
I920AA7AC,new,b19cf424ac6b43318bfd3a782f0d4fd1,171378,171487,True,\n,False,ག
I920AA7AC,new,9a4e75fc3cde4bd79afa5423eb0b8e8a,198040,198156,True,\n,False,ག
I920AA7AC,new,bc714e2971d0418c9c7d64baa13c0c91,209710,209867,True,\n,False,ག
I920AA7AC,new,73be12092ef84064aaba576c7e6c563a,217488,217630,True,\n,False,ག
I920AA7AC,new,624435c7a50347609d48ec305e9b95ec,230068,230221,True,\n,False,ག
I920AA7AC,new,6a1f27983aa741b69759bd1d2637e6ff,244513,244662,True,\n,False,ག
I920AA7AC,new,30a7fdd705f54afa91beeaaa84823e1e,247596,247704,True,\n,False,ག
I920AA7AC,new,36340c1b6313408b848327566e7e7bca,267911,268065,True,\n,False,ག
I920AA7AC,new,22353884e75f40e18eef48e20885661e,284734,284842,True,\n,False,ག
I920AA7AC,new,3d3454e27c7c48968409d899171bc3ca,289752,289865,True,\n,False,ག
I920AA7AC,new,a0d681f7933847c29d2bf449e9d10727,299587,299743,True,\n,False,ག
I920AA7AC,new,e5b71c25d091482bac3e895ee34b4777,304186,304297,True,\n,False,ག
I920AA7AC,new,5782d8b512de4a2aa96b94cde7b5c926,319175,319287,True,\n,False,ག
I920AA7AC,new,77c6ffcfa0214f4d80dbf2583df332f3,328549,328796,True,\n,False,ག
I920AA7AC,new,b6c29baaae904996b1c91eca18611c4b,333415,333580,True,\n,False,ག
I920AA7AC,new,8a28f093547f4127bf763fe483de49c6,333582,333744,True,\n,False,ག
I9779E60E,new,90d09eec58674c17a2f4913e3139492e,31332,31386,True,\n,False,ས
I9779E60E,new,63a92460625e4b91994a5d2938d6b089,32546,32598,True,\n,False,ག
I9779E60E,new,b998f129613d4395b2d9f16393874034,33711,33850,True,\n,False,ོ
I9779E60E,new,ff712997517042cba183f970e8a7b32d,41929,42138,True, ,False,ོ
I9779E60E,new,70e402d05dc947dfade7f669654668f5,46500,46604,True,\n,False,ག
I98D03292,new,1662702c3c3d4e3d84835dc0371cd11d,138066,138126,True,\n,False,ག
I98D03292,new,6102ec876d804c70b1f37428cb9bd263,201640,201745,True,\n,False,ག
I98D03292,new,7ddcea257d0241d08c87d62a927f94c1,226720,226790,True,\n,False,ག
I98D03292,new,1d3ee67b5c2b48dbaea6555e7d9e4e7b,230560,230681,True,\n,False,ག
I98D03292,new,4e9b692e50a642c9be69ca55ccdf90e8,349152,349210,True,\n,False,ག
I98D03292,new,024ca621613c4975808a8e6fc64957ab,401836,401942,True,\n,False,ག
I98D03292,new,1d0bfae7ec70473594b4127f06f14de9,406093,407543,True,\n,False,ག
I9AEEF96A,new,7119ae916db048a9a20fa43addf9e90f,11011,11036,True,་,False,ས
I9AEEF96A,new,d40f1b6dd6704b0aa06d602642ab9a0a,11087,11109,True,་,False,ོ
I9B6A4525,new,45d15083c363480789359bec1c567e67,13184,13223,True,\n,False,ག
I9B6A4525,new,6ed40f6d07304c0e98a6be8957491bbb,29086,29098,True,\n,False,ི
I9B6A4525,new,63397c30d81943259a69bae249067253,32261,32295,True,\n,False,ག
I9B6A4525,new,d531a20112fd4ad39dd180d417d5151b,36481,36514,True,\n,False,ག
I9B6A4525,new,c387593210aa4f2197a19d190d4229df,42447,42483,True,\n,False,ག
I9B6A4525,new,5299d5a99b04445784b43b64187ae2f7,44679,44714,True,\n,False,ག
I9B6A4525,new,c9d6087be7da40e7858d9753ccd73bad,68453,68487,True,\n,False,ག
I9B6A4525,new,1cbdba0fab9f494782a13b06604c7d7e,95718,95757,True,\n,False,ག
I9B6A4525,new,48a799a691b741af8455d0b8ae3238c7,112427,112543,True,\n,False,ལ
I9B6A4525,new,14b631518e60497d82464a6b29851f55,126863,126901,True,\n,False,ོ
I9B6A4525,new,574d9a75d27349cda9c8c2c22e516169,156637,156677,True,\n,False,ག
I9B6A4525,new,d0ccf729cd794f89b45c43a6363667f6,198745,198779,True,\n,False,ག
I9CB71958,new,3339b7d15aa04b12971f6f4b5fa8ecae,10381,10409,True, ,False,མ
I9CB71958,new,867f3b904d3d443b8f692bda246f6f2d,11605,11626,True, ,False,མ
I9CB71958,new,15d6b77f04d04092b3e314a7c1dca509,11880,11914,True, ,False,མ
I9CB71958,new,22aab944fc944e84972bc9d95623246b,12559,12577,True,\n,False,ག
I9CB71958,new,8b949784f7d647e4b5f304807dd46288,13278,13308,True, ,False,ར
I9CB71958,new,3711797444a44f348ffb6b36923e1380,13333,13353,True,་,False,ི
I9CB71958,new,eda5a1ffc21c4cc48b1c5a043cbf89bf,13417,13449,True, ,False,ན
I9CB71958,new,09798845e6a949248f4afe017b19e723,13498,13517,True, ,False,ས
I9CB71958,new,10cf6cd7000c43b688111dd13480f28b,13556,13577,True, ,False,ས
I9CB71958,new,171b7aa38f744dfeadb4b368b91b7a53,14378,14402,True, ,False,ི
I9CB71958,new,627e52baa187408fa0e875bb37b648a7,14463,14481,True, ,False,ི
I9CB71958,new,9c73a51b0348469a93a8ca2e8d9d744f,14572,14579,True, ,False,ག
I9CB71958,new,5d593cf5bf4f48f8802fa4f28089f979,14612,14629,True, ,False,ོ
I9CB71958,new,d5531c6d66e84618b29d806627b16178,14780,14791,True, ,False,ན
I9CB71958,new,51f7d25307e8470091480f3a09bcdbb3,15218,15244,True, ,False,ད
I9CB71958,new,111edc5fb7e84ad8b80c0e97be5839da,15314,15332,True, ,False,ར
I9CB71958,new,87d4508378d446229d484aa5f83bfa7a,15460,15495,True, ,False,ང
I9CB71958,new,c793c47774834583b90dec707e859048,15612,15634,True, ,False,ལ
I9CB71958,new,e2ae2fc9bca04ab08d5e50fdb09415c6,15692,15714,True, ,False,ས
I9CB71958,new,8cbc7d72a08d47cba1e83737f1d5cd19,15770,15793,True, ,False,ས
I9CB71958,new,8115b601e83e48c6b75585fc2025749f,15884,15899,True, ,False,ི
I9CB71958,new,b25355e8b0754212bc4fb83284e614e1,16018,16039,True, ,False,པ
I9CB71958,new,06f3549a0be14425b30ab218fe913d82,16184,16205,True, ,False,ི
I9CB71958,new,1985e65a5c7c46ccbfa3306b892356f4,16437,16458,True, ,False,ག
I9CB71958,new,6559a517f14c410589e1ee8ed3d3bf16,16541,16564,True, ,False,ི
I9CB71958,new,cd1458a93a644e4caa932d8269d38f45,17068,17088,True, ,False,ང
I9CB71958,new,294382ab5f044d0383ae9ed3846635bb,17458,17478,True, ,False,ས
I9CB71958,new,b8cdd0b384dd47d5b69e287f84faa4ce,17811,17836,True, ,False,ན
I9CB71958,new,2a79ae5d0883472f949a81fe531d2206,17882,17906,True, ,False,པ
I9CB71958,new,6b4391c49f7248c5b39bf8b5f32a690c,17959,17982,True, ,False,ི
I9CB71958,new,0976792dcf8f4398a87b0534816bf324,18162,18190,True, ,False,ི
I9CB71958,new,5c9b73e9b4354fad998273839855167d,18741,18759,True, ,False,ག
I9CB71958,new,20c5923db3044824b7a11568d47b1436,18966,18983,True, ,False,ི
I9CB71958,new,1116ba04e6a34fad820f5a64365f9516,19017,19032,True, ,False,ུ
I9CB71958,new,2a73787bb9fc44d2ab5ef0aba47569df,19062,19080,True, ,False,ོ
I9CB71958,new,3b3780cd7b8c4186b72742b6aa90bff5,19124,19140,True, ,False,ི
I9CB71958,new,a0cb6424885e46c4b448940f2f2091ce,19259,19271,True, ,False,ན
I9CB71958,new,ea5a5aea587944ec83a75e95e348c60b,19617,19629,True, ,False,ུ
I9CB71958,new,f878401b5bad4fc6aaffbd2e8e8f6c93,19661,19672,True, ,False,ི
I9CB71958,new,53a272f5321e4d89b2530b8a22aab09e,19702,19718,True, ,False,བ
I9CB71958,new,32eb9521bceb43838a25574f6d644da6,19750,19763,True, ,False,ན
I9CB71958,new,6183737b00034104a5767abadec50bad,19844,19853,True, ,False,པ
I9CB71958,new,4e3e0ce169d149169d9b2fea584bb89c,19891,19907,True, ,False,ི
I9CB71958,new,22ea795cfc1d4bb5bc52a67073be3120,19938,19958,True, ,False,པ
I9CB71958,new,bbb341c9ec564174afe604b09316ce67,20009,20024,True, ,False,ན
I9CB71958,new,16e4bceec25e4d9a812dc5cd157cf373,20110,20123,True, ,False,ུ
I9CB71958,new,4a35b89b7ad64bdf837dc3b68b220d51,20446,20468,True, ,False,པ
I9CB71958,new,6ef30d38ebe14feba3135d9fa25afd91,20513,20536,True, ,False,བ
I9CB71958,new,3ee27eeeb57b4c159575690eb3f976d2,20587,20608,True, ,False,ུ
I9CB71958,new,321b0193edbe48a2ba6020f903115525,20673,20696,True, ,False,ས
I9CB71958,new,e806981406d74eadbdd3031d51f7de0e,20755,20783,True, ,False,ག
I9CB71958,new,e32cec9e1a794a2081cfe314eebdfb4e,20856,20876,True, ,False,ག
I9CB71958,new,62b4504c24634da293e53270b664358c,21258,21287,True,་,False,ོ
I9CB71958,new,9d2802e29b9549df9588d6ead35364fd,22323,22336,True, ,False,ད
I9CB71958,new,452d5f444b9d4469bed156fb731f1377,22403,22417,True, ,False,ི
I9CB71958,new,be14b39d31d2457384734d16c446921e,22459,22473,True, ,False,པ
I9CB71958,new,e1526d1ee7d74a808d8656a17046f9aa,22554,22570,True, ,False,ལ
I9CB71958,new,32e4f5e2c2c94d159c88a2db26fc99cf,22635,22650,True, ,False,ལ
I9CB71958,new,04396d901bf546f09561452b24011b7f,22825,22840,True, ,False,ལ
I9CB71958,new,db675ff291ca4d7085ec208266e14734,22891,22907,True, ,False,ང
I9CB71958,new,fc429680bf004a12841af7c668c69fb7,23144,23159,True, ,False,པ
I9CB71958,new,b6d992276a644699a6a0d8763098b391,23216,23235,True, ,False,ི
I9CB71958,new,f7b5f11217e14403b8d1e4d9776b2a91,23286,23310,True, ,False,ན
I9CB71958,new,353d510491e74f2eae6a88b8ba3afef3,23533,23549,True, ,False,ོ
I9CB71958,new,9ccb454eaa6a4da39fe0e0d811445f94,23598,23621,True, ,False,ི
I9CB71958,new,1f93a1067bb647c2953a2cea24ad1183,23993,24014,True, ,False,ི
I9CB71958,new,f6105d9e228f4b81a25d266d0cfde2e7,24038,24051,True, ,False,ང
I9CB71958,new,06968cf51cef4dcaae0a8f32dba583a2,24097,24111,True, ,False,ུ
I9CB71958,new,5164af87ac754b55ba5c60f50c02f4bd,24187,24207,True, ,False,ི
I9CB71958,new,366445e9d075407cb4983c59aea8d67e,24285,24308,True, ,False,ོ
I9CB71958,new,79d5896080c245a98cfd429a7ffe95a3,24345,24364,True, ,False,ག
I9CB71958,new,d6cdff1245d64f4ca9902f5425ab31eb,24496,24515,True, ,False,པ
I9CB71958,new,82c82c3f51fe4ff58cfdec537938c139,24547,24571,True, ,False,ད
I9CB71958,new,b4ae65e5ea11459f93135cbc5084188d,24610,24629,True, ,False,པ
I9CB71958,new,cae9f35d3cc34cd18de0fb7f8a61b499,24681,24708,True, ,False,ས
I9CB71958,new,8dae1ef06f2b43df9679729b8f23895e,24817,24842,True, ,False,ལ
I9CB71958,new,056c5440160e4faeac6299b3de904984,25013,25042,True, ,False,ི
I9CB71958,new,6f7091c5a1fe40d58ebc35ebaa57d150,25688,25708,True, ,False,ཀ
I9CB71958,new,f97f7fc2b39341b292c01438c53a3783,25744,25766,True, ,False,ི
I9CB71958,new,1fc72576b21345f09137c0af298116c3,25802,25823,True, ,False,ན
I9CB71958,new,0a574de35d5a4c1e82b1215a19c5a4a6,25862,25875,True, ,False,ོ
I9CB71958,new,5c6c888c88a9485b95707b9ab7047b5b,26002,26029,True, ,False,པ
I9CB71958,new,dd0b153c1de942a2b8271673d591a90b,26057,26083,True, ,False,ས
I9CB71958,new,bc54a2fff7954d0aa4a5f5c54994f164,26188,26206,True, ,False,ྔ
I9CB71958,new,a25caea61b5549d3abaf1f10cf7fbec3,26238,26263,True, ,False,ེ
I9CB71958,new,83be8caf5f204ced99d0b93eebec37e2,26316,26334,True, ,False,ས
I9CB71958,new,668d88c0ea3740a79885181c2a9ff36d,26568,26594,True, ,False,ི
I9CB71958,new,a0ecb0fa5563498aacac7a00efa21c88,26685,26702,True, ,False,ག
I9CB71958,new,35fe30a2562b4d82bfe21dd58669933a,26757,26775,True, ,False,ད
I9CB71958,new,a3a26ee6bc91454f8a5bd9f5b68aa424,26822,26839,True, ,False,ད
I9CB71958,new,d0e77680090d4ad1bb90abfdca34d63a,26932,26945,True, ,False,ི
I9CB71958,new,ba24e8530a8449999044302aaf000598,27008,27024,True, ,False,ེ
I9CB71958,new,528ffc5726c54834a54053cf2dc797e1,27074,27089,True, ,False,ལ
I9CB71958,new,55343ff0596440a3986e4b58631f4cd9,27169,27193,True, ,False,ན
I9CB71958,new,cc4489ab115a49728dd856185921dfff,27244,27266,True, ,False,ི
I9CB71958,new,31d7899d2c3c41d9baf21f7ceae3f23a,27394,27415,True, ,False,ས
I9CB71958,new,0a6881d6f0c44d468a615d90fa42ce3f,27655,27674,True, ,False,ར
I9CB71958,new,9fc45fa131c54793837c8f97316e2385,27703,27726,True, ,False,པ
I9CB71958,new,02c94d469af14052b7a2aacaf353c04b,27768,27785,True, ,False,ས
I9CB71958,new,0ad195e21b4c40f1a209693bba1c6292,27993,28014,True, ,False,བ
I9CB71958,new,121792aab74c444cb5ef95cc13a3e002,28092,28106,True, ,False,ག
I9CB71958,new,c8f7c544ef7942aba7759dd5895092b2,28167,28184,True, ,False,ི
I9CB71958,new,7fed7c7ba6234459904bcf81048523a6,28255,28266,True, ,False,ས
I9CB71958,new,758d20def5594c8e8d631a1fda5d28e4,28385,28401,True, ,False,ན
I9CB71958,new,78f2f1096ee64a8c9f815747547775a5,28452,28466,True, ,False,པ
I9CB71958,new,a0b29cce78374a478ca7acb58eacbeb6,28586,28611,True, ,False,ང
I9CB71958,new,bb80d4d12f73433090b1a83b0fd270f2,28704,28727,True, ,False,ོ
I9CB71958,new,0c46838100ba4573a3a7b1af6f4ef466,28795,28814,True, ,False,ས
I9CB71958,new,089375c4a66e42f68d21427f20383472,29035,29053,True, ,False,པ
I9CB71958,new,e37e118cf58d40a9a6ec246cbac839fb,29131,29149,True, ,False,ི
I9CB71958,new,4780ee730a9e4e4d885928bd7f67b882,29188,29204,True, ,False,ས
I9CB71958,new,b562c305ab9641ed8ec0cc88c3e8ad0b,29243,29255,True, ,False,ད
I9CB71958,new,01b991fea5e34623812a451ed655e731,29292,29307,True, ,False,ེ
I9CB71958,new,71c06b764cec47b18fca8907da257aeb,29494,29509,True, ,False,ལ
I9CB71958,new,1a68c35385254ab9a197cc5b8a8f7f42,29555,29569,True, ,False,མ
I9CB71958,new,db5b740bfbdf48958abad40b8b38f126,29710,29735,True, ,False,ི
I9CB71958,new,60cfbf4b4daa4efe84f31c7a50095183,29787,29808,True, ,False,ས
I9CB71958,new,bbc49c22943f458687693de5a46c9a09,29849,29865,True, ,False,ས
I9CB71958,new,2c0917cbc0184e4ba32b9f74525cf85b,29988,30008,True, ,False,ས
I9CB71958,new,aaf009c13e474adfa7a44fa25140166b,30100,30126,True, ,False,ི
I9CB71958,new,917e3d973e6b40a8b20ae08d3d818f8d,30228,30242,False,ོ,False,ད
I9CB71958,new,73c7650680eb4ef8b4d5dc6589eeea9f,30338,30360,True, ,False,ི
I9CB71958,new,c5c4ff35561b46e895e41398076cf7e6,30445,30465,True, ,False,ོ
I9CB71958,new,c640377fca354504838c48bdfe731a4d,30586,30610,True, ,False,ུ
I9CB71958,new,30ca9c728a4e4f1a894c4554f4a5ea34,30782,30803,True, ,False,ི
I9CB71958,new,04dc562a129d4bee8082db36abf7d95e,30836,30851,True, ,False,ོ
I9CB71958,new,baef3a02c49f486c9a3c083ddc6778e1,30896,30924,True, ,False,པ
I9CB71958,new,19cfd67a4c0e488bb73639e5d4aa969b,30972,31006,True, ,False,བ
I9CB71958,new,1dd866886d6b455ea38b7a9dc80e9f28,31753,31803,True,\n,False,བ
I9D9C7AC9,new,4b224ec2659a4692bffe6fc0ce01c0b6,12732,12892,True,\n,False,མ
I9D9C7AC9,new,28f0654d64fc48fd95d481efa67ad73c,13661,13686,True,་,False,ས
I9D9C7AC9,new,3469e6a8d50e419a8b9dd2709d481550,13958,14021,True,་,False,ད
I9FF2B59B,new,367f1218dcff439b868f74a870d11b53,31182,31190,True, ,False,ོ
I9FF2B59B,new,92be1867182a4d7ea0f583106430ee39,31270,31366,True, ,False,ི
I9FF2B59B,new,aba2753321f449c6ab285b755c736fae,31381,31388,True,་,False,ན
I9FF2B59B,new,9a62afbe33a544c7945911cdcc6410d3,32551,32582,True, ,False,ན
I9FF2B59B,new,0e0482929d06491b94699733a4cfb3cb,32595,32612,True, ,False,ར
I9FF2B59B,new,66732a00f9594005a2b722a9c7a2088a,32618,32636,True,་,False,༌
I9FF2B59B,new,dca12099891b4de99e68575ec8cc1fd3,32658,32690,True,་,False,ལ
I9FF2B59B,new,9d19ce6fea2c45028e1d150dcf7714dd,32730,32763,True, ,False,ད
I9FF2B59B,new,f1306b174cb5469c9bdae4cf4a884b49,32773,32838,True,་,False,ས
I9FF2B59B,new,3a267a51b7cb4000b2853092a049cc28,32876,32891,True,་,False,ས
I9FF2B59B,new,9786653f7e5846638e26489e78681a02,32932,32981,True,་,False,ག
I9FF2B59B,new,146f8b8758e44d3b92de522cb93ea0cc,32991,33000,True,་,False,ད
I9FF2B59B,new,a02d9ba5b8884fee913bfe426094ee6e,33016,33020,True,་,False,ན
I9FF2B59B,new,b72aa63e8e744e378812bf0d9b43e416,33076,33102,True, ,False,ང
I9FF2B59B,new,61bd71c0b59341238671fd29d482ca19,33115,33129,True,་,False,ས
I9FF2B59B,new,d85da8127e9344caa1f3d97b100ec9c1,33267,33299,True, ,False,ུ
I9FF2B59B,new,4c85b135900c4f5eaed887f1d28464ec,33332,33400,True,་,False,ང
I9FF2B59B,new,eaa76d26814f43adb15144f889451829,33427,33441,True,་,False,ས
I9FF2B59B,new,a7222d1690c6407d86380b11be2cd93e,33449,33564,True,་,False,བ
I9FF2B59B,new,f7fbdc324cd94bd5a634727492842c59,33576,33610,True,་,False,ན
I9FF2B59B,new,02e40ee857f84ebd963cdcfb8d2df5b3,33638,33677,True,་,False,ན
I9FF2B59B,new,db772ded12d74b12b6f53661fbb8e431,33687,33722,True,་,False,ན
I9FF2B59B,new,f0fd02f2ab72426ba81d6efc5cb7bd50,33779,33785,True,་,False,ེ
I9FF2B59B,new,f20dc625b0a64c04a22b73b0c93624c5,33811,33833,True,་,False,ར
I9FF2B59B,new,4f5243e2ca1a474199e02bc495e2120b,33838,33875,True, ,False,མ
I9FF2B59B,new,2da96b37c6b5424aa1a6d3f8e6f849fe,33902,33941,True, ,False,ན
I9FF2B59B,new,f035bf58ce244099b898f76a807cdbeb,33960,33997,True,་,False,ེ
I9FF2B59B,new,62cd89f0f0c84c29a6cbca4be5ca0af5,34723,34765,True, ,False,ི
I9FF2B59B,new,dd4e6bcfbae94d67be455bb6e0036d92,34802,34828,True,་,False,ོ
I9FF2B59B,new,923dc521b8554877aeac48f4a60e837a,34866,34887,True, ,False,ས
I9FF2B59B,new,4a87117968b74e369310ee154d2208c3,34908,34919,True,་,False,ད
I9FF2B59B,new,a582e3aefebb4dcba5848e2b8e18d6a4,34927,34965,True,་,False,ས
I9FF2B59B,new,35b7ed843a5a4d3293b958f504237ddb,34977,34985,True,་,False,ལ
I9FF2B59B,new,1ef64afe4e5d4395986a89c8a92c35a7,35024,35132,True,་,False,ད
I9FF2B59B,new,933a56c49cbc48109f171c4b1b1e68fd,35146,35185,True, ,False,ང
I9FF2B59B,new,6dcd7250106248dd8e1187ab0274361e,35195,35204,True, ,False,ལ
I9FF2B59B,new,8347ae300c9340fc9f2c427c6f4e8c0b,35232,35260,True,་,False,ད
I9FF2B59B,new,d029c75aa61f4a55ac64d3e914ee190f,35279,35564,True,་,False,ལ
I9FF2B59B,new,bd9ccb39ba2446ccb306db042a021c79,35707,35710,True,་,False,ས
I9FF2B59B,new,bac351c7e97f4defbec78f700d36054e,35733,35737,True,་,False,ས
I9FF2B59B,new,6df5051119f64e62ab536240b9553acf,35760,35768,True,་,False,ད
I9FF2B59B,new,99d72fd643144c0d859499e5653dff38,35779,35784,True,་,False,པ
I9FF2B59B,new,b189d870ac0246ba9dc845ee1accd770,35790,35799,True,་,False,པ
I9FF2B59B,new,596b8c575cce43febd0fe44b751811c6,35806,35875,True,་,False,བ
I9FF2B59B,new,7412374262ca47d398e76e7d68586b2d,35892,35898,True,་,False,ར
I9FF2B59B,new,8f217284315648d9b31761ea510d1d36,35953,35960,True,་,False,ས
I9FF2B59B,new,e223359fabb44fd7b056965753e05c8a,35971,36003,True,་,False,པ
I9FF2B59B,new,5778a8a3358e43f1a78529fd6aa90cf0,36014,36025,True,་,False,ད
I9FF2B59B,new,2d91ddd146c741a6858c4dcf19c2c8fd,36041,36161,True,་,False,ན
I9FF2B59B,new,6318274d9d754296a7025f6771280599,36169,36201,True,་,False,ི
I9FF2B59B,new,af0d88146c3b4074ac30929b3e7e66b0,36219,36284,True,་,False,ས
I9FF2B59B,new,4939931b219842519d8c1b21ec9eac1b,36395,36433,True, ,False,ད
I9FF2B59B,new,f6d2687545d94ac288e6a671bfb0d79a,36462,36469,True,་,False,ན
I9FF2B59B,new,a96414767f2248578aea3c647415f753,36478,36486,True,་,False,ང
I9FF2B59B,new,205fd9ef3d4d4363a53dcb079529c9e6,36491,36557,True,་,False,ས
I9FF2B59B,new,c20ad7f03493405da0bf54bdcc31b255,36565,36570,True,་,False,ོ
I9FF2B59B,new,4de17025c0674a69a219d821aa24494b,36574,36578,True,་,False,ར
I9FF2B59B,new,d224fc92b3d3485abd60caa55ab5c290,36582,36595,True,་,False,ི
I9FF2B59B,new,3717fd8d54964d859f2cd34c273d7d28,36601,36663,True,་,False,ལ
I9FF2B59B,new,2a91886cca5f443ab34bd37ad6d2b0ac,36674,36818,True,་,False,ག
I9FF2B59B,new,6f5b049e8234416a806e721b4aa00bd3,36854,36958,True, ,False,ར
I9FF2B59B,new,cd5de2040cf147618a8db1abbef7b809,36972,36979,True,་,False,ད
I9FF2B59B,new,c651f5964e844c9684b7b548ce699938,36983,37087,True,་,False,ོ
I9FF2B59B,new,be83ecfa7ddb41d8a3b629991e2d75c9,37149,37186,True, ,False,ས
I9FF2B59B,new,18e87447f0ac41868d1868a124c2b2e5,37260,37294,True,་,False,པ
I9FF2B59B,new,a48081abe1e84f658cc90ee3fa0a0836,37300,37304,True, ,False,ད
I9FF2B59B,new,20b465b8b5a14ad2b226358958045c18,37310,37315,True,་,False,ལ
I9FF2B59B,new,70c724ecd2384286a5f770118443639b,37415,37422,True,་,False,ས
I9FF2B59B,new,144585bfdd5647c0af65f2b2e07a827c,37516,37520,True,་,False,ས
I9FF2B59B,new,0049b9ec4c944d41a8f837075a402970,37601,37631,True,་,False,བ
I9FF2B59B,new,5c63c49bb4af46ec8eb024f35afa5386,37693,37805,True,་,False,ེ
I9FF2B59B,new,c6553e37e7d7484299a1399bf93f71ae,37817,37878,True,་,False,ས
I9FF2B59B,new,6086c044bf2e4df29d574ab33a32cf54,37929,38143,True, ,False,ས
I9FF2B59B,new,8fb23e4f0be8497582226add0e8b8e23,38153,38162,True,་,False,ས
I9FF2B59B,new,502d4d0746a94c6386dfaa40d5e9753b,38174,38183,True,་,False,ས
I9FF2B59B,new,3c492e13b42f47b38ed6db11b21f9dde,38229,38269,True,་,False,ོ
I9FF2B59B,new,851b235ab4fb4d4c8cb876a74c494bf2,38297,38313,True,་,False,ཕ
I9FF2B59B,new,68d2836ebb6546f4b955bb7fea5338c0,38317,38318,True,་,False,མ
I9FF2B59B,new,ff5ec9ff7e154ba89366301dc973ef0c,38367,38376,True,་,False,ན
I9FF2B59B,new,94928cb72a73456082716c18264931c8,38380,38388,True,་,False,མ
I9FF2B59B,new,047e5f6ea43147abb24b90e32f71d8f0,38393,38398,True,་,False,པ
I9FF2B59B,new,cb21a723502d4fc5b8686f77332367a8,38403,38423,True,་,False,ལ
I9FF2B59B,new,a1969f5a029b41a2944c5f6068f59e93,38586,38603,True,་,False,ས
I9FF2B59B,new,8ade046649764457a0b72706065a7259,38623,38627,True,་,False,ས
I9FF2B59B,new,98869266c3074b84ab2e2725d15fed44,38638,38683,True,་,False,མ
I9FF2B59B,new,4fdb436c230446f3bb7bf057d95436b2,38736,38745,True,་,False,ས
I9FF2B59B,new,6fa9cfc7f1f84bf896fda5bc9e3ca433,38749,38758,True,་,False,ན
I9FF2B59B,new,df8e10a7d164454b8e08e910bd8efcd0,38762,38767,True,་,False,ང
I9FF2B59B,new,eb0546b8857b4596a30dfe445a3e8194,38794,38833,True,་,False,ས
I9FF2B59B,new,5c9a58526f72415ebe351b8ccdb9153e,38837,38849,True,་,False,ས
I9FF2B59B,new,1154c0ba40194df4ad2392e3b504cd26,38873,38882,True,་,False,ག
I9FF2B59B,new,e9d2997553ed4c32b5106e509bfaceb1,38891,38896,True,་,False,ང
I9FF2B59B,new,6bd448d372bc46f9a91e6e1542c14290,38900,38907,True,་,False,བ
I9FF2B59B,new,698e0d816bea494aa9c188192078fd80,38929,38978,True,་,False,པ
I9FF2B59B,new,cc5c421cdbee475f8925b50ca69edc04,38988,39012,True, ,False,ི
I9FF2B59B,new,5bcb9ab169464c8faffe3b2a6c72ca1b,39030,39042,True,་,False,ས
I9FF2B59B,new,01e5a902b6cc4980b3d174b22eccf115,39140,39174,True, ,False,བ
I9FF2B59B,new,d7829d153ec74585aed75a25e9016607,39229,39263,True,་,False,བ
I9FF2B59B,new,f20a72dce0164f4d90a5d999d0b3a555,39282,39289,True,་,False,ད
I9FF2B59B,new,ce3b59dac42b43f9813c74acf6e3f58b,39293,39338,True,་,False,ན
I9FF2B59B,new,81755c260dbb4aeab0088b36c0a0c8bd,39342,39361,True,་,False,ས
I9FF2B59B,new,e88e6a3eaefd475cafa80675014b1d3c,39368,39407,True,་,False,པ
I9FF2B59B,new,13d1521dca304959a08392271a30971d,39417,39524,True, ,False,ས
I9FF2B59B,new,79b1ca6ac50a407fbb1c4368c1a5b4ad,39813,39821,True,་,False,ི
I9FF2B59B,new,f1933374013e49039e1064bd235db81c,39918,39920,True,་,False,ང
I9FF2B59B,new,4bbfa49e4d464b35beda477343262338,39928,39952,True,་,False,ང
I9FF2B59B,new,0ca5546bf6d14446955b530e9b1a24c0,39965,39969,True,་,False,ང
I9FF2B59B,new,6c722e92b97e48788535dc994868d94c,39990,39998,True,་,False,ས
I9FF2B59B,new,11600af80a2c4e3d8cd7aef9fb32fac7,40006,40013,True,་,False,ས
I9FF2B59B,new,75557179db2f4732933ef157df4c3e99,40039,40048,True,་,False,ྔ
I9FF2B59B,new,88f8dba187dc4af7ae4056b37fe8bbd5,40132,40147,True,་,False,ི
I9FF2B59B,new,4f21c284bd2e4ff29bc67cac73e807a3,40172,40178,True,་,False,བ
I9FF2B59B,new,4cf2ab1e8a52461fb31d1a261895cdb4,40238,40240,True,་,False,ྔ
I9FF2B59B,new,aafdd14dc0ed4f0d9edcbf00863fdd3d,40312,40314,True,་,False,ྔ
I9FF2B59B,new,9ffa79c3dd2a49ce932d0df51ac77f9a,40369,40374,True,་,False,ད
I9FF2B59B,new,0a4261cc35f645c4b94d800d39aaf1e4,41512,41534,True, ,False,པ
I9FF2B59B,new,dc9e424f0a714786880509b0749445f6,41545,41557,True,་,False,ས
I9FF2B59B,new,45758e570ef9447eb56cada40a332b57,42337,42352,True,་,False,ི
I9FF2B59B,new,9b6a2cc111324b1f900ca2775ff968ec,42356,42445,True,་,False,པ
I9FF2B59B,new,ea6b1fa162304da3ac05b02e19664b82,42461,42562,True, ,False,ས
I9FF2B59B,new,199d2f4b62be4650860fe566a0362a32,42579,42798,True,་,False,ས
I9FF2B59B,new,446ac61d303f4e418fd736c7bca23609,42840,42945,True, ,False,ང
I9FF2B59B,new,43ad02250e564de9b6cd39f1e69471b8,43021,43100,True, ,False,ས
I9FF2B59B,new,82d41b98250b43cc8accf9e47b2d438e,43163,43172,True, ,False,ས
I9FF2B59B,new,e33cd5b3b4e648f791d54de26b50d0b1,43229,43368,True,་,False,ས
I9FF2B59B,new,29fe48fa44a0471f9830d808850d5991,43587,43765,True, ,False,ུ
I9FF2B59B,new,772a4ad5fc2c4b5c9bf4e02b9bf18a0d,43793,43848,True,་,False,ང
I9FF2B59B,new,4564f9492cfe41ff878337f50f1ad595,43868,43947,True,་,False,ད
I9FF2B59B,new,2e92b2fcd33b47b58d9e3ca1684b8d0a,43975,43987,True,་,False,བ
I9FF2B59B,new,1029f38a5f654a0784a07ff68e13b8c1,43993,44019,True, ,False,ང
I9FF2B59B,new,79323a4e7d9345d09b5dfd1ab3443e61,44145,44222,True, ,False,ར
I9FF2B59B,new,5264c549363e4b7995253e04eca565a0,44234,44306,True,་,False,ལ
I9FF2B59B,new,2341359793fb47c08e0c7babd339e850,44567,44641,True, ,False,ོ
I9FF2B59B,new,9e60e39a61b74f1fa5a994c2b9e43ac1,44763,44773,True,་,False,ང
I9FF2B59B,new,0f579d0dfc7747babddcb78789e58820,44791,44893,True,་,False,ས
I9FF2B59B,new,92d6f0b8fdbe4c5db6d627c66d89de2f,44947,45019,True,་,False,ན
I9FF2B59B,new,a78197f097684f51a930e0e3b6c33f17,45035,45224,True,་,False,ོ
I9FF2B59B,new,1f840bdbdc354a2dab48bd249669e8ee,45318,45440,True,\n,False,ར
I9FF2B59B,new,ef8ae21b32ef487db996203c149610cc,45467,45610,True,་,False,ས
I9FF2B59B,new,cbbfc453a7bb43dfae8996c08a5e1da6,45634,45702,True,་,False,ོ
I9FF2B59B,new,838f9f4e836646b89e6ff688867f15d0,45772,45915,True,་,False,༌
I9FF2B59B,new,3501787a43af4b2a8350ecfd557beb27,45923,45945,True,་,False,ོ
I9FF2B59B,new,ccac3849e32d4a8c828655a5e1e540f6,45953,45969,True,་,False,ེ
I9FF2B59B,new,bce4eeff0f0d457b8869cab5f0d1de2c,45976,45979,True,་,False,ག
I9FF2B59B,new,b87874117167448e9e7abb122ebd4989,45989,46136,True,་,False,ོ
I9FF2B59B,new,c74e5e7c40f44bf48179eabd6bb50faf,46146,46229,True,་,False,ོ
I9FF2B59B,new,7244e9081837407cb9340597eee901ef,46239,46319,True,་,False,ོ
I9FF2B59B,new,42d83d75c7f04a0f8fb591fb64e31ce5,46340,46617,True,་,False,ོ
I9FF2B59B,new,c61dfe5b493d4bc585b120897054e57e,46664,46742,True,་,False,ོ
I9FF2B59B,new,ec6d530bb8234918a5efecfb982f6695,46802,46940,True,་,False,ོ
I9FF2B59B,new,ca862b97639c4a3084b7936da0849e5e,46959,46966,True,་,False,ེ
I9FF2B59B,new,a8c4d1b252c3429189a5cbdec53e6d03,46974,47169,True,་,False,ོ
I9FF2B59B,new,dc885244145d4ff6b7d3ae7adce1e355,47280,47369,True, ,False,ས
I9FF2B59B,new,7ac7dc4ebf8e4ea5a72115315a6bc71f,47378,47530,True,་,False,ཞ
I9FF2B59B,new,45d9ed00b51549e4b936e44614ff8c62,47562,47569,True,་,False,བ
I9FF2B59B,new,7085d2bb149e43e6b3748451cd55490b,47578,47601,True,་,False,བ
I9FF2B59B,new,20757daace6c475f9e355be9771930d0,47610,47619,True,་,False,ེ
I9FF2B59B,new,c441cf06e1354314b71823fd7051aef2,47630,47719,True,་,False,ོ
I9FF2B59B,new,e8e67a3127f6442bb857f0ddff933de2,47749,47827,True,་,False,ི
I9FF2B59B,new,ddd3e9c7e2f34c14a0fb8b3dc64a6d58,47836,47993,True, ,False,ོ
I9FF2B59B,new,78d3bf7bc101431ba47cfb3d19cbf5d2,48024,48049,True,་,False,ི
I9FF2B59B,new,421a389f6ed44c6794b1cea2040c229f,48062,48078,True,་,False,ང
I9FF2B59B,new,e5c05c00405e436f86c7b97487aedb68,48089,48101,True,་,False,༌
I9FF2B59B,new,0de99ed673a24272bec250d06b084aea,48114,48127,True,་,False,ད
I9FF2B59B,new,41e2765bdc4940d8a751e862c9d37604,48140,48161,True,་,False,ོ
I9FF2B59B,new,f72160e186ad4804bf9f2849fefb8f0e,48216,48229,True,་,False,ུ
I9FF2B59B,new,a9536f3d2c8f41b8bd5a3a28ccd67425,48237,48241,True,་,False,ོ
I9FF2B59B,new,673dcae9843b4c2ca5adeca62115eb21,48247,48297,True, ,False,ས
I9FF2B59B,new,e0a1ade5196f47fc8331ca1b1474b2c7,48311,48385,True,་,False,ོ
I9FF2B59B,new,283e31a4a3884f5f93ca2b1b87f9c3f8,48439,48517,True,་,False,ཅ
I9FF2B59B,new,71ea802b3a2e4b5c8c3a5518a0400ceb,48528,48542,False,བ,False,ང
I9FF2B59B,new,ea126120956e4b6c84d9872cf56e3e96,48553,48598,True,་,False,ར
I9FF2B59B,new,58fb203b69e041daa53bd4d32185215e,48624,48740,True,་,False,ུ
I9FF2B59B,new,233fc6305f0a48439ce472fc93b38c23,48754,48808,True,་,False,ོ
I9FF2B59B,new,33b9e21ebf1d47f0b77b878f05a66ebd,48874,48936,True,་,False,༌
I9FF2B59B,new,91c63882bf9b430196cebc4b90f32fa4,48951,49015,True,་,False,ོ
I9FF2B59B,new,c69a428a33014eeb866575854138bbd0,49023,49045,True,་,False,པ
I9FF2B59B,new,32d628c950dc4927a8176ac0836c8cca,49055,49058,True,་,False,ན
I9FF2B59B,new,18532a0f79e8420eaea5ab8fb93c40cf,49067,49095,True, ,False,ེ
I9FF2B59B,new,c20793c8720a483c940721958163b36b,49101,49116,True,་,False,ད
I9FF2B59B,new,d8a9105868144add8fe1d0ed19ed07c3,49119,49124,True,་,False,བ
I9FF2B59B,new,5e3383f52e92476a9eafe15ae62248bc,49128,49131,True,་,False,ད
I9FF2B59B,new,a7387a57df524d40b74575c0c553ee12,49137,49162,True,་,False,ོ
I9FF2B59B,new,54d9e32dcb5e4e4ea97f1db142b77d20,49233,49320,True,་,False,ེ
I9FF2B59B,new,c7cb87e248a74aed965349aaa4f31cfa,49338,49456,True,་,False,ོ
I9FF2B59B,new,9421afe19dac4a2a95eae09d78cfd8f7,49527,49646,True,་,False,པ
I9FF2B59B,new,0a77e408df53400ca0ef4e2a7381669a,49666,49733,True, ,False,ོ
I9FF2B59B,new,5741f7b1ee274095995d1aea7de577ab,49829,49837,True, ,False,ན
I9FF2B59B,new,0a2dceec09054a3dad937951c6ae2b92,49850,49922,True,་,False,ན
I9FF2B59B,new,d9be9c39491c43fda364f5c335fac861,49940,49943,True,་,False,མ
I9FF2B59B,new,d671b2f3ae6549d9ab9df6d7c483bd9f,49954,50120,True,་,False,ས
I9FF2B59B,new,95844d265a5f4ed5b3eb2b9158b33dfe,50169,50259,True,་,False,ོ
I9FF2B59B,new,ddbdd9716e544cddb485c801d88f9364,50279,50326,True,་,False,ན
I9FF2B59B,new,2c7f3566eef14ee9a1e56656540cb86e,50339,50409,True,་,False,ར
I9FF2B59B,new,7bfab96fc02840e2a6a42fc5ed9a4b99,50423,50564,True,་,False,ོ
I9FF2B59B,new,bcb32d08d01245f486861448f4ba06fb,50590,50596,True,་,False,མ
I9FF2B59B,new,5e7352c10318429fab3406e1023265c7,50617,50636,True,་,False,ྲ
I9FF2B59B,new,9cf07eaf23c743649d4422b18e40a6f9,50640,50647,True,་,False,ས
I9FF2B59B,new,e0c489a700e24a5eae2cffffcf5b89ac,50724,50751,True,་,False,ད
I9FF2B59B,new,1b4db15f50ff4ae8a129977bf4a4db4e,50773,50892,True,་,False,ོ
I9FF2B59B,new,9c5238380d6f462391e36b96d71018b0,50905,50977,True,་,False,ས
I9FF2B59B,new,053943eaeacc45c5bd1049f03af17f0f,51004,51077,True,་,False,ན
I9FF2B59B,new,d070b6f8e4f2432cbc23e47dd45ebb12,51207,51222,True, ,False,ང
I9FF2B59B,new,5bbb066f02f04a78b04ca19c4175ff52,51304,51356,True,་,False,ོ
I9FF2B59B,new,fa4ab7e6a6724f358be0b657509b8824,51385,51661,True,་,False,ོ
I9FF2B59B,new,0871022dd7944589b3cb4931f59b76a1,51680,51748,True,་,False,ས
I9FF2B59B,new,e20b7150fe844607a8d5dd3a0803ba34,51762,51906,True,་,False,ས
I9FF2B59B,new,c30c1ea0b83a4d6da6161aab3964dda0,51921,51932,True,་,False,ད
I9FF2B59B,new,001a08b21e8f4cc3ac432d7c2fff04d1,51942,52050,True,་,False,ོ
I9FF2B59B,new,c7e473eb49df45dc939360d63b5e9090,52054,52057,True,་,False,ས
I9FF2B59B,new,f1a1f0d51ad54e95bfa9a88ea71aec6f,52061,52137,True, ,False,ས
I9FF2B59B,new,5aed7b16b8564f8794772f8705ffe34e,52179,52191,True,་,False,ན
I9FF2B59B,new,d6a420b4f07e4531bd638714da6efad9,52195,52204,True,་,False,ྲ
I9FF2B59B,new,9c21f46040994d3cae0936d736614180,52212,52337,True,་,False,ོ
I9FF2B59B,new,78bac4fefce3411d92cbfc86ac1e6eab,52375,52475,True,་,False,ང
I9FF2B59B,new,d1f493e1616f40cd8b03f45a7d689d98,52485,52495,True,་,False,ོ
I9FF2B59B,new,bb2141eefd464f508102dfc194c65703,52502,52523,True,་,False,ེ
I9FF2B59B,new,4a929445eb5a4dea9f87ecd30894bb08,52544,52555,True,་,False,ས
I9FF2B59B,new,06e48b013ed44a6b8dd57d445427bda0,52560,52617,True, ,False,པ
I9FF2B59B,new,e23540d870d842ab98ac758e268086b1,52628,52633,True,་,False,པ
I9FF2B59B,new,60388ee60be74ba6ab87da5117ec95f5,52639,52641,True,་,False,ེ
I9FF2B59B,new,c58ff63cf51b4be690a72e002105027e,52661,52712,True,་,False,ལ
I9FF2B59B,new,5d63c0ecddc24eb8ac0d5bf5a5ecb58d,52720,52737,True,་,False,ོ
I9FF2B59B,new,5d9e84d3295140c18de97a0c2ad6bd6b,52798,52817,True,་,False,པ
I9FF2B59B,new,30bdcc2e4b97419084cc5f8277229cd5,52873,52879,True,་,False,ས
I9FF2B59B,new,9a263ba68b284c688a1b7939ef224209,52886,52923,True,་,False,ས
I9FF2B59B,new,a85391e1c25c4538aacb36f48f209cce,52936,52938,True,་,False,ས
I9FF2B59B,new,d643fed5f0e947b3b9cf7398895cfd78,52953,53015,True,་,False,ར
I9FF2B59B,new,9d09165a34dd4877841bd5d28046ab57,53033,53044,True,་,False,ེ
I9FF2B59B,new,d966ef808f2b4352bfb7b10154164a1b,53052,53056,True,་,False,ཏ
I9FF2B59B,new,181b1613dbe94bb38e07bf8fb5311064,53079,53103,True,་,False,ོ
I9FF2B59B,new,437f9d8f744a4adfa2586939ed0dc9ed,53137,53217,True,་,False,ུ
I9FF2B59B,new,c95a35ceb28742fcb82e23fe5896c07f,53256,53327,True,་,False,ོ
I9FF2B59B,new,229f2ef5ce124cb29b8ee435e80d431a,53360,53443,True,་,False,ས
I9FF2B59B,new,2af444d2dfc4452ba1ac2ab72c52b573,53446,53453,True,་,False,ེ
I9FF2B59B,new,1ea33a600aab4878948efaeb5c0cd440,53470,53483,True,་,False,༌
I9FF2B59B,new,7ae1a9c3cfe34759a74b7ab020e884a9,53511,53532,True,་,False,ུ
I9FF2B59B,new,e3111ef5863149c699ef0751abd828d5,53540,53558,True,་,False,ས
I9FF2B59B,new,72a8ac119b114aa3bf5b0c79012d953a,53568,53594,True,་,False,ས
I9FF2B59B,new,9161205d205244ccb5c6254152eb2363,53618,53684,True,་,False,ོ
I9FF2B59B,new,d4018ed14b7b49ec98198595fe5b6133,53695,53699,True,་,False,ར
I9FF2B59B,new,b86a8b336fe542809ea0a827ca2ebc62,53704,53738,True,་,False,མ
I9FF2B59B,new,3dac7350b4f044949d85463f6cee9ff3,53757,53836,True,་,False,ེ
I9FF2B59B,new,fca4a12e06614bd6982ea6f25ba49195,53848,54108,True,་,False,ོ
I9FF2B59B,new,3ca89fb277b34163bb331ec790bbf686,54178,54198,True,་,False,ེ
I9FF2B59B,new,08c1a85ec0534a83a073d752a41a00e5,54207,54218,True,་,False,ས
I9FF2B59B,new,6d307e60400644beb5f6434d2383e496,54227,54239,True,་,False,ན
I9FF2B59B,new,ffcbfa592f3047458bea0739a0691493,54243,54249,True,་,False,ས
I9FF2B59B,new,e9f4dae6250a4c6bbdffcced2c5a8685,54261,54277,True,་,False,ད
I9FF2B59B,new,0ef9de3f5f934c50958d41472c88c9e6,54283,54376,True,་,False,ི
I9FF2B59B,new,6ea66dac9e60485cbe2694145a05fe23,54675,54913,True, ,False,ཱ
I9FF2B59B,new,e5a977e04fc54597b40573dc42b5645d,54944,54990,True, ,False,ེ
I9FF2B59B,new,73ef632b07104271a5582e7235447214,54993,54999,True,་,False,ཱ
I9FF2B59B,new,56843222619d44e58391dc9e470f4fe2,55096,55111,True,།,False,ེ
I9FF2B59B,new,e20b9a9be67944a294f8a4aa6a56bddb,55160,55187,True, ,False,ཱ
I9FF2B59B,new,0ebcfe3f1223497c8d6fce20446d7a69,59933,59940,True, ,False,ོ
I9FF2B59B,new,72b5fcdba497487684e2ea8f0d49a1f7,60721,60752,True,་,False,ན
I9FF2B59B,new,72c415d4dded43ecbe9c6c18639df479,60797,60805,True, ,False,ད
I9FF2B59B,new,cefa2142c00744d8b0dc8bcfea777da8,60810,60825,True,་,False,ོ
I9FF2B59B,new,1d313bbb819242639b8bb2ac7919f897,60834,60841,True,་,False,ན
I9FF2B59B,new,36dbc2eafd794b00903a381bad9867da,60902,60933,True,་,False,ལ
I9FF2B59B,new,e2d223cb9d1f4cbf80530c860ab9aabc,60937,60938,True,་,False,ས
I9FF2B59B,new,2204a529c66f49fc937637129639935f,60941,60942,True,་,False,ན
I9FF2B59B,new,ed82d2bb4e184b02abaf873aff7f7d70,61106,61127,True,་,False,ས
I9FF2B59B,new,b98cee7f785a485c93890313e7db95ae,61160,61168,True,་,False,ན
I9FF2B59B,new,074f8482c09048b3acbc76e306e090ee,61436,61464,True, ,False,ང
I9FF2B59B,new,426890e8d4a44f589ca79ea2370baca3,61473,61478,True,་,False,ང
I9FF2B59B,new,16238283744c4fb9ab54fb6b0ccefa06,61482,61500,True,་,False,ལ
I9FF2B59B,new,52a03da080a84ad597b9d277ff89b0b6,61505,61511,True,་,False,ར
I9FF2B59B,new,5fad1997818f4f879728a3fa11a69bb6,61533,61536,True,་,False,ལ
I9FF2B59B,new,da7279fdf343440794643ed467286689,61822,61846,True,་,False,བ
I9FF2B59B,new,861e2fced68340f5bffb03a6c21c92c5,61901,61908,True,་,False,ག
I9FF2B59B,new,90d8a7bd00f54135804f69b70f5139aa,61912,61915,True,་,False,ད
I9FF2B59B,new,c6351c07bace48159b81902bf275ceb1,61998,62016,True, ,False,ན
I9FF2B59B,new,05dc0b3b836149469ab65e4da420ce91,62067,62076,True,་,False,ད
I9FF2B59B,new,64a5282245a042fb9e1e3275dc5eafac,62089,62092,True,་,False,ར
I9FF2B59B,new,6220ecd5d5db4a42b3a5cae6729cc556,62125,62139,True, ,False,ར
I9FF2B59B,new,3fe6c9fdc9604b699159da8fe57902f7,62156,62159,True, ,False,ས
I9FF2B59B,new,e1431d44f27f47408cde5a6e3ded9037,62169,62179,True,་,False,ས
I9FF2B59B,new,7da5b84ed45e422f9573d42fe4545ff2,62186,62190,True,་,False,ས
I9FF2B59B,new,2c96cc9c91c046cf8f0d9fc268c47a94,62216,62223,True,་,False,ང
I9FF2B59B,new,09a79d23590044118ee7efdb06b7cf7b,62227,62234,True,་,False,ས
I9FF2B59B,new,2ed1de9c3aa54fac98ba7595cfd49fdf,62269,62272,True,་,False,ད
I9FF2B59B,new,81fb9538278e4537b107056851ffa7e6,62280,62294,True,་,False,ས
I9FF2B59B,new,7b9eb7daf1894097915c8e2365e7a8d5,62298,62314,True, ,False,ས
I9FF2B59B,new,a7152ca9dc4e4bdeb9fefea4d9f9f00b,62322,62329,True,་,False,ག
I9FF2B59B,new,573cefb90c5b4b9087eaa738c9a18827,62345,62354,True,་,False,ད
I9FF2B59B,new,29ec57bf0ecf470e87d9e2889aa76b75,62390,62394,True,་,False,ན
I9FF2B59B,new,6b9722c3d63b444094d1b279c0b349f6,62398,62414,True, ,False,མ
I9FF2B59B,new,8e965da54527455893b7aaf4089266ac,62493,62501,True,་,False,ང
I9FF2B59B,new,73ed3b951f9c49b89453457a13490b97,62521,62535,True,་,False,ས
I9FF2B59B,new,1eedde121abc429188cd9cd4d69344aa,62677,62680,True,་,False,ྨ
I9FF2B59B,new,a93db1edf1e34c60960f46f18aca6240,62687,62691,True,་,False,ང
I9FF2B59B,new,07fe7920e93e4892928131f207edef69,62695,62698,True,་,False,ན
I9FF2B59B,new,dabe720c92c34b09bca9b09d9eff60a5,62724,62730,True,་,False,ི
I9FF2B59B,new,926326c1de46424d8e71dfe903d90f4f,62751,62754,True,་,False,ན
I9FF2B59B,new,bcfad3da331a4c2d910445edebb4c54a,62759,62775,True,་,False,བ
I9FF2B59B,new,8dafe4bb6463427abd50a3f68c14c544,62780,62783,True,་,False,ང
I9FF2B59B,new,984c30cb7c194651a89062e2d9f792b9,63438,63456,True,་,False,ན
I9FF2B59B,new,165d17880d5e412ab0b26d424520458e,63481,63489,True,་,False,ེ
I9FF2B59B,new,e417c0786bfe45d8af6317365176f12c,63510,63524,True,་,False,ང
I9FF2B59B,new,80af540e903942b2bd6189840fde942b,63541,63547,True,་,False,ག
I9FF2B59B,new,bd07f3d4271c4292b7a5bfc16bdb3591,63557,63562,True,་,False,ས
I9FF2B59B,new,11d551cb52224608a450cad1032e9e98,63630,63636,True,་,False,ུ
I9FF2B59B,new,b1d8da8efd154738867cf085dd1d7f52,63675,63691,True,་,False,འ
I9FF2B59B,new,b33f59a71d804d1280c88598cc4dd61c,63699,63712,True,་,False,ས
I9FF2B59B,new,be2bd633c1e64ef7a6ecf5cbbfeece76,63722,63737,True, ,False,ོ
I9FF2B59B,new,865682395fa14069908b7f5998aae11d,63798,63806,True, ,False,ན
I9FF2B59B,new,30718a99914346cd99d0be0c0dcd4443,63840,63847,True,་,False,ར
I9FF2B59B,new,3e87a0acd4b34e59a2d935d69d300059,63866,63870,True,་,False,ན
I9FF2B59B,new,14fda6bee992447194e1452f721c2b15,63953,63989,True,་,False,བ
I9FF2B59B,new,dd1b51b6e5324628a67feaa82bfc02cb,64017,64024,True,་,False,ོ
I9FF2B59B,new,e2c0ccc520f7489484f8867674448b0f,64087,64107,True,་,False,ྨ
I9FF2B59B,new,64d0bfb036bc4cc8988992d262be9272,64161,64165,True,་,False,ན
I9FF2B59B,new,0352316493e342d6be8a333655eeddb8,64198,64206,True,་,False,ས
I9FF2B59B,new,096c45b1fb1f42fb94a2524a0b3a2186,64260,64294,True, ,False,ན
I9FF2B59B,new,4134ae8f144b40b9a1e29341c1810d97,64403,64436,True, ,False,ོ
I9FF2B59B,new,3cc8ff51257e417a96d23c3ceae032d8,64494,64498,True,་,False,ན
I9FF2B59B,new,8845f957fab244d396264e579bceffad,64528,64535,True,་,False,༌
I9FF2B59B,new,3c455b76fd3f4ae0b2da56924c3e6e21,64579,64585,True,་,False,ེ
I9FF2B59B,new,377f0ffa4af448ff9d8b4c1335f537e5,64615,64637,True,་,False,ར
I9FF2B59B,new,e7795cafd6344de5b2bcf2eb1e89e7d8,64642,64679,True, ,False,མ
I9FF2B59B,new,de759bf8df454d1289c1ac4d1204eac2,64755,64767,True, ,False,ར
I9FF2B59B,new,e762df1e95614c9c831ecd4c4646f20d,64799,64803,True,་,False,ག
I9FF2B59B,new,e63e22b4f1f8463298d825d931eac9ae,64859,64862,True, ,False,ན
I9FF2B59B,new,4e3eebe372784cb4a5d2524fdc68d1bb,64885,64895,True,་,False,ད
I9FF2B59B,new,49a518f9df514949a9abb0cd05e1a996,64914,64919,True,་,False,ན
I9FF2B59B,new,1d6c50aaa0a6433a8d77b565134486dc,64923,64949,True, ,False,༌
I9FF2B59B,new,a07cc23735be41219d3430c33f78d4c7,65001,65009,True,་,False,མ
I9FF2B59B,new,dcddb5f836864445889b9988e461b49c,65031,65034,True,་,False,ར
I9FF2B59B,new,60e43d6639e04c58891acb1e3e0adc34,65145,65152,True,་,False,ས
I9FF2B59B,new,a373ed963dba4159bdc5a511ddd0c59a,65160,65164,True, ,False,ག
I9FF2B59B,new,75849c8532e94a3ea264922478cf6ae9,65173,65174,True,་,False,ལ
I9FF2B59B,new,c8f5c854f113405496ae2ed6fc830771,65195,65197,True,་,False,ེ
I9FF2B59B,new,4c18216acb3640fd979a1ba0f8282b7f,65225,65228,True,་,False,ང
I9FF2B59B,new,b3894ad8b43c4455a3f89149b369c52f,65238,65241,True,་,False,ད
I9FF2B59B,new,274fb182a3974621b0e746c493446581,65245,65248,True,་,False,ད
I9FF2B59B,new,dac95f34098d4c48a866c356c880c314,65253,65257,True,་,False,ར
I9FF2B59B,new,a3733744b1964a45bbd2ca2031dfc9f8,65340,65355,True, ,False,མ
I9FF2B59B,new,38950ed762d14e2eab58f5130749fadc,65376,65379,True,་,False,ས
I9FF2B59B,new,45243a042cd24b1cb0f9e3fc5303a37b,65390,65400,True,་,False,ོ
I9FF2B59B,new,107bd3b1e77440ef92f974318ea35d95,66567,66574,True, ,False,ུ
I9FF2B59B,new,98438ee37c214d9fb8165b171092a095,66617,66629,True,་,False,ས
I9FF2B59B,new,cced271312f6493ab979f2fcdfddbb54,66645,66652,True,་,False,ག
I9FF2B59B,new,4cc60c698525493fa609339407b778b5,66677,66684,True,་,False,ས
I9FF2B59B,new,5cf6ae0f12bb44ada28b0cff9c45f329,66690,66697,True,་,False,ར
I9FF2B59B,new,77b118e8c49b4607a7afab435fcbf30a,66705,66707,True,་,False,ས
I9FF2B59B,new,8b950488f5584e0d9d559aebcdb88334,66749,66754,True,་,False,ལ
I9FF2B59B,new,6c311f0178054e3f8344ee2e131e2af2,66764,66777,True,་,False,ས
I9FF2B59B,new,e89e84555f4f49f69a8adf7f92acef3c,66792,66818,True, ,False,ང
I9FF2B59B,new,6414727dedbf42fc904e8e100ad30d82,66824,66829,True,་,False,བ
I9FF2B59B,new,7fee9d6542bf4e6b9def425c41036338,66834,66838,True,་,False,ྱ
I9FF2B59B,new,97d22497ce1943cc92d17a6bee76e4b4,66894,66902,True, ,False,ན
I9FF2B59B,new,c8be5563ebc546efa122807303a70aae,66908,66915,True,་,False,ར
I9FF2B59B,new,5053a9c45a2c44d893560014dfe753ee,66923,66925,True,་,False,ས
I9FF2B59B,new,fbcafb8196f942b18215d2bbb596b0b4,66954,66959,True,་,False,ལ
I9FF2B59B,new,28e481a14db94cc2be6279505344619d,66971,67021,True,་,False,ད
I9FF2B59B,new,be9302dcdc07475cae0b15b53feabb4b,67064,67078,False,ུ,False,ར
I9FF2B59B,new,af725efc657f46ab836fbd1610145968,67129,67131,True,་,False,ས
I9FF2B59B,new,918d973bf7064ea2a0b50ef2581e2247,67297,67302,True,་,False,ལ
I9FF2B59B,new,51e4d23aa4f94769ab49b9d232cf6332,67335,67344,True,་,False,ང
I9FF2B59B,new,3d2dff71cae3485fbef3062b6307a2ff,67360,67368,True,་,False,ལ
I9FF2B59B,new,efb9ec226d47449482ec93ccc8ce92dc,67394,67423,True,་,False,ད
I9FF2B59B,new,dfef569dfb804172917d764c85b606a3,67452,67475,True,་,False,ལ
I9FF2B59B,new,15b8549bef0b41c08ad77e29be09d2c4,67551,67559,True,\n,False,ས
I9FF2B59B,new,816ffeaaad5648dea82e525530d3881c,67619,67651,True,་,False,བ
I9FF2B59B,new,725c2f9c01da4f71b61633dddddb55be,67664,67676,True,་,False,ས
I9FF2B59B,new,cd3c5656de074864aeff547354b3b3f9,67793,67843,True,་,False,ུ
I9FF2B59B,new,70d45933ecca4840a8448967ad149991,67862,67878,True,་,False,ས
I9FF2B59B,new,ed1137aa814b49cdae0e75ff69fdf06a,67885,67890,True,་,False,ན
I9FF2B59B,new,d6aa3af43dc94edca9f2ee9dd63cd5ff,67897,67926,True, ,False,ས
I9FF2B59B,new,b74bee72fa5b497eabe586020e598b5a,67931,67934,True,་,False,ག
I9FF2B59B,new,39847c70995f4dc686c49acbbcc0ccb6,67946,67960,True,་,False,ས
I9FF2B59B,new,54cd05bc697f4fdf9f6f9e04fcc30800,67969,67979,True,་,False,ན
I9FF2B59B,new,67c48482c90a43a59674e868a05144a7,67991,67996,True,་,False,ན
I9FF2B59B,new,06bf2b21be674cbca8f4520c8efc3909,68003,68024,True, ,False,ད
I9FF2B59B,new,c15aaa0c822f4b5f90263d871197a56e,68030,68042,True,་,False,ོ
I9FF2B59B,new,04bc79331e8442738dc927cbdec41013,68265,68272,True, ,False,ང
I9FF2B59B,new,4b4c4a2df7f94eb183321eec4081b16d,68276,68284,True,་,False,ད
I9FF2B59B,new,e577785a2f98442a9194ddc28f1e78a0,69221,69236,True,་,False,པ
I9FF2B59B,new,564f4d4feaa1479da8d259c1f8d7ec35,69245,69258,True,་,False,ང
I9FF2B59B,new,330e3d66f31d494a943c5224a66c1822,69299,69327,True,་,False,ན
I9FF2B59B,new,c5fa324ab17c4468b3807657436cdba7,69336,69361,True,་,False,བ
I9FF2B59B,new,1c831f595d954892ba439a4763db0431,69613,69619,True,་,False,ར
I9FF2B59B,new,33848ec06e4a4c939a9564e82084995d,69641,69652,True,་,False,ང
I9FF2B59B,new,10e6a2a126894ad3a3188af0fca0e10c,69658,69670,True,་,False,ར
I9FF2B59B,new,f395a5e63cba4e45b431082d7d5b121f,69708,69713,True,་,False,ས
I9FF2B59B,new,401b1fc086c2405c87abfbf036f6a5d3,70399,70433,True,་,False,ེ
I9FF2B59B,new,3b163000d65848f6b9ccd4a4c760e6e4,70460,70475,True, ,False,འ
I9FF2B59B,new,647a1d085b144160bc5c302f938dc5a2,70481,70494,True,་,False,མ
I9FF2B59B,new,d95cc9b1e2aa4e67b0a2b424b3b3d4f2,70509,70514,True,་,False,ས
I9FF2B59B,new,0d0a0b7e2727458f9dbce7df7dbca63f,70518,70533,True, ,False,ག
I9FF2B59B,new,82934b25c81049fdb5958506fd6b96b0,70537,70556,True,་,False,ན
I9FF2B59B,new,c615894fca174af98ce01877dbdc22a3,70612,70632,True, ,False,པ
I9FF2B59B,new,4ac2df2f6b264dee91a2a74f7a8cb540,70656,70673,True,་,False,ད
I9FF2B59B,new,5c6be6abf1f14b93bd16753c0ba4b5a4,70682,70698,True,་,False,བ
I9FF2B59B,new,25aedfa9418f4c95be11e488ce4fdccf,70713,70730,True, ,False,བ
I9FF2B59B,new,fe596c7088de4ed6b4ba5b7ef9205488,70835,70840,True,་,False,ས
I9FF2B59B,new,9135ad8f163f4ccfbe3501253d46ef06,70843,70851,True,་,False,ར
I9FF2B59B,new,c8ac8fcd59154c71b3bd7732b0875bd5,70859,70880,True,་,False,ག
I9FF2B59B,new,f22cdf226a444811bbcde7e8819a2758,70884,70900,True,་,False,ོ
I9FF2B59B,new,1b783161358b4161a476083359cdcce5,71119,71128,True,\n,False,མ
I9FF2B59B,new,aeb8f0662e62492e94ef2c3dba302da6,71133,71164,True,་,False,ི
I9FF2B59B,new,945754b6653a4df386a715ca75efcfa8,71174,71177,True, ,False,ན
I9FF2B59B,new,130aa64d387f41a8af29b1c5abb3ef32,71181,71183,True,་,False,ེ
I9FF2B59B,new,410fdc540d494568ae671cbc3c7ab59a,71192,71196,True,་,False,ས
I9FF2B59B,new,704efa7162304df99ea699156a9591eb,71206,71209,True,་,False,ང
I9FF2B59B,new,7155a723d99441a2a49628d7dcb65c02,71252,71266,True,་,False,པ
I9FF2B59B,new,5846b7ad5b394d8f917c0735586b2d0f,71270,71272,True,་,False,ས
I9FF2B59B,new,76e9bc00997d49beaead045a11375460,71295,71302,True,་,False,ག
I9FF2B59B,new,efae2568dd484726a14ac99453de6e91,71306,71329,True,་,False,ན
I9FF2B59B,new,06953ecd0e7940d7be4f9c0f78640cbc,71348,71354,True,་,False,ས
I9FF2B59B,new,9c70a5c32ba84b719a74cee5bf4eda18,71361,71390,True,་,False,ི
I9FF2B59B,new,883c8484cc6246b3aa041fb7c64b5426,71396,71415,True,་,False,བ
I9FF2B59B,new,e81d7b3adfb5406bbee554f3ac14c80f,71784,71789,True,་,False,ས
I9FF2B59B,new,0dfb3163aa6c467b916ceb051f952c1e,71794,71815,True, ,False,ལ
I9FF2B59B,new,2c6e7bcfe2ab44c8b7ce8557a6d41323,71825,71828,True,་,False,ས
I9FF2B59B,new,84f6bb6330dd4d20871e5a54800f1e71,71832,71839,True,་,False,ལ
I9FF2B59B,new,81ca0062ff5e4775b18cc2b75eeb0f4f,72666,72715,True,་,False,ར
I9FF2B59B,new,8dc5e5e1565041bd8bca5848b96a43fa,72758,72780,True, ,False,ང
I9FF2B59B,new,ab3290ae95a348dfab4df4e2d1cb7fc0,72804,72832,True,་,False,ར
I9FF2B59B,new,a58e26fb8f754962a522ebab4dbebc63,72838,72839,True,་,False,ན
I9FF2B59B,new,a9ff023767924cf7913c30e02144bfc5,72846,72851,True,་,False,ི
I9FF2B59B,new,f0df798c08524c3d9de025b1d4b1b43c,72861,72868,True,་,False,བ
I9FF2B59B,new,d1d976d988fc41218f6f70f9cfd34751,72892,72910,True,་,False,ག
I9FF2B59B,new,416592cb17384d16a40805d1ff9f05e8,72932,73002,True,་,False,ས
I9FF2B59B,new,53531aba78cb4597bda5a884a295c795,73036,73043,True, ,False,ད
I9FF2B59B,new,6ef4e8515b2243ca81343d46c8383e53,73135,73142,True,་,False,ེ
I9FF2B59B,new,04374962b2184dd2b78b5bbee3ae9a82,73385,73399,True, ,False,ོ
I9FF2B59B,new,b2303b4cc74b421d9fcf210aef81d7d0,73476,73480,True,་,False,ེ
I9FF2B59B,new,4be2ebe220984b9fa082abc75bb73836,73677,73700,True,་,False,ས
I9FF2B59B,new,274ca466d0374b7b80c4c61eb56bfbbb,73787,73790,True,་,False,མ
I9FF2B59B,new,452c8beef1174f68802d4e340cc1233b,73794,73796,True,་,False,ག
I9FF2B59B,new,10134a74a69847219b2bec50e1483497,73800,73805,True,་,False,ར
I9FF2B59B,new,a57f059e5c5f471791a453183ec33751,73809,73843,True,་,False,ོ
I9FF2B59B,new,8cce124dc31a4ca0a37cc0a5cd92c13b,77403,77406,True,་,False,ག
I9FF2B59B,new,a4ae09fc8cde4c2280597471b83c857f,77410,77430,True,་,False,ད
I9FF2B59B,new,d03f0a62aae2411aa86914f8a37256fb,77436,77442,True, ,False,ྩ
I9FF2B59B,new,cb9366dbc1344a748cce56c0fbf18494,77454,77457,True,་,False,ས
I9FF2B59B,new,c1dee6ca5aae4e22b66172c45ed5859a,77482,77506,True,་,False,པ
I9FF2B59B,new,3ad593a56fa342a58c4f66f8ecd39d8e,77579,77586,True,་,False,ས
I9FF2B59B,new,b68eff43f0f348c787577a34e76d8a5e,78234,78237,True,་,False,ད
I9FF2B59B,new,874431c9c6cc41ecb65aaa655e05b51f,78243,78248,True,་,False,ལ
I9FF2B59B,new,0f7df8b571e64f35bfa0292cf7d99728,78265,78272,True,་,False,ས
I9FF2B59B,new,83a1f04734e34997bc702e5475282df3,78277,78280,True,་,False,ས
I9FF2B59B,new,f85051a6c2f0487f8ea3e306020f03b3,78299,78303,True,་,False,ས
I9FF2B59B,new,20695fbc0eae499ca962982da12f7cdf,78334,78337,True,་,False,ན
I9FF2B59B,new,474cea1e19204c1fb0497a762d0d503c,78341,78343,True,་,False,ེ
I9FF2B59B,new,8b51114ee7184db686a106d8409468be,78347,78351,True,་,False,ན
I9FF2B59B,new,ec97afaaed1b4da2b169ecdab35548e6,82968,82975,True,\n,False,ས
I9FF2B59B,new,f2a410f615bd442cb102dd54725079ce,83027,83057,True,་,False,ི
I9FF2B59B,new,bb42930a0c65488cb7dd438edc0ce37f,83066,83070,True,་,False,ང
I9FF2B59B,new,ccf36b7841dc4d4f87ae31c21ca78136,83103,83108,True,་,False,བ
I9FF2B59B,new,e1a9545c2d184f9ab5dc88ba555bc600,83112,83123,True,་,False,བ
I9FF2B59B,new,0ec955e938f140c69a5777b5a8aeec07,83128,83132,True,་,False,ྱ
I9FF2B59B,new,093eb911a9cb44a4b91a304aabf517e3,83143,83147,True,་,False,ི
I9FF2B59B,new,7835e4c6338247cbaefb28ebac965c9f,83164,83169,True,་,False,ི
I9FF2B59B,new,c95545eff4cf4e88a430c58dcafb7f60,83185,83212,True,་,False,ན
I9FF2B59B,new,c03cb079b26e4f85abc9147c25dc3f41,83220,83235,True,་,False,ེ
I9FF2B59B,new,507029f3b1484b99ae934f8d0af0a8fe,83244,83255,True,་,False,ད
I9FF2B59B,new,5617c702636c46a793e59d6dc87292ff,83270,83285,True,་,False,ག
I9FF2B59B,new,ca821a44bccc462292f7e08824bdc816,83305,83309,True,་,False,ན
I9FF2B59B,new,c799eb84e632476c812570d975021be4,83314,83327,True,་,False,ེ
I9FF2B59B,new,3099f0e11cad4d9ca67705361f348590,83337,83352,True,་,False,ས
I9FF2B59B,new,c22401ef17c14b7a9360d4b44b5f4aef,86297,86311,True,་,False,ས
I9FF2B59B,new,10af89e760e44452adfdc48c751b81e0,86316,86324,True,་,False,ས
I9FF2B59B,new,7d1d9c859fd74c59830cb97a3eed6a5b,86389,86393,True,་,False,ོ
I9FF2B59B,new,6c0bcb348adc469c8c8433a9acdad8f7,86396,86404,True,་,False,ས
I9FF2B59B,new,7a77229fcd01477aaaeefc56e29c6697,86432,86452,True,་,False,ས
I9FF2B59B,new,86d26531e8cc4ec0bf025953988bc6c6,86457,86466,True,་,False,ར
I9FF2B59B,new,46792c0be0fb48e19faf67aac0edd030,93478,93487,True,་,False,ད
I9FF2B59B,new,fd8af3d867914844b3df297669188c8a,99741,99754,True, ,False,ད
I9FF2B59B,new,d1e462f2e5d74be6a340916588b22c1e,100325,100332,True,་,False,ི
I9FF2B59B,new,04492ca5800c440aafc686162e23db28,100349,100360,True,་,False,མ
I9FF2B59B,new,d02444f26a354d448b5117dd89aea21a,100417,100429,True,་,False,ས
I9FF2B59B,new,dc07e1cc03f84171875581243575914d,100446,100453,True,་,False,ང
I9FF2B59B,new,65c3ce092e894282b7ac6cf9dea36ea8,100783,100787,True,\n,False,མ
I9FF2B59B,new,065cd4ff06534b7b8b44a26e94d45e9c,102714,102719,True,་,False,ི
I9FF2B59B,new,4e6ec763766d4179a777a6003304b047,102723,102729,True,་,False,ེ
I9FF2B59B,new,b074cd68b86d4d508bd2e099086d5770,102732,102738,True,་,False,ོ
I9FF2B59B,new,2f6fc49905334c7bb0d97608b4a0e057,102746,102758,True,་,False,ས
I9FF2B59B,new,fafa787a116b4a429fa4babebf5c4bc4,102775,102784,True,་,False,ས
I9FF2B59B,new,78bf322fc9dd47a3862a50dcea518f38,103981,104005,True,་,False,ོ
I9FF2B59B,new,fe031b1bc3dc4ee3a9edbc05c3a23dcc,104074,104086,True,་,False,ས
I9FF2B59B,new,3e82ca4891ed48fbb446089ce9d64d41,104091,104093,True, ,False,ཕ
I9FF2B59B,new,e523f72bc40c40f78374d1bf771c86c5,104097,104098,True,་,False,མ
I9FF2B59B,new,bb76bd609461420fbdd7d109a3beb7ec,104102,104120,True,་,False,མ
I9FF2B59B,new,d1742a4a2f6744c098dd22b61b2db0c7,104128,104166,True,་,False,ེ
I9FF2B59B,new,c82a43aafdfc40db873062e25d2997d9,104181,104186,True,་,False,༌
I9FF2B59B,new,135bb49285c448be9e503ae858ab0d5a,104252,104287,True,་,False,ས
I9FF2B59B,new,58a1579092ba438397b6b98c023183c6,104292,104301,True, ,False,ང
I9FF2B59B,new,3bbbe0988d484c7db1db80af6eff8100,104305,104316,True,་,False,ད
I9FF2B59B,new,a7035f686b394440a0cf47a131538243,104319,104333,True,་,False,བ
I9FF2B59B,new,3e52dc17bf534bc096c1e0084f1ae9bb,104392,104401,True,་,False,ས
I9FF2B59B,new,cff04a7db5d1434193af9b052e46c2ab,104466,104475,True, ,False,ན
I9FF2B59B,new,173099447b0f4989955d8ae3d299219a,104479,104481,True,་,False,ྷ
I9FF2B59B,new,19f885aecd43404aa2697d710988fa97,104491,104493,True,་,False,ང
I9FF2B59B,new,b0f112e9ebcf41aba8c0de6201a7e91c,104496,104508,True,་,False,ས
I9FF2B59B,new,cd3e7694a65b46a396f46c4c336d10d8,104523,104538,True,་,False,ད
I9FF2B59B,new,e1610050b7034841a1e39ceac2e19193,104543,104547,True,་,False,ག
I9FF2B59B,new,7e079c7fb8ba4836bdd1821449e22647,104550,104553,True,་,False,ས
I9FF2B59B,new,95c88a95044445aabbbd671514017b38,104556,104568,True,་,False,ས
I9FF2B59B,new,7cffbb841c904dd8a9d07579c829f7b5,104667,104676,True,་,False,ག
I9FF2B59B,new,a721566fae0647d68a31b7b0649247a3,104680,104685,True,་,False,ང
I9FF2B59B,new,7d786f31a046430680ef9898e1745fc1,104689,104697,True,་,False,ས
I9FF2B59B,new,21696d9c68a84a5f9a86efba9d170d70,104731,104762,True,་,False,ས
I9FF2B59B,new,ecb95e44418b4226893e11b8f1668485,104769,104772,True,་,False,འ
I9FF2B59B,new,9405cc112f4a407e95d3fb2e4b7e87bb,104791,104794,True,་,False,ས
I9FF2B59B,new,5f544021487a4640932ed423f8f861c3,104797,104815,True,་,False,ང
I9FF2B59B,new,f1afb60f2ab243d19eb08c80cdc2f90d,104819,104844,True,་,False,ས
I9FF2B59B,new,57c6a1ddb9954720a5c88d72624a67a0,104849,104858,True, ,False,མ
I9FF2B59B,new,68973b2a07804500aea88863412f16f4,104863,104870,True,་,False,ན
I9FF2B59B,new,a23976531b1d44a69d2dd9ebebb25c8e,104880,104883,True,་,False,ད
I9FF2B59B,new,7661312226cc4d44aeeb29d3a726d1df,104886,104888,True,་,False,ས
I9FF2B59B,new,32c934e48b244b86b9cc7a235c21626d,104901,104905,True,་,False,ག
I9FF2B59B,new,47126f1b54724838923e24756a54793e,104908,104912,True,་,False,བ
I9FF2B59B,new,591d3d208e7c445ba2649e62007f26a8,104917,104952,True, ,False,བ
I9FF2B59B,new,dafe2a5e55db4a938dd44bf93b8d4fa4,105148,105155,True,་,False,ད
I9FF2B59B,new,ae3f80e6dd1946daa565d7cfc390a786,105159,105163,True,་,False,ག
I9FF2B59B,new,225df8fdd81d42d792d01dcdfb42bdfc,105166,105169,True,་,False,ན
I9FF2B59B,new,4e12d8a1a286452983812ef13befb0af,105173,105192,True,་,False,ས
I9FF2B59B,new,10291d1711ee44f690cfb7149fe5f177,105766,105780,True, ,False,ན
I9FF2B59B,new,52d4741e577c4f0282ff801d4c2f80ac,105891,105909,True, ,False,ས
I9FF2B59B,new,ffe628e09eb64bb7845ffeff46d4adc4,105975,105978,True,་,False,༌
I9FF2B59B,new,26a5eba86ed943028f681deeaf76494d,105984,106002,True,་,False,ལ
I9FF2B59B,new,ac992aa7e3ce4dc780919d3c04a11619,106006,106020,True,་,False,པ
I9FF2B59B,new,cf7db731480b4339ad691cc073d366a5,106027,106034,True,་,False,ང
I9FF2B59B,new,552ef91c43514bf58a6b3ce33c104c73,106068,106075,True,་,False,ན
I9FF2B59B,new,5fad7895dac646eeb262be13a0234469,106080,106097,True,་,False,པ
I9FF2B59B,new,c5e44b7b696d462083796e12d71c3b4d,106506,106519,True,་,False,ི
I9FF2B59B,new,cffcb33460ac44c8bb3e1fa5ed17ba27,106530,106535,True,་,False,ུ
I9FF2B59B,new,8aa80e3686484a5d884831e8c11842e4,106984,106991,True,་,False,པ
I9FF2B59B,new,85893068844246eba246691ce74d70f4,107010,107012,True,་,False,ར
I9FF2B59B,new,5e3de8a9f5084ae4bae3781b45e3f6f7,107021,107024,True,་,False,ད
I9FF2B59B,new,5d4f5cad3d874255badeb0a24ec2075b,107029,107054,True,་,False,ས
I9FF2B59B,new,a1110d4483a84865a429c26388b59d42,107485,107522,True,་,False,ང
I9FF2B59B,new,ee4f58b3327c482184ca60c030513be7,107546,107550,True, ,False,ང
I9FF2B59B,new,5eff980b1ba24f699669cc45c676fc0c,107579,107587,True, ,False,ས
I9FF2B59B,new,1b6fcc60e01945c3b63c86a66de9fbfd,107593,107600,True, ,False,ས
I9FF2B59B,new,9e96beedae554ac6b62f55b4e7407924,107629,107638,True,་,False,ྔ
I9FF2B59B,new,3ba198b31f764b6ca2e28df12d518250,107666,107668,True,་,False,ོ
I9FF2B59B,new,7a898e82bfca4ec7a63e824e804c6759,107673,107675,True,་,False,ར
I9FF2B59B,new,16976514066d4a9fabd113cf42dd7093,107680,107708,True,་,False,ས
I9FF2B59B,new,e00f8acea4a04f0f9f0d5f71b60dda24,107899,107914,True,་,False,ི
I9FF2B59B,new,feeda83a22424c829d793720dd6dc634,108510,108519,True,་,False,ྔ
I9FF2B59B,new,e97288987a5d4d0ab9f464df7e72828e,108542,108544,True,་,False,ྔ
I9FF2B59B,new,306f5c61482246a08d184a93fdb1c520,108564,108569,True,་,False,ད
I9FF2B59B,new,c8bfaa29e227477cbbc21939aab47ae1,108597,108600,True,་,False,ང
I9FF2B59B,new,5353394249c74d358ec469325191b8d3,108605,108609,True,་,False,ས
I9FF2B59B,new,296504f1c60c4df2b18140b874da9346,108615,108640,True,་,False,ས
I9FF2B59B,new,18592004180243cc97768a6b2e17f8b3,108698,108713,True,་,False,ི
I9FF2B59B,new,26f35af60dee4962a30ecdfed5b3cb59,108757,108776,True,་,False,ད
I9FF2B59B,new,b5057b1aa01f41faa8b5ea3bf4d2f336,108791,108799,True, ,False,ས
I9FF2B59B,new,88ccbbae0c8045d1abc8aa298079a752,108804,108829,True,་,False,ས
I9FF2B59B,new,4926cdc62ae84ea7a05bcf3b7bfd11f2,108856,108868,True,་,False,ས
I9FF2B59B,new,976497dea3f74a61b6ffac4e54d6e3a6,108879,108885,True,་,False,ེ
I9FF2B59B,new,2c132def657b40369f39df36c87346a9,108890,108906,True,་,False,ས
I9FF2B59B,new,8a5351a270f54d93aee35b8d995c4445,108909,108914,True,་,False,ད
I9FF2B59B,new,48a310182bb04c52a80d06f2e1d8e004,108917,108929,True,་,False,ང
I9FF2B59B,new,839291acbc58427386aa843957e9fd63,108956,108964,True,་,False,པ
I9FF2B59B,new,da05234fe7854d8cb2abd9c3e40dc8b9,108968,108975,True,་,False,ན
I9FF2B59B,new,bb6ce44bdf4344139f5929f911d035ad,108980,108988,True,་,False,ོ
I9FF2B59B,new,1e5cccf09453483abe7400a26827e5a0,109030,109041,True,་,False,པ
I9FF2B59B,new,755971f2b2f1430ab5f8b9524926d47e,109044,109057,True,་,False,ས
I9FF2B59B,new,df0704c5b99c4b0aa58e9ca1d6afc92c,109067,109079,True,་,False,ས
I9FF2B59B,new,f09e9334928840a4befa952bd6b913e2,109319,109324,True, ,False,ས
I9FF2B59B,new,28c1d75c5cc54af696c18c81db7133e5,109339,109343,True,་,False,མ
I9FF2B59B,new,bf3cc4fa810e4e60bbc09eadfe3bc2b2,109364,109380,True,་,False,ས
I9FF2B59B,new,a2a2e57dde2844969ae1cf6d1b17c59d,109383,109406,True,་,False,པ
I9FF2B59B,new,1dab6a1c998c404aa59aa62f7f458f1c,109410,109428,True,་,False,ས
I9FF2B59B,new,6e87df02b1db4394bcb2a20cbb41250f,109432,109452,True,་,False,པ
I9FF2B59B,new,f8a4090419504bd5988d60a2047d48c1,109460,109472,True,་,False,ས
I9FF2B59B,new,37aa3cc22f0a47ea823a6a6bdd3bcf46,109516,109523,True,་,False,པ
I9FF2B59B,new,4ca98256250a4f26be7c15dff52fed5f,109535,109547,True,་,False,པ
I9FF2B59B,new,a5e3664e34ba4e36836685e0c9331eed,109563,109571,True,་,False,ས
I9FF2B59B,new,818aa3538557498f83d6eb1413eeb9a6,109575,109582,True, ,False,ས
I9FF2B59B,new,8dbde1999e5041b69a527f33d855545e,109587,109593,True,་,False,པ
I9FF2B59B,new,6432833be877430195912b6fa460f6bf,109603,109609,True,་,False,ུ
I9FF2B59B,new,58ec70de74f844eaa5c259758f5fface,109614,109621,True,་,False,ང
I9FF2B59B,new,23e3b877c9774c4081fa6ee1f0e68c47,109624,109627,True,་,False,ར
I9FF2B59B,new,55a244ffa07c49e3b513311fe8e09961,109669,109673,True,་,False,ཚ
I9FF2B59B,new,ca36324ef8a547aba436c41d561eea2e,109777,109782,True,་,False,ས
I9FF2B59B,new,3070e54b0aeb49daa2bf9a324d14b39b,109787,109791,True,་,False,ག
I9FF2B59B,new,a6ecc22a3a7d4e3b9513a0525f413f3f,109795,109809,True,་,False,ོ
I9FF2B59B,new,7e1f0ef35d0c4bb0bdfcbdff98c3e6f2,109820,109824,True,་,False,ས
I9FF2B59B,new,86f969b9cfc64c5f8cc617f65da0be65,110360,110377,True,\n,False,ས
I9FF2B59B,new,667918fe425f44c98dcd6d42df2bf737,110388,110439,True,་,False,ས
I9FF2B59B,new,67472dc0871b428eb31d671794624398,110445,110461,True,་,False,ད
I9FF2B59B,new,c90c39ca0efd4ff9b8182b4f1d21655d,110476,110494,True,་,False,ང
I9FF2B59B,new,beec085815d240df9d0e38e492978b76,110527,110568,True,\n,False,ག
I9FF2B59B,new,027f287e07914f13b6f6af8648d82ddf,110572,110577,True,་,False,ད
I9FF2B59B,new,f283845ff6f24f05878febde0ac8b5b8,110618,110647,True,་,False,ས
I9FF2B59B,new,c64979dbdb7945aca4207170dc0f4f6d,111224,111232,True, ,False,ས
I9FF2B59B,new,14ca306fbfe8453bbadf9e22cbb7e490,111333,111345,True,་,False,པ
I9FF2B59B,new,638c3757705c4d63913f0b897f060b38,111355,111379,True,་,False,ག
I9FF2B59B,new,719fcb65a0c3487f820d6605dd46324d,111430,111436,True,་,False,འ
I9FF2B59B,new,ce067edf657a445caa8c79e7b3d2d16a,111441,111459,True,་,False,ང
I9FF2B59B,new,c357fbf8d5ca4e95be2155f118b421ad,111465,111467,True,་,False,ས
I9FF2B59B,new,758720a0b5c34b4493c6b0726b47862e,111519,111525,True,་,False,ས
I9FF2B59B,new,4d34f662aed3406581b63784c8183e3a,111534,111539,True,་,False,ང
I9FF2B59B,new,6bba79ff6ef14346a15505edf5a4412d,111548,111549,True,་,False,ན
I9FF2B59B,new,d07637f9cf014eaebe23c2bdd83b26b9,111557,111585,True,་,False,ར
I9FF2B59B,new,31cf314f1efc4ae48e687f48caf55d1f,111604,111609,True,་,False,ས
I9FF2B59B,new,ac60a959d77f4a1ebc858d10c4c31bbc,111709,111718,True,་,False,ར
I9FF2B59B,new,608ddabf975d471286365d9f54c5c310,111721,111727,True,་,False,པ
I9FF2B59B,new,ad7522c6eb0649dcb217615199135b79,111734,111738,True,་,False,ས
I9FF2B59B,new,cda77de86d3d4e0780a03041ecc2c24d,111745,111754,True,་,False,ེ
I9FF2B59B,new,2fe5f21d1f0a464e897ec40a782285f6,111758,111761,True,་,False,ས
I9FF2B59B,new,45026558901245fa9f7b15e715929298,111781,111796,True,་,False,བ
I9FF2B59B,new,76419f34378149f8b98908261ea6fa7e,111799,111804,True,་,False,ལ
I9FF2B59B,new,d3e46ae7d3474d5298d3a3a2c3c7e4b7,111820,111828,True,་,False,ོ
I9FF2B59B,new,b32baf3263e54e38b9aec53f91ca3cf9,111837,111839,True,་,False,ླ
I9FF2B59B,new,248db28a14e94dcb85133e8ed65b19b3,111842,111845,True,་,False,ད
I9FF2B59B,new,5efdf53cf5ae49128a0a8e7199223647,111850,111880,True,་,False,ས
I9FF2B59B,new,0dc26404a52542aa953fa2ad5ebfb4bb,111900,111904,True,་,False,ོ
I9FF2B59B,new,799b7a0fa0c9436aa81a12fa047cd2c9,111909,111920,True,་,False,ན
I9FF2B59B,new,10162e09d0614eb4906d33eca8c4ae18,111924,111927,True,་,False,ད
I9FF2B59B,new,445eac6611af42f4ab88bd9395f5f38c,111930,111942,True,་,False,༌
I9FF2B59B,new,29fd274ad1d2493b8cfe29aa0fec1222,112246,112275,True,་,False,ུ
I9FF2B59B,new,175886efa117485fa4de9ea3e2757229,112345,112348,True,་,False,ན
I9FF2B59B,new,ad9fc96a537049808907ed40bb5115e2,112358,112372,True,་,False,བ
I9FF2B59B,new,cbf154b6b7b5435486d110eb3f9f853e,112560,112578,True,་,False,༌
I9FF2B59B,new,fe9328d1c2934771aeaa536dcf1686ad,112632,112638,True,་,False,པ
I9FF2B59B,new,e842c97e86bd47b498adac9f5390e8e5,112651,112660,True,་,False,ང
I9FF2B59B,new,e13594a9fc5d48609a71761cc20cf4c7,112702,112715,True,་,False,བ
I9FF2B59B,new,ddce57a0c68d47f7a6e69118fb4f77a4,112725,112728,True,་,False,༌
I9FF2B59B,new,0beaa1df0c9a4473bbcc148147caad2d,112751,112763,True,་,False,མ
I9FF2B59B,new,87dc4fa8016243dea38c411416386d6b,112766,112769,True,་,False,༌
I9FF2B59B,new,f3aa7619f01c4f6a9a694f286beb78a4,112791,112809,True,་,False,ྲ
I9FF2B59B,new,a48fa094a4774fa582fdd1fdf4fec0d2,113016,113026,True, ,False,ན
I9FF2B59B,new,94c793c7601a4bc59d097420ee8c8b9a,113089,113102,True,་,False,ད
I9FF2B59B,new,3dc9d11238f84bb4a8282a4f1adce5fe,113176,113186,True,་,False,ང
I9FF2B59B,new,9aa0aa5271684620ab7ba1432a12829e,113248,113274,True,་,False,ང
I9FF2B59B,new,f6eace28843541e1b90d3c764454a711,113314,113325,True,་,False,ད
I9FF2B59B,new,13b4f03a85ce43d7a980b57c13c4d325,113331,113345,True, ,False,ས
I9FF2B59B,new,e3894b750d03478490c81d3137c34bfd,113541,113562,True, ,False,ན
I9FF2B59B,new,59e5a1a04cda49539c4313f9d71e7d93,113571,113588,True,་,False,ན
I9FF2B59B,new,0b4f41ebb49642c5a93bf25b260abca3,113599,113604,True,་,False,ས
I9FF2B59B,new,1fc09006e4024d4c9bf0aafc5a36cffd,113619,113645,True, ,False,པ
I9FF2B59B,new,9c9d3507ea9648e6be4ae2d5e1b89fea,113871,113883,True,་,False,ལ
I9FF2B59B,new,a6e94d9aef2a408d9ef52553de0f87a4,113891,113918,True,་,False,ན
I9FF2B59B,new,b3e7e97804b94577b64d0a08c3f9c0e9,113936,113966,True,་,False,ལ
I9FF2B59B,new,e72564d561e94293936761daf4493d46,113969,113973,True,་,False,ན
I9FF2B59B,new,62b03bb225bc426997d79c43511b4843,113977,113980,True,་,False,ས
I9FF2B59B,new,b2231922afb547d485ab130b0ce660f6,113985,114015,True,་,False,ལ
I9FF2B59B,new,3710a28cf158404ab4ae4e6555fcc9c0,114437,114449,True,་,False,ང
I9FF2B59B,new,81005a8c6f38446fbcaf7283ff333f34,114454,114458,True,་,False,ས
I9FF2B59B,new,3c32f6588cf6437f958d76b728cc27a6,114472,114476,True,་,False,ན
I9FF2B59B,new,da4ab4a8513d42af9df04562c0244476,114479,114483,True,་,False,ན
I9FF2B59B,new,e02b310beb7e4ffd8da0d31b08d69a4f,114618,114623,True,་,False,ན
I9FF2B59B,new,55a53734b2be461d8984a359ec2a79f9,114627,114638,True,་,False,ད
I9FF2B59B,new,077a1a00e8834cb9ae7dea3457bec6d4,114641,114659,True,་,False,ན
I9FF2B59B,new,027e18de0a22436d9e074d10df94c4db,114663,114669,True,་,False,འ
I9FF2B59B,new,09f8dc6bfa974018aae39b3497b380e5,114739,114760,True,་,False,ས
I9FF2B59B,new,227663109a274c0d80ea4fbc67d9e8e8,114973,114976,True,་,False,ི
I9FF2B59B,new,8407c0fc372e43fbbe82e64540e6adb5,114981,114993,True,་,False,ས
I9FF2B59B,new,c0d113906e104f1393abe8ffa369c546,115016,115022,False,ུ,False,མ
I9FF2B59B,new,b9ff6a9998dd41e5997846a499c9475e,115035,115045,True,་,False,ས
I9FF2B59B,new,7f309a0a4da54120b6f69d65c4156033,115086,115122,True,་,False,ོ
I9FF2B59B,new,40086b391e414437bf330d7a18d80306,115149,115159,True,་,False,ླ
I9FF2B59B,new,94d179b6d0ee4f939439698fdd24ee25,115170,115177,True,་,False,བ
I9FF2B59B,new,cba6bed71fda4e4c9c6f2a6c925e1009,115228,115232,True,་,False,ར
I9FF2B59B,new,a80bd04b09334bb89e3a894159321380,115236,115242,True,་,False,ས
I9FF2B59B,new,40c5bffbcd28423f84562291ab3ca4b9,115261,115276,True,་,False,བ
I9FF2B59B,new,dc9cdca995094c52925a5ba64f1e6055,115311,115324,True,་,False,ས
I9FF2B59B,new,8404c62918a14a57963e108edbcbfb6c,115328,115335,True,་,False,ི
I9FF2B59B,new,a6d86e4c1ea54bb2aabe963f0a4b7beb,115518,115531,True,་,False,ི
I9FF2B59B,new,13233f14a0f54c38aae1319fe2461212,115540,115545,True,་,False,ལ
I9FF2B59B,new,d30cd076d5204f3bba0c053db80581e5,115568,115572,True,་,False,ར
I9FF2B59B,new,8d4542f5252248428165e48955d4e9a1,115576,115592,True,་,False,ར
I9FF2B59B,new,8c192840d3ac4fdabfb88b51818e860f,115608,115615,True,་,False,ན
I9FF2B59B,new,a0a4c497c37e49beba72fcdac7782bf3,115620,115638,True,་,False,ི
I9FF2B59B,new,855f21c468cf493a93cad7b5d4e8674f,115645,115650,True, ,False,ེ
I9FF2B59B,new,72f8fb4ae1d742db94c9ffd76cf88395,115659,115664,True, ,False,ོ
I9FF2B59B,new,90c6494f8aa44474bb1d2b49e3023607,115671,115679,True,་,False,ི
I9FF2B59B,new,0dfb787e5a4c4a48b46032fbca977e1b,115684,115689,True,་,False,ས
I9FF2B59B,new,588ee02b4cd6444dac4f430494308fcb,115693,115696,True,་,False,ན
I9FF2B59B,new,e0468656631d4e5ba618889d2fe56e0f,115700,115703,True, ,False,ལ
I9FF2B59B,new,7a6afa70ae834a799e5adb3e40fd92d6,115707,115712,True,་,False,ར
I9FF2B59B,new,a4c6383667a443799312d0c349b5ab2a,115715,115718,True,་,False,ད
I9FF2B59B,new,102abad08d494e0e9f07fa7159c9a168,115721,115724,True,་,False,ད
I9FF2B59B,new,1097430029a945a1bf097da52b6597a8,115727,115740,True,་,False,ག
I9FF2B59B,new,2a3c4fce60134256a7aad1eba1f0e715,115877,115881,True,་,False,ད
I9FF2B59B,new,0fbbe1a7b4ee4f7083e072efcbccb9b9,115967,115970,True,་,False,ྲ
I9FF2B59B,new,69a1497a415f49368222d29f3c3a5bba,115974,115987,True,་,False,ང
I9FF2B59B,new,7ad847bbbe72468b8a8766e1d1416133,116004,116010,True,་,False,ས
I9FF2B59B,new,3f907f5b59cb432eb1c15c352c75346c,116142,116158,True,་,False,ན
I9FF2B59B,new,e158823f67de4be2a61ea9586e36a0aa,116170,116177,True,་,False,ན
I9FF2B59B,new,de96787866b34395926eb1dd0f40d99b,116196,116204,True,་,False,ན
I9FF2B59B,new,f53879e8364c45509e08fa7e27098147,116208,116213,True,་,False,བ
I9FF2B59B,new,7fd967b5737f4e4c8f859edcfb72c530,116223,116227,True,་,False,ན
I9FF2B59B,new,a161dafb18b1471292793320ae522432,116256,116259,True,་,False,༌
I9FF2B59B,new,aed3396f26134e3591a6f36896e83b8b,116273,116277,True,་,False,ོ
I9FF2B59B,new,e21705073805493b8f930ddd4c88d013,116284,116285,True,་,False,ལ
I9FF2B59B,new,2c7611cbf65748a49d5968a58a8cd12c,116309,116323,True,་,False,ན
I9FF2B59B,new,95d613b40dbd4f44a27fec3dac311c6d,116327,116332,True,་,False,བ
I9FF2B59B,new,aca0e2a462be4224932861c9b5d16212,116337,116347,True,་,False,ན
I9FF2B59B,new,645e426231d44fcd8dd69655b2900e9f,116361,116390,True,་,False,ག
I9FF2B59B,new,b6e435e916bd4676b6eea73962bea56a,119347,119350,True,\n,False,ག
I9FF2B59B,new,26cefc8ca8eb49b591c5c220d2a8c818,119354,119362,True,་,False,ལ
I9FF2B59B,new,f983ccfa29da4baababb8edcef006834,119595,119616,True,་,False,ས
I9FF2B59B,new,30dd36d45816492eb1ed43db9f337f36,119627,119644,True,་,False,ག
I9FF2B59B,new,4e93207213e741ed884b77e02d804e15,121071,121097,True,་,False,ག
I9FF2B59B,new,0773c39e9268460e90e69fb0f1091b73,121101,121104,True,་,False,ད
I9FF2B59B,new,351584f640b24e158713328f63bfbb58,121107,121124,True,་,False,ན
I9FF2B59B,new,833f9df2a474487fadfe9b1e5737d7b8,121129,121144,True,་,False,ར
I9FF2B59B,new,317d5d87635f4aee8b1b0b0a17e080f1,121148,121152,True, ,False,ན
I9FF2B59B,new,4ccdb80349024205b1bf6d7dd49f8ecc,121188,121199,True,་,False,མ
I9FF2B59B,new,5594b34144074732aae864e8ac1a926b,121203,121211,True,་,False,ར
I9FF2B59B,new,51429a62db6f47f3bdf7e477f42ee244,121352,121355,True,་,False,ག
I9FF2B59B,new,d0be4255cb9a416c854c2f0a56c85919,121377,121384,True,་,False,ང
I9FF2B59B,new,dc1e766f1d7545f69ed23b82a37ec940,121388,121395,True,་,False,འ
I9FF2B59B,new,8c83c4ba03ac427d97262d0e94cd8278,121402,121413,True,་,False,ད
I9FF2B59B,new,948701cbcacc4b9f8e9f9c2f1e1b7aad,121438,121465,True,་,False,ག
I9FF2B59B,new,357ea6f6086147c0b8f137135fce66d2,121521,121537,True,་,False,འ
I9FF2B59B,new,d5780357e91f4c6b885e924771127014,121590,121594,True,་,False,ད
I9FF2B59B,new,321b768c5b37484eabd305eb31f7287e,121616,121646,True,་,False,ས
I9FF2B59B,new,8f7cbdfab93c456ab0cf9cffeac08392,121656,121667,True,་,False,ན
I9FF2B59B,new,5737ea1218aa4755b7070475be4f5e8c,121672,121701,True, ,False,ན
I9FF2B59B,new,281501e77d7e4985b97b866eac3aff93,121774,121792,True,་,False,ག
I9FF2B59B,new,4253a123ceed42c7b75e6421e77b6f39,121943,121949,True,་,False,ག
I9FF2B59B,new,c91cb722fb704ae88bb4e586ac007f08,121973,121994,True,་,False,བ
I9FF2B59B,new,30b6e6ba755e41fcba6c6c830cc0bcc0,122007,122011,True,་,False,ར
I9FF2B59B,new,506076c3838c495d91f6574b4eebfbf1,122042,122049,True,་,False,ོ
I9FF2B59B,new,05f86533e8f646858088fac8df3bc4b7,122057,122066,True,་,False,ི
I9FF2B59B,new,a628466433ac40b6b6fc1c66cca64ba3,122086,122093,True,་,False,ག
I9FF2B59B,new,fc15c6849a814f5491ac01a806381ed1,122111,122120,True, ,False,མ
I9FF2B59B,new,4a436516df5b44bd88276a255cbe2387,122133,122144,True,་,False,ང
I9FF2B59B,new,91a5db8837d34bb19438e72098cf7283,122148,122155,True,་,False,ས
I9FF2B59B,new,ac38624ff4f34726b5796d3b212663c4,122183,122185,True,་,False,ད
I9FF2B59B,new,dae3c06a62144761a77f4417b6a1add2,122188,122191,True,་,False,༌
I9FF2B59B,new,82656679029c4a029c9e8b78ef25056b,122213,122225,True,་,False,ན
I9FF2B59B,new,62db3cf4f52d4a7babe460f45287ebdd,122230,122249,True,་,False,ག
I9FF2B59B,new,87f59504601446d2ab488c1903daf216,122302,122315,True,་,False,བ
I9FF2B59B,new,89e315c11b334097bf23ded73a0fac82,122322,122331,True,་,False,ག
I9FF2B59B,new,f54234e9b04f455494fe5163ca5c85ee,122336,122340,True, ,False,ལ
I9FF2B59B,new,f56cf7300d1f473191ad835d6ffaf2aa,122345,122348,True,་,False,ས
I9FF2B59B,new,06ad89bd69d44d779b1af72746ec67cd,122352,122368,True,་,False,ར
I9FF2B59B,new,fe223e7a42cd45378ba9849955e84ac3,122373,122375,True,་,False,མ
I9FF2B59B,new,416d16df287a464eb548dab8bbb0145a,122380,122384,True,་,False,ན
I9FF2B59B,new,d3548bedec8a4b2eadf21343da9898fa,122389,122392,True, ,False,ེ
I9FF2B59B,new,98047c38fca34d8fa98a59fa32e32e7a,122395,122397,True,་,False,ན
I9FF2B59B,new,1ef56d4e3ea4477fb3d19be718905610,122401,122403,True,་,False,ེ
I9FF2B59B,new,4587f5aaabc3460f81ebb80572a41070,122423,122431,True,་,False,ས
I9FF2B59B,new,3122aa5b5ffc4531a7e0b7ffdcf5cf85,122482,122489,True,་,False,པ
I9FF2B59B,new,a68c83a3048a47619571f078d2b1738e,122515,122533,True, ,False,བ
I9FF2B59B,new,30e64d21f52a4ec3bc2d45b5024860cf,122539,122544,True,་,False,ན
I9FF2B59B,new,9ebb2958d0b248fbadbd979b8914bffb,122552,122559,True,་,False,ི
I9FF2B59B,new,d3942b6865a044c7bbae0e81ec34b562,123232,123238,True,་,False,ང
I9FF2B59B,new,f5f76d8b691944668fdb0b5b120a28ca,123248,123257,True,་,False,ལ
I9FF2B59B,new,8943787cf99c47f6825c5a0bf6c35573,123261,123269,True,་,False,ག
I9FF2B59B,new,dcd1a888d70241c4ba7e84ef1b0234f0,123281,123284,True,་,False,ད
I9FF2B59B,new,2e7b5c993fdd405086ee2702302989a4,123290,123292,True, ,False,ྷ
I9FF2B59B,new,e67c06a19ec04959a0abea33a471af2a,123296,123310,True,་,False,ད
I9FF2B59B,new,3d5a2588c8a84b2f9f32fd182c9d386c,123323,123329,True,་,False,ག
I9FF2B59B,new,0e963a4a56874f4db447be650d62231f,123345,123350,True,་,False,ར
I9FF2B59B,new,d209fb4906914a43bb33fbfecab36a9d,123852,123861,True,་,False,ག
I9FF2B59B,new,2ee6a0610bec4e37b6820427af01f131,123883,123899,True,་,False,ག
I9FF2B59B,new,8088abd153a84ea5b196aa6d77fbb418,124186,124210,True,་,False,ར
I9FF2B59B,new,0c866ccb017849a2a7e58993d683d31a,124214,124226,True,་,False,ན
I9FF2B59B,new,f91b024839354d738e64906567143b4d,124253,124263,True,་,False,ང
I9FF2B59B,new,a135c5e1032e4adf8b198ce027091b37,125050,125052,True,་,False,ེ
I9FF2B59B,new,6ecfa2d60a8a43e5b797466ed7256e65,125056,125064,True,་,False,བ
I9FF2B59B,new,7c52fb62db3e4696af4bd6de3efa29da,125077,125088,True,་,False,ག
I9FF2B59B,new,3eb56bd88b9a48ec965b3c223efd3bb7,125209,125226,True, ,False,ས
I9FF2B59B,new,3f4a24612546480abbef09b2db6ea0c0,125252,125277,True,་,False,ི
I9FF2B59B,new,e5b672d99e5f4ef4b891f2892935077b,125288,125296,True,་,False,ད
I9FF2B59B,new,3a23ce2804214bdcb1c4ee2a7737975c,125299,125303,True,་,False,ང
I9FF2B59B,new,714cc377116d4e3b9f6351175fd30752,125961,125975,True, ,False,མ
I9FF2B59B,new,9f630fdcec8f4b4fa6c7f9f4b74b2e02,126006,126011,True,་,False,ད
I9FF2B59B,new,cc22c61c75a74ebfb16ea9c921bc9bca,126025,126051,True,་,False,ད
I9FF2B59B,new,7955821e55dc48f7a5966b573e663d49,126061,126064,True,་,False,ི
I9FF2B59B,new,b4b97f58ce5247e9b13dcf60212ba0ff,126067,126083,True,་,False,ི
I9FF2B59B,new,20245a90276446ff9ea8d306f8f54d72,126086,126088,True,་,False,ས
I9FF2B59B,new,646be0e001e84e94b42559793dc6fe42,126116,126133,True,་,False,ི
I9FF2B59B,new,32da83997c524d449962eb41c8d90955,126141,126144,True,་,False,ུ
I9FF2B59B,new,737e827f546940c2885dca141c9d855d,126153,126155,True,་,False,མ
I9FF2B59B,new,09922a3b145a4eb68920acf36acc1dbc,126159,126169,True,་,False,ག
I9FF2B59B,new,aaacc954082648bf925e6826d15dfc42,127093,127099,True,་,False,ུ
I9FF2B59B,new,19b76cb3a707487fb26a56fcc58a0abd,127103,127109,True,་,False,ར
I9FF2B59B,new,7ab5fb3284974b0fab76cc9192e2fc3d,127121,127125,True, ,False,ན
I9FF2B59B,new,194233a229434409abb2fe378f517890,127130,127135,True,་,False,ས
I9FF2B59B,new,ffe667b8f67a4d3f98ec327d3e086af7,127175,127179,True,་,False,ས
I9FF2B59B,new,634cfe0331d840ec9db65919014410bd,127187,127200,True,་,False,མ
I9FF2B59B,new,d02c219891be41a19d05b607e3e79c61,127206,127217,True, ,False,ན
I9FF2B59B,new,0bd440bc1934432f9fcda733ad57f58f,127298,127305,True,་,False,ན
I9FF2B59B,new,4d8b97b58a8c42968b85af936800010e,127317,127323,True,་,False,མ
I9FF2B59B,new,2a5dfe727f6c4d46a5a245cd4a3d56c5,127327,127337,True,་,False,ག
I9FF2B59B,new,4e6a2c6058034390be833aeee14575ba,129596,129599,True,་,False,ཆ
I9FF2B59B,new,433d0beea01b43e18fb92a9119b654b3,129603,129618,True,་,False,མ
I9FF2B59B,new,24633a68ffa342fa8aa621f886e7f07d,129633,129668,True,་,False,ར
I9FF2B59B,new,5ff2880f39ec4621a8ff93d5e642122c,129680,129694,True,་,False,བ
I9FF2B59B,new,8763e71e3ddc4dca8699275c2ee74b6c,129710,129720,True,་,False,ག
I9FF2B59B,new,131c149fab684aac90b25739b03f6b5c,129725,129728,True, ,False,ར
I9FF2B59B,new,103d0b98794f4b40afff9f502d7fcb2d,129737,129740,True,་,False,ད
I9FF2B59B,new,c32c9f670bb54c09a17f4359a64d5bca,129745,129761,True,་,False,ོ
I9FF2B59B,new,001644c56d774333bf49cd4254706e78,129800,129807,True,་,False,ས
I9FF2B59B,new,a5496769b85047f38554c9e2a9839128,129810,129813,True,་,False,ན
I9FF2B59B,new,dc34f832fb784b1b83e73ba4d7b74f29,129828,129845,True,་,False,ན
I9FF2B59B,new,0240d27d1c5f4894a74c4c226d17b6ce,129859,129882,True,་,False,ུ
I9FF2B59B,new,8168aa6e12714c3ebc3eb3cf84909a4d,129886,129914,True,་,False,ག
I9FF2B59B,new,5ab520dbcb2e44dfa514f3cdb7dae6c1,130214,130221,True,་,False,ན
I9FF2B59B,new,51a9cdbf5bcd4c9bbd28da2a75f764b1,130226,130256,True,་,False,ི
I9FF2B59B,new,c31a60b8a78542e6b465ed26ea0f0c36,130260,130272,True,་,False,ན
I9FF2B59B,new,64c989578f574743a608a101d855c153,130277,130303,True, ,False,ལ
I9FF2B59B,new,d99cfaac923d45f089fd3d236478c57d,130372,130381,True,་,False,ན
I9FF2B59B,new,c6a3191a30544ccebc7654eacaa36493,130386,130403,True,་,False,པ
I9FF2B59B,new,b005970b79d74ab284ed91c2329e2351,130408,130419,True,་,False,ད
I9FF2B59B,new,c3e6e030601440bfb82e0a84fa37cd2a,130423,130430,True,་,False,ད
I9FF2B59B,new,01d8bca319784972951162871f96c540,130434,130465,True,་,False,ག
I9FF2B59B,new,8bd54f19e0044452abbb2f210873e9d9,130564,130569,True,་,False,ུ
I9FF2B59B,new,6b43eabc86074e6ea449c31f21fdfaad,130582,130602,True,་,False,ད
I9FF2B59B,new,4d54c4f6f8f34b9cbc63f524109f126c,130605,130613,True,་,False,མ
I9FF2B59B,new,16d4e22b3ec04cc79e41e51f810fbd65,130617,130634,True,་,False,ང
I9FF2B59B,new,ab0f00c672d24beeb06a78bdcb0df5df,130640,130642,True,་,False,ས
I9FF2B59B,new,71cc2962c2d241f287f114ffd795e3f8,130672,130677,True,་,False,བ
I9FF2B59B,new,82249a13367040deb2fc471f5e51daaa,130695,130711,True,་,False,ག
I9FF2B59B,new,e2e2b7eb5e254a72b0b2b6b5eb4fd83a,130769,130789,True,་,False,ག
I9FF2B59B,new,81de4b5fc43841c3aae4f839e317beab,130793,130799,True,་,False,པ
I9FF2B59B,new,39e1ab8d508044ffb9924966cf7c9bb3,130873,130895,True, ,False,ི
I9FF2B59B,new,7a8fc129d8bb45ac9cc7e88f0f6fed3b,130906,130934,True,་,False,ག
I9FF2B59B,new,c9059a67e1a24e4e9f2a5c39b0c5e4a2,130965,130987,True,་,False,ས
I9FF2B59B,new,a8d4ea6bfb064a81846af7dce9e6f017,130991,131004,True,་,False,ན
I9FF2B59B,new,8aaeefc30ef84085b00e2a855b5f716a,131008,131011,True,་,False,ེ
I9FF2B59B,new,955b857c0347471abadf0c7488e3de4e,131016,131031,True,་,False,བ
I9FF2B59B,new,d78ec29881ce4acea5fec1fd4aea0721,131035,131038,True,་,False,ག
I9FF2B59B,new,33a69f03f80047feb9a743de645666ce,131131,131138,True, ,False,ེ
I9FF2B59B,new,8363480af1f94473a488e6de49d0cf0d,131142,131161,True,་,False,ི
I9FF2B59B,new,8056761ff0fb4e3ebe809c5b55c3c296,131171,131197,True, ,False,ུ
I9FF2B59B,new,9122eb0e480b44aab423dd21308bfd2d,131204,131231,True,་,False,ད
I9FF2B59B,new,4076dcbac916486f8e191a96e6a1e97f,131235,131238,True,་,False,ན
I9FF2B59B,new,5119fb436283405f9a77796ca7ca2f6f,131243,131251,True,་,False,ས
I9FF2B59B,new,f2e1aec954794c1391749ae4e65becf0,131256,131279,True,་,False,ག
I9FF2B59B,new,5c434ddc38f345af8956ce07ce671ff3,131283,131297,True,་,False,ར
I9FF2B59B,new,98336a8e470348dc92618905a8f56d76,131313,131321,True, ,False,ས
I9FF2B59B,new,f434332da1f1453d85b29cb8ac79e845,131326,131368,True,་,False,ང
I9FF2B59B,new,936c04fb5f2f4c2cb8156af336807d70,131372,131375,True,་,False,ག
I9FF2B59B,new,04edc989314c42a0b5de15897300b7e2,131524,131544,True,་,False,ག
I9FF2B59B,new,c8d54aace598459382ea58e5fa793aa7,131550,131553,True,་,False,ེ
I9FF2B59B,new,12ff571fc97948f0a7dff8398ccc26ae,131563,131586,True,་,False,ང
I9FF2B59B,new,63a33bee78fe4b2c9734eac4fff768d7,131590,131593,True,་,False,ག
I9FF2B59B,new,f080f73aac9245a3b3e013a3eec6929a,131658,131665,True,་,False,མ
I9FF2B59B,new,5fcf517f7524406fba81e59b062451d7,131670,131706,True,་,False,ལ
I9FF2B59B,new,04486cf48fe34a67b676747125d0216b,131712,131734,True,་,False,མ
I9FF2B59B,new,b46b1ec4a10f4f9383fe2d6638e7d494,131740,131754,True,་,False,ས
I9FF2B59B,new,1edb2ba3c15c452498cfeb72ab40ccc1,131758,131779,True,་,False,ར
I9FF2B59B,new,d19fd424b3b549d5add6f7d190b12d29,131783,131786,True,་,False,ས
I9FF2B59B,new,36733418c9ed4d9aa99c1676e4acb475,131791,131802,True,་,False,ག
I9FF2B59B,new,feaac160578a4de2a13eed9e3de52fd2,131807,131809,True, ,False,ེ
I9FF2B59B,new,7f67ec87cde7451085694e1bfcebf021,131813,131815,True,་,False,ེ
I9FF2B59B,new,0d25709f876e4253adb1d17c618418f4,131818,131838,True,་,False,ི
I9FF2B59B,new,0bc57bb6f9074f6da5156c26025676ef,131865,131872,True,་,False,ས
I9FF2B59B,new,9d3735ae535347f7952738204f9d4213,131875,131883,True,་,False,ས
I9FF2B59B,new,958f7771d67243d48c4a53a62ec15236,131890,131893,True,་,False,ོ
I9FF2B59B,new,148dc8a81b0b4af491c1a2bc99b24220,131897,131902,True,་,False,ག
I9FF2B59B,new,66e7099519294a5998f02964e88bdf39,131965,131972,True,་,False,བ
I9FF2B59B,new,d9117fdee94e462d80b3f1f767af2109,131976,131995,True,་,False,ག
I9FF2B59B,new,400554516bf642998775abee044d76bc,132454,132456,True, ,False,བ
I9FF2B59B,new,4c1179382fea4448bc6c1434e8585285,132470,132472,True,་,False,ང
I9FF2B59B,new,f2a0cbf2a3c24237a071ec203fd55e07,132512,132518,True,་,False,ེ
I9FF2B59B,new,5ea32391998c41b481df093d910fb67a,132523,132526,True,་,False,ས
I9FF2B59B,new,281a8ae3787a448bbec199b69467a98c,132540,132550,True,་,False,ང
I9FF2B59B,new,da74e192b6c5409f9448b8874bbc1338,132554,132580,True,་,False,ག
I9FF2B59B,new,c165f6185c6541f89afe5f0da0670e0b,132603,132633,True,་,False,བ
I9FF2B59B,new,ca427c5f39974a50aafa5866b586015f,132638,132666,True,་,False,ས
I9FF2B59B,new,5ddacea7783a40d1827db32b3d8df5d6,132673,132697,True, ,False,ས
I9FF2B59B,new,db25bc582dd84722853f99cf18d8477e,132701,132705,True,་,False,ང
I9FF2B59B,new,7e4b2244116b4e3b91a541040eed7ffe,132709,132712,True,་,False,ག
I9FF2B59B,new,8d666c1a1ede4e8c914a52668091a280,132750,132777,True, ,False,ི
I9FF2B59B,new,5bbb00c64b984718b17e15cdaa4350f0,132790,132798,True,་,False,ས
I9FF2B59B,new,45d8b0b263ee4323b30c5cc96a5626af,132802,132805,True,་,False,ང
I9FF2B59B,new,31fc01cf395044b4addd1d670c1d61a0,132810,132814,True,་,False,ས
I9FF2B59B,new,0e032a69dac8432f8abaa52d4117d054,132819,132822,True,་,False,ག
I9FF2B59B,new,fe1c70e0cb20404d9d3fdf5f8c1767c8,132826,132831,True,་,False,པ
I9FF2B59B,new,7505b86c267f4de8aacd35e65979bed6,132835,132848,True, ,False,པ
I9FF2B59B,new,3810b107b6694173844852babedb7fcc,132851,132855,True,་,False,ད
I9FF2B59B,new,fd32777c162743a391ffaa9a17938f27,132865,132873,True,་,False,ང
I9FF2B59B,new,25949b1e21b74019a826702fcfe26687,132883,132890,True,་,False,ྟ
I9FF2B59B,new,26e9ecd58af04a38ae2bb7b88f0355f3,132895,132911,True,་,False,ེ
I9FF2B59B,new,a2b84adc66794057a0bfca4e0569a3e0,132918,132940,True, ,False,ར
I9FF2B59B,new,ac86107d258146b6b96662b8337e940a,132944,132948,True,་,False,༌
I9FF2B59B,new,59841dd98d474a2abe33dd5d1528427a,132957,132985,True,་,False,ག
I9FF2B59B,new,ddeeb88286d44f7cadb0a102a39a4c1e,133038,133064,True, ,False,ས
I9FF2B59B,new,519707e2218b46b2ad31b91e02041299,133068,133085,True,་,False,༌
I9FF2B59B,new,f69abc39bcd24ab789bba5e45e2a6a8b,133091,133094,True,་,False,ལ
I9FF2B59B,new,a9ef3631916842f28fba4fca1fbf9272,133098,133101,True,་,False,ན
I9FF2B59B,new,17a0f016ee94419eb77136bb97690c29,133106,133109,True,་,False,ང
I9FF2B59B,new,de6b4049eafa4806b7bc1a5ba1cacfca,133119,133130,True,་,False,ས
I9FF2B59B,new,6f2abe0feff54838946bc571a1222b71,133139,133142,True,་,False,༌
I9FF2B59B,new,28ceedf147bf40a593fa09381aa11c1a,133149,133161,True,་,False,ད
I9FF2B59B,new,0f7f0bc1ed7d4e588f1a8dd21536e33b,133178,133184,True,་,False,ོ
I9FF2B59B,new,a97cd669e33f4e798c826c62ab09a55f,133189,133207,True,་,False,ོ
I9FF2B59B,new,6ba4b2c4df204535b0b2a91a746821ce,133220,133229,True, ,False,ད
I9FF2B59B,new,b9d7fe70c28247a48b4ac7f5ac676968,133235,133238,True,་,False,ན
I9FF2B59B,new,1a323a44ad4940ee97baf710d8d9176a,133243,133248,True,་,False,ང
I9FF2B59B,new,463a4fc200a249e6a271aa5765a89442,133256,133268,True,་,False,བ
I9FF2B59B,new,7ccea565a86a4dc4ab62a7a96958d8a5,133274,133277,True,་,False,མ
I9FF2B59B,new,934501d9be7c491198a9105a4de6afff,133281,133284,True,་,False,ང
I9FF2B59B,new,7a275d9610614f47a5a3276a81711595,133289,133295,True,་,False,ས
I9FF2B59B,new,4a97ab4ef58a47a1b026a578be03d842,133300,133329,True,་,False,ས
I9FF2B59B,new,39817170b3b7427eaf0b5a990f17a417,133333,133361,True,་,False,ད
I9FF2B59B,new,5cdae5c5feb347d9aac6e0560c200247,133365,133425,True,་,False,ག
I9FF2B59B,new,2303cabea6ad4b91a1bddbc2a16f8284,133452,133461,True,་,False,ང
I9FF2B59B,new,5a1a4b6b10eb4de29ec62abcdd639d60,133472,133481,True,་,False,ན
I9FF2B59B,new,747c5c97915e4944b368be6b932a5dca,133492,133502,True,་,False,ང
I9FF2B59B,new,f284dc2ac4f3494e93fb15a7dadb1d44,133527,133530,True,་,False,༌
I9FF2B59B,new,e494ecfbc2d04a359f22835428aedfd8,133542,133549,True,་,False,ན
I9FF2B59B,new,4da5f5877ee644b398e0e7a6688aec6c,133561,133564,True,་,False,ལ
I9FF2B59B,new,138dd1f7e82043c1ae2dc61db968811e,133571,133596,True, ,False,བ
I9FF2B59B,new,79441f4556484d44b9d3b2567751f6f4,133601,133621,True,་,False,ས
I9FF2B59B,new,2a35259b26f1499e88220215a864c775,133634,133650,True,་,False,ག
I9FF2B59B,new,350ded000a8e465f9af0f8010eb60a30,133653,133656,True,་,False,ོ
I9FF2B59B,new,79cb12e51c014758a18e15e94ebe893c,133661,133670,True,་,False,ང
I9FF2B59B,new,d560b762a8684d86be1a8d1918d1f9ce,133685,133689,True,་,False,ྱ
I9FF2B59B,new,845237f41237493599cfbbcf90e04ee9,133695,133717,True,་,False,ོ
I9FF2B59B,new,6c7851c7e38841d69ac71eec9c85bfc9,133725,133729,True,་,False,ད
I9FF2B59B,new,6e61d7fcd4524834923745abe340cba7,133736,133759,True, ,False,ུ
I9FF2B59B,new,a06637ac86cb43e5b4b2e84f878787ce,133764,133790,True,་,False,ང
I9FF2B59B,new,78cdb34cfb624e789c27936cfd7627d3,133795,133820,True, ,False,ག
I9FF2B59B,new,8969ff328a02482287a40ad6f9303589,134278,134291,True, ,False,ུ
I9FF2B59B,new,40911acd295b48adbc8c5f08a8950153,134295,134335,True,་,False,ང
I9FF2B59B,new,4943978ab6534816b8ba317974b57bc1,134348,134374,True,་,False,བ
I9FF2B59B,new,a51e2a4052264c44b48b3034a5318d00,134378,134387,True,་,False,༌
I9FF2B59B,new,934bab6238724c45aba8a05f44daf8d9,134472,134479,True, ,False,ས
I9FF2B59B,new,4d756319075e40688639dc5329e60d49,134493,134505,True,་,False,ད
I9FF2B59B,new,4d430580979e4d558a259da8c2afb26c,134510,134516,True,་,False,ག
I9FF2B59B,new,5628b549937f4336b792b4a12c96505f,134521,134526,True, ,False,ལ
I9FF2B59B,new,122a7c232a56477b86accd14ae096913,134529,134532,True,་,False,ང
I9FF2B59B,new,5d191994852349c5a740c552b79df2fc,134536,134555,True,་,False,ན
I9FF2B59B,new,e935c88076b3471d8ec6ff119237df23,134564,134576,True, ,False,ི
I9FF2B59B,new,077ade6502ee476b8eeb8616fabd0997,134584,134595,True,་,False,ེ
I9FF2B59B,new,2952f2db0a0549b3999bdf8a8aa563ef,134608,134623,True,་,False,ད
I9FF2B59B,new,718668a3db5e4e39bfa7a8b2f876c94b,134627,134632,True,་,False,བ
I9FF2B59B,new,cf43454e7eeb4030a0e83386c5dc0928,134651,134654,True,་,False,ད
I9FF2B59B,new,596dca6e64f24819ac2efb498f480e7f,134662,134676,True,་,False,ར
I9FF2B59B,new,173550641635498fbee7e3421db9dd85,134684,134688,True,་,False,ན
I9FF2B59B,new,83cdc18a3c464434bd0500f0e0c6e254,134696,134702,True,་,False,ག
I9FF2B59B,new,ffb9051927104e31ad14c441c6ffe560,134740,134754,True,་,False,ང
I9FF2B59B,new,516f2ef7534349ae8cf8aa5434df4229,134759,134769,True,་,False,ར
I9FF2B59B,new,649afa66250f4300a6df1048c819c2f3,134775,134804,True, ,False,ས
I9FF2B59B,new,2980418f308740468456d19464ea6816,134817,134841,True,་,False,ན
I9FF2B59B,new,7bb2a590c287490e961d403db6b6f3a5,134846,134848,True,་,False,ེ
I9FF2B59B,new,dc3cc4de8ab74ac88a38c1f6a677a1e0,134850,134870,True, ,False,ས
I9FF2B59B,new,ea5fbdf2f30045d89e6b09569ee5a2bb,134875,134895,True,་,False,ས
I9FF2B59B,new,aae98011d9de4010a0d1d69b712c345d,134899,134910,True,་,False,མ
I9FF2B59B,new,2be4444814c54072a2bea82f8594b532,134915,134918,True,་,False,ས
I9FF2B59B,new,2561b8dab4ac47278deb5573fb473ec2,134948,134950,True,་,False,ན
I9FF2B59B,new,0180edd07f4f44c794de5f70e43aebd0,134957,134967,True, ,False,ེ
I9FF2B59B,new,549b988a6065402781f320f9503bfc79,134970,134973,True,་,False,ན
I9FF2B59B,new,4e2ea450278e4dbd87cb2e59e537243c,134977,134987,True,་,False,ུ
I9FF2B59B,new,341f8e231ea941b498e55b335fc7c24b,135004,135029,True,་,False,ག
I9FF2B59B,new,71b41db72f0b44fb8fb1dc638dbf3e8d,135102,135156,True,\n,False,ག
I9FF2B59B,new,f3413f6e30d4495c889fc01f0d52e671,135160,135188,True,་,False,ན
I9FF2B59B,new,5838a7f68ea6490bbcb0e3876ab22c08,135193,135211,True,་,False,ག
I9FF2B59B,new,5059c0c263124ecfbcb5497e01f8d2ca,135215,135232,True,་,False,ས
I9FF2B59B,new,b79e846d7ac149aab6863ed362e735ee,135237,135247,True,་,False,ད
I9FF2B59B,new,be637b8617784137bdc4676035cdbcc1,135251,135255,True,་,False,ས
I9FF2B59B,new,331a012bc2034d2291a80c376cdb5b28,135267,135275,True,་,False,ད
I9FF2B59B,new,6f15a61fc8b3478191caee75ee40f88f,135280,135312,True,་,False,ག
I9FF2B59B,new,de14b9e6741f480c98c28a759a53bc98,135501,135504,True, ,False,ན
I9FF2B59B,new,8fa7b88af6bc480a8377732c359a1b7e,135508,135528,True,་,False,ས
I9FF2B59B,new,9b7c9d3cff7b428dbf317e0ffe330b64,135541,135551,True,་,False,ྟ
I9FF2B59B,new,601b675417244f0b8f151776676b203b,135627,135641,True,་,False,ེ
I9FF2B59B,new,eb532dbf2547424294e3934bdea144a2,135711,135730,True,་,False,ར
I9FF2B59B,new,95e9f6effc9847d39b0b8e719f065c14,135734,135739,True, ,False,ན
I9FF2B59B,new,da2cce5d9dd645d2bace4fae7c3a97be,135748,135763,True,་,False,ན
I9FF2B59B,new,3cdc38fc168c4ba3875fb719e63ac9a7,135776,135789,True,་,False,པ
I9FF2B59B,new,49fced9b4535493b9ec9656d74919bff,135870,135873,True,་,False,ེ
I9FF2B59B,new,0392312a7d0142048680b53f1a9780c6,135940,135943,True,་,False,མ
I9FF2B59B,new,8da763496fb845e8b8db7b5602083be4,135960,135987,True,་,False,ག
I9FF2B59B,new,9973817a748d474ab42226b6189eb981,136421,136424,True, ,False,ན
I9FF2B59B,new,ce3d966967ed41c89acd504eb4f70665,136428,136443,True,་,False,བ
I9FF2B59B,new,c1f8c4445db541468ea2c5668a8870d9,136482,136489,True,་,False,མ
I9FF2B59B,new,a4646f747ec445828e0600343f737ffb,136494,136497,True,་,False,ང
I9FF2B59B,new,5335a3b5868943abb04571fa58d2aa9f,136501,136505,True,་,False,མ
I9FF2B59B,new,0de5e7e030814062813f6b9f1bf33d18,136634,136639,True, ,False,བ
I9FF2B59B,new,84430ee9157b4b93b559d7800fc61ef9,136653,136664,True,་,False,ན
I9FF2B59B,new,6593514ca39d4e0a8e1c766ab69dbe36,136668,136671,True,་,False,ན
I9FF2B59B,new,1df0e50c5ddd43e0bb30c1601c9755ce,136678,136683,True,་,False,ན
I9FF2B59B,new,8edb503dab494b07b3d0c8e62f747023,136687,136709,True, ,False,ྱ
I9FF2B59B,new,ff6de0c7bc8f474cbcc39e4cc913bcc2,136906,136910,True,་,False,ས
I9FF2B59B,new,c677961bfd5447bc97404102863c7989,136914,136921,True,་,False,ན
I9FF2B59B,new,0836aeadc0384777a4d6fe799e08dffc,136926,136930,True,་,False,ས
I9FF2B59B,new,a8ac63443bfd42c298b0f6136b277fa4,136953,136955,True,་,False,བ
I9FF2B59B,new,134cbd9f5b644c20b865c04e8c9b7a33,136958,136967,True,་,False,ེ
I9FF2B59B,new,c441a21737dc4bf9893215199bbba01a,136972,136995,True,་,False,ས
I9FF2B59B,new,338d0cea75034e88b981b79e2d07e83a,137000,137034,True,་,False,ོ
I9FF2B59B,new,fb42d601dd8f42859f1606845fa18448,137065,137074,True, ,False,ི
I9FF2B59B,new,629ff01663df4331947cd6d443fab2e2,137092,137100,True,་,False,༌
I9FF2B59B,new,687242906aec49289d7842943602d22c,137250,137261,True, ,False,ད
I9FF2B59B,new,b751741a99454892a5e5e0839901f133,137265,137268,True,་,False,ན
I9FF2B59B,new,afa6faf23c0a4a9b80dba1ec6b29653f,137412,137414,True,་,False,ང
I9FF2B59B,new,1d29d92acd9c4aa7a5823dbd2504cf65,137459,137466,True, ,False,ན
I9FF2B59B,new,d3a7c8ab457e4e409383127cf11837ff,137470,137480,True,་,False,ི
I9FF2B59B,new,4bf31ea93f654c578829ae654f9e7f04,137489,137510,True,་,False,ས
I9FF2B59B,new,e85220032d4246008c46a02a3f2b3751,137515,137518,True,་,False,ན
I9FF2B59B,new,f446539d65874338bd51013d5e594aaa,137522,137532,True,་,False,ན
I9FF2B59B,new,421510de289a4ab18285254b34ac4695,137537,137544,True,་,False,ས
I9FF2B59B,new,97a48241cd274e749b1869dad3918b82,137550,137561,True, ,False,ར
I9FF2B59B,new,f4716e66446046309182c44cdaa7a781,137662,137668,True,་,False,ག
I9FF2B59B,new,da26514fa3544e3ba1a8d597e58a43a4,137680,137683,True, ,False,ྨ
I9FF2B59B,new,23de26ff3a1240dbbc04ca353388b7c1,137723,137728,True,་,False,ི
I9FF2B59B,new,4cb8babe5cc846fba7e5ea1cb535962b,137742,137745,True,་,False,མ
I9FF2B59B,new,5607a82322b1452a806d3a879a388ec8,137761,137768,True,་,False,ུ
I9FF2B59B,new,7021cc0eaae44e05996da2fe9c88aec1,137772,137775,True,་,False,ན
I9FF2B59B,new,be7002d718b743a0bbf4900f46722fda,137813,137818,True, ,False,ི
I9FF2B59B,new,a79f893e51c647e28e660c29e64aeca5,137831,137856,True,་,False,ོ
I9FF2B59B,new,f4d624d0992d48a09c0a36b0e1592e0c,137863,137870,True, ,False,ར
I9FF2B59B,new,bc75d7a457f448298ce517f275ce6d13,137875,137878,True,་,False,ེ
I9FF2B59B,new,4208438560564bb683d17b04d0bdb34d,137882,137902,True,་,False,ས
I9FF2B59B,new,44427d85e057412a8e650078e51c57f5,137916,137921,True,་,False,ན
I9FF2B59B,new,3cef8b3f1073417eba926630b0420548,138035,138047,True,་,False,ོ
I9FF2B59B,new,55876a81d1774f41a48981a749a07692,138059,138078,True,་,False,ག
I9FF2B59B,new,967e006ab2894d42aeab94ea4f2c5e83,138121,138127,True,་,False,མ
I9FF2B59B,new,00abcc3b7cef49e4a6c56de7a499e2b8,138130,138145,True,་,False,ང
I9FF2B59B,new,9f6fa4c61d2e47278180d1f1a1a9d8b9,138154,138157,True,་,False,ྲ
I9FF2B59B,new,132c74c9104246698ce54eeceb9db3ea,138161,138168,True,་,False,ས
I9FF2B59B,new,6d2254b4ef4a49db830b0aeb6f200c38,138205,138220,True,་,False,ྔ
I9FF2B59B,new,543c4b31d6f94a7fbc6bd1c919f85648,138226,138234,True, ,False,མ
I9FF2B59B,new,f4306824ca294ba48a1a257831dff042,138275,138281,True,་,False,༌
I9FF2B59B,new,3ac60874f978408eaf3d8fc790645f0e,138296,138300,True,་,False,ན
I9FF2B59B,new,55713035b8ab4237bb03ad630a9dc7a9,138332,138343,True,་,False,ལ
I9FF2B59B,new,1519496f882e4b27930812b09b951ce0,138348,138352,True,་,False,ས
I9FF2B59B,new,fe62ae35ec624a648ded03a43142c72b,138372,138399,True,་,False,ལ
I9FF2B59B,new,43b19cb3c621430798bc2860e1f2ff9e,138410,138424,True,་,False,ར
I9FF2B59B,new,17b7982f51eb4dce8390b9b746d98727,138446,138456,True,་,False,ང
I9FF2B59B,new,a66b2a1046174bb19af90feadcd06faf,138466,138484,True,་,False,ང
I9FF2B59B,new,8e52e8eb9cf54740af91ef566545e410,138489,138504,True,་,False,ག
I9FF2B59B,new,5c374426fb2c4c0582d9afd278824371,138528,138563,True,་,False,ད
I9FF2B59B,new,a6dd290df86146a489c067a69a963050,138574,138610,True,་,False,ས
I9FF2B59B,new,3020710a3c8e40f7bd6bf75eaab16947,138617,138635,True, ,False,ས
I9FF2B59B,new,1b9ae19795694e3db659f90162c1abbe,138667,138670,True,་,False,ད
I9FF2B59B,new,e15d57d94c3a4011af0b9df99b0b6bcb,138674,138677,True,་,False,ད
I9FF2B59B,new,159bd21e77e44e41855534817ccf4efe,138682,138695,True,་,False,ག
I9FF2B59B,new,21688f9ca151419eb8dfb18c42873108,138714,138728,True, ,False,ར
I9FF2B59B,new,7382a247fdbe4c10a87c84e73b9f9839,138746,138754,True,་,False,ན
I9FF2B59B,new,0d30c1ac39e941618b29ef280c9372aa,138807,138812,True,་,False,ན
I9FF2B59B,new,0acf030215994f068a4ac48e888264e2,138902,138917,True,་,False,༌
I9FF2B59B,new,6450b436a6c54138b88558241a8e5a1f,138982,138999,True,་,False,འ
I9FF2B59B,new,b1d99b37242a4db58f1636b54dee5494,139055,139065,True,་,False,ག
I9FF2B59B,new,56b8c13bbdfb4a40b9c02665e2d43de6,139069,139072,True,་,False,ད
I9FF2B59B,new,9eb8cdc260b74355acf210a1a5a23be0,139077,139096,True,་,False,ག
I9FF2B59B,new,535da9d1e3c543528c90e3925cf5da78,139139,139146,True,་,False,ང
I9FF2B59B,new,a1725a0f223346f79f50079bbe1d7d04,139150,139153,True,་,False,ན
I9FF2B59B,new,6ba587a0ac364ed4a03a6e441b19bc33,139157,139167,True,་,False,ས
I9FF2B59B,new,177c4c256bb342f0aded632062af30f2,139180,139189,True,་,False,ང
I9FF2B59B,new,57a6d2c4788c45c1a0eee59af8a70185,139220,139227,True,་,False,ད
I9FF2B59B,new,1cf2e56a1aac4b4a8dcc30ef7da74925,139232,139242,True,་,False,ད
I9FF2B59B,new,72eaea56d5904dea9c98f4a3d667c67b,139250,139261,True,་,False,པ
I9FF2B59B,new,016c1d7d11b244d483f1e49325a57f7e,139270,139275,True,་,False,ང
I9FF2B59B,new,ce66776622ea48e99a7110a4b34223c3,139287,139305,True, ,False,ས
I9FF2B59B,new,7b0f7edc8fd446cb9c8e6e31e6ee267c,139309,139333,True,་,False,བ
I9FF2B59B,new,0560b919b4e841bc8c5b618a52bb3a51,139421,139425,True,་,False,ད
I9FF2B59B,new,b26ff90c02c8455ca70904e700019d39,139432,139439,True,་,False,ང
I9FF2B59B,new,2bcd68a084fe4e0a830bfc4c5bf9d185,139444,139466,True,་,False,ད
I9FF2B59B,new,0b47b91a76954da48dcac7b227444615,139605,139612,True,་,False,ད
I9FF2B59B,new,3e0ee0331f0440e183273d2cb180bcf5,139617,139648,True,་,False,ང
I9FF2B59B,new,ae3d4db60a6544f19af4776e1d840f4c,139692,139701,True,་,False,ླ
I9FF2B59B,new,790bff55c2fa4553af38bde92f263336,139704,139707,True,་,False,ད
I9FF2B59B,new,8b5eb453f1ff42828246b9182332aedb,139712,139715,True,་,False,ག
I9FF2B59B,new,5d62a37aec0b4b4492510ee59293bc67,139718,139721,True,་,False,ན
I9FF2B59B,new,50d91c8df5134ae292b515c7e2da7d2c,139727,139738,True,་,False,ད
I9FF2B59B,new,edcd4185c38346ea9efa2b61ae6ac40c,139744,139763,True, ,False,ང
I9FF2B59B,new,3f64a169516b4b0fa2b47f9abcf6d493,139768,139787,True,་,False,ག
I9FF2B59B,new,2c7a9354ed344b9ab7b6e8abc3124e38,139825,139832,True,་,False,མ
I9FF2B59B,new,8d58cff456cb4c08a248b9f90aa9c4d1,139838,139845,True,་,False,ི
I9FF2B59B,new,4e0736c9523549fea0ef5b4884f9c515,139946,139952,True,་,False,ག
I9FF2B59B,new,53f9d40c6fd84235be98e40a22771356,139956,139962,True,་,False,ན
I9FF2B59B,new,66afbef80ef340c4b35c130748b382ad,139966,139971,True,་,False,ས
I9FF2B59B,new,b81ddaaa327d4e4d85e2d9c44fdd5498,140312,140315,True,་,False,ང
I9FF2B59B,new,561548601a60427db8bb562a09eac535,140323,140326,True,་,False,༌
I9FF2B59B,new,67689e7feeab4166b01c74fe85f4ef21,140335,140339,True,་,False,ོ
I9FF2B59B,new,1fd9ab05817e4db3b8bfe3346d1b8e57,140343,140360,True,་,False,ས
I9FF2B59B,new,7e3c6d8e04f349b0ac9fa6facac16a28,140365,140385,True,་,False,ས
I9FF2B59B,new,76ba9d1cb43e4568933f78fb382d559a,140393,140396,True,་,False,ྲ
I9FF2B59B,new,8ac7a2d2d8db459d95d31734cb5d114a,140403,140406,True,་,False,ི
I9FF2B59B,new,bd4ab5d1f34a4027ad42dfc525d2328f,140414,140416,True, ,False,ོ
I9FF2B59B,new,aecad3b281f443649b3481905aaa4a88,140423,140426,True,་,False,ག
I9FF2B59B,new,4f074dd54c1c4938a4c361069a7a8382,140441,140470,True,་,False,ང
I9FF2B59B,new,1445eb0bbd7e4f82be5b2ee0a85d4f75,140476,140488,True,་,False,ང
I9FF2B59B,new,191e990d8d3b499cbdfb82591692f6a6,140504,140519,True,་,False,ང
I9FF2B59B,new,fe869984b513435c8495c0d58050f153,140545,140559,True,་,False,ི
I9FF2B59B,new,16b8c215c9b240eba8eade39cded66e1,140563,140565,True,་,False,ོ
I9FF2B59B,new,0a1c2cad99b1485b9d3ddaca18cd137f,140574,140578,True,་,False,ས
I9FF2B59B,new,471ca3afd8bc46fa86fb4caec5863e3e,140582,140598,True,་,False,ི
I9FF2B59B,new,e1bd3ce4abbb40b38a2533be7ea0ba22,140615,140619,True,་,False,མ
I9FF2B59B,new,03d0ed212cde4df3ba853c769adcd811,140652,140663,True,་,False,ད
I9FF2B59B,new,0fe6701ee0ec49b7a9b33f691b86aa5a,140667,140686,True, ,False,ན
I9FF2B59B,new,debc64ee703348cf80ad707ac1a2f04b,140690,140704,True,་,False,ང
I9FF2B59B,new,930f41356153452c824eb61674ddb43d,140710,140723,True, ,False,ེ
I9FF2B59B,new,3fdb6e2cf2e948109ec505abf2ec2323,140733,140740,True,་,False,ན
I9FF2B59B,new,2e429dccb24041b5b0feb943cd072b32,140761,140778,True,་,False,ང
I9FF2B59B,new,44a78a569579466589017d8fcc712bfa,140804,140823,True,་,False,ན
I9FF2B59B,new,f57b96c53de74c2dbba5538462f4c561,140831,140834,True,་,False,ས
I9FF2B59B,new,b44494d5159f4566acfba74e26990fa5,140841,140847,True,་,False,ས
I9FF2B59B,new,0ec789035336406a9ac9d4a9b533c1e1,140900,140912,False,ྱ,False,ང
I9FF2B59B,new,ae94b65a007b402484a5011f46607228,140916,140923,True,་,False,ང
I9FF2B59B,new,0f53025c6f954d6cb8e2a1035a187b6f,140944,140955,True,་,False,ས
I9FF2B59B,new,1909a0c7bc4140cab0334f9dac42bd27,140960,140971,True, ,False,ད
I9FF2B59B,new,8bb1d276b3464f65b0b8b24e5854449b,140976,140978,True,་,False,ེ
I9FF2B59B,new,ae4943ae69c6400ca75515d69a92848a,141024,141046,True,་,False,ས
I9FF2B59B,new,8508ba380b93413eae7e37d2a9692d53,141129,141136,True,་,False,ད
I9FF2B59B,new,ac0f3781caed4e7b9743ee045823f1ec,141141,141155,True,་,False,ྲ
I9FF2B59B,new,896686f711474a0694b62391ad90b685,141168,141175,True,་,False,ས
I9FF2B59B,new,dc8a1ed2727d4734a32ecef420a671da,141180,141228,True, ,False,ོ
I9FF2B59B,new,e69cb20b4b8b44d68015faf51e11d315,141250,141253,True, ,False,ང
I9FF2B59B,new,fb4181bbcc2c4e20aa6f76c73df9e0e6,141350,141357,True,་,False,ད
I9FF2B59B,new,60f054a405d541cdbff6e3f0b04794ac,141360,141377,True,་,False,ང
I9FF2B59B,new,f7b6c23eda404fef83253fb0d720275a,141398,141440,True,་,False,ག
I9FF2B59B,new,987c5b82803a4ed58b96c4cbba972f78,146234,146272,True,་,False,ད
I9FF2B59B,new,41add587b86547ec81806ef26ca543c2,146276,146291,True,་,False,ད
I9FF2B59B,new,369e43659dd8474aa3b00147a41fec76,146311,146316,True,་,False,ན
I9FF2B59B,new,9bf794832dbf45f3bfe013a0aaea6b74,146320,146326,True,་,False,འ
I9FF2B59B,new,aca85ad68430457b88faf1175458b576,146330,146335,True,་,False,ས
I9FF2B59B,new,763d8a126d59463e92a28d369d965668,146338,146345,True,་,False,ད
I9FF2B59B,new,66ce23d2265f403093a9cc39fba8a0ab,146358,146372,True,་,False,ང
I9FF2B59B,new,7de8e2dc65d84e31948a80550db9be15,146395,146406,True,་,False,ག
I9FF2B59B,new,09c108ae898a488087e92cd9ae98b3e3,146411,146432,True, ,False,པ
I9FF2B59B,new,6dd2a247c211439b9ec14c87b447481d,146436,146447,True,་,False,ས
I9FF2B59B,new,af1ad413b4f74ea1abe5f433f0c67d54,146464,146530,True,་,False,ེ
I9FF2B59B,new,2090e031816e499c86ab4e6509d46d64,146542,146596,True,་,False,མ
I9FF2B59B,new,5d7cdfed06d942a8b2a5489f08d3fe22,146601,146616,True,་,False,ག
I9FF2B59B,new,b9435b8f85f245ecb976145520ef0a4d,146621,146651,True, ,False,ལ
I9FF2B59B,new,064bc38ccf5445c29475ef67dc15dd48,146660,146743,True,་,False,ས
I9FF2B59B,new,987a5d390bf54c44887759ed8b19e45b,146748,146762,True,་,False,ྱ
I9FF2B59B,new,6c0358a8951d4979b9d8d4c8614e0c54,146766,146778,True,་,False,ེ
I9FF2B59B,new,4d1414577c5345e68d4e012e0655c856,146782,146788,True, ,False,ྟ
I9FF2B59B,new,46517046cd03492891318446e9ba5893,146793,146797,True,་,False,ད
I9FF2B59B,new,7f0cd122597b46a5a4d92c9b32dd82cf,146806,146826,True,་,False,ག
I9FF2B59B,new,b771ba1545624e1ab486a479ff56e212,146846,146903,True,་,False,ག
I9FF2B59B,new,7ffa5d39d3904935b7259b3436f20280,146907,146967,True,་,False,ད
I9FF2B59B,new,46e2bd3fc5644b0d90ba056dc7d36b73,146972,147001,True,་,False,ག
I9FF2B59B,new,add35a9b007343af9c2ad3a13ebb18a2,147010,147022,True,་,False,ས
I9FF2B59B,new,d11e9d452f4e4316bf2064e531576ac6,147032,147097,True,་,False,མ
I9FF2B59B,new,4924018ff9464c06a864b2c3843dc1c8,147101,147107,True,་,False,ེ
I9FF2B59B,new,ac53fcc598bb4ed4adadaba090a511c9,147111,147113,True,་,False,ེ
I9FF2B59B,new,f95de44e4b044ae985bbf3e803ac518a,147121,147124,True,་,False,ས
I9FF2B59B,new,8e0a67b17a7947698b59dde46c3017d7,147130,147139,True,་,False,༌
I9FF2B59B,new,6927e00730f14cbf9d0373bc80625c2f,147149,147160,True,་,False,བ
I9FF2B59B,new,f8a56ee449f546cf9898491a31c74b43,147163,147180,True,་,False,ལ
I9FF2B59B,new,ff5a4ca7d3124c60b76d7e03d15fb5d5,147184,147187,True,་,False,ག
I9FF2B59B,new,30f5ed4c2e6a4c3a84bb3e8367fe2989,147192,147213,True, ,False,ེ
I9FF2B59B,new,c29ef55998464455b7b92cbcfa024867,147222,147301,True,་,False,ོ
I9FF2B59B,new,aea3375a9d0a4b978ef6f2fb706dc780,147312,147317,True,་,False,ར
I9FF2B59B,new,31b1c2b0646f4d8ebcd501098f97eaf9,147324,147330,True, ,False,ེ
I9FF2B59B,new,6ceac78f41644e8f8afb3bc843811179,147334,147354,True,་,False,ས
I9FF2B59B,new,4ac0fff44b694a6a965d9c6068521ca1,147374,147380,True,་,False,མ
I9FF2B59B,new,955a4e80b9e24cbb886faec7c4e3e3ca,147384,147414,True, ,False,ི
I9FF2B59B,new,24533f7f930940169fbfdf23973f1d55,147418,147422,True,་,False,ད
I9FF2B59B,new,42f70d46884a4d62bc8d57e1523c634c,147429,147436,True, ,False,པ
I9FF2B59B,new,b5baf221784f40c49c5e264eb9e259c2,147448,147459,True,་,False,མ
I9FF2B59B,new,9c1492351f694e0b95d4feba2217be8b,147464,147476,True,་,False,ན
I9FF2B59B,new,7e761275e25949b2b0d3ccb44b87ab07,147480,147483,True,་,False,ག
I9FF2B59B,new,61f3ccb82a05434a8b08b64a48d419b4,147557,147586,True,\n,False,ག
I9FF2B59B,new,7822e5024c844bd2969ba551650cc0f7,147590,147597,True,་,False,ས
I9FF2B59B,new,d7c4e456bf0d4c988228a93bfb5fe037,147607,147626,True,་,False,ན
I9FF2B59B,new,75d813bf872a420e9c9f3a0c5e4819b5,147632,147641,False,ུ,False,ད
I9FF2B59B,new,08814395d5e74284bfd68ba4a02deb72,147654,147672,True,་,False,ས
I9FF2B59B,new,d7e4385e30ec4e92840c31ffd5d38bab,147685,147695,True,་,False,ག
I9FF2B59B,new,e8d4b784650e48b2b7133fa9f3aad91e,147700,147706,True, ,False,ས
I9FF2B59B,new,85ccadd8c72844748a25445e2294aca1,147711,147719,True,་,False,ས
I9FF2B59B,new,bea616f244924010a2354d6a2fa84e55,147728,147730,True,་,False,ས
I9FF2B59B,new,42f45bc071ae4effbe5d0f206e71bf5c,147745,147751,True,་,False,ག
I9FF2B59B,new,cd2d56f81ff34291a472892598b2de52,147755,147774,True,་,False,ས
I9FF2B59B,new,12fe0fb1f9dd4f95b41acd695ae192df,147792,147809,True,་,False,ལ
I9FF2B59B,new,2a702fb7e2d941a3a303a3d7ce44885f,147821,147837,True, ,False,ད
I9FF2B59B,new,950cb1204bcd4182b76e64424c70d84e,147849,147855,True,་,False,བ
I9FF2B59B,new,03d54c364dcd4d7fb763dffe154306be,147862,147869,True,་,False,པ
I9FF2B59B,new,15346b996248420aa441ec4e6123b1db,147872,147876,True,་,False,ས
I9FF2B59B,new,27d75c4a8b9049fdb1b962fc38bc93a4,147880,147883,True,་,False,ད
I9FF2B59B,new,3059ee1548c7448ba793f975141ac10a,147889,147892,True,་,False,ད
I9FF2B59B,new,1a1a5bb380b145dea4fdfb9ecd048edc,147896,147905,True,་,False,བ
I9FF2B59B,new,5db365e8b1524170a91c5597c5e054a8,147909,147921,True,་,False,ག
I9FF2B59B,new,f3b9533a23c84613bc0700f0f4d657c0,147925,147928,True,་,False,ད
I9FF2B59B,new,22c90455786d4be58b8407dc0e101dbf,147939,147942,True,་,False,ག
I9FF2B59B,new,2953f92a44234793bdb2832311c2a76c,148049,148093,True,\n,False,ན
I9FF2B59B,new,a0be2905367c4f72842ea191c91ac247,148099,148105,True, ,False,ས
I9FF2B59B,new,69692a10474345bbba5be709a1996b93,148111,148158,True, ,False,ག
I9FF2B59B,new,4c13a597c69a4c12b809e999d513d503,148162,148165,True,་,False,ད
I9FF2B59B,new,de4d432ae57645da971e46005e0d1792,148169,148185,True, ,False,ག
I9FF2B59B,new,6f87c6bbc2414256889d21e380657796,148189,148192,True,་,False,ད
I9FF2B59B,new,e570004f8f1d43caa09fc8c74148ac0d,148197,148213,True,་,False,ང
I9FF2B59B,new,3de7a592a2cd4f118d82e42888911f86,148217,148220,True,་,False,ག
I9FF2B59B,new,bb1298bb4d7348b49249e7cabb15d4f7,148225,148251,True,་,False,པ
I9FF2B59B,new,b2be95f26e9442ae9ee15f1aff930163,148258,148285,True,་,False,ན
I9FF2B59B,new,aff7fbe9fd894f7ca8e8fce654278efb,148288,148301,True,་,False,ེ
I9FF2B59B,new,7247c7dba0544afcb14231d5ddf7ae46,148305,148307,True,་,False,ུ
I9FF2B59B,new,e9b98e038cce4eccb662ca8bdb59d3a5,148313,148316,True, ,False,ག
I9FF2B59B,new,05262ad2380d4a10817fd89638f7955b,148322,148326,True, ,False,ན
I9FF2B59B,new,916198c887694b359581050ad36942d6,148330,148340,True,་,False,ན
I9FF2B59B,new,1733f8e64831494ab4f891b3fe47462f,148344,148384,True,་,False,བ
I9FF2B59B,new,81f2d7e9ab27489a892882689da46990,148389,148398,True,་,False,ས
I9FF2B59B,new,abf30a94b5cc40bd8e296dcec1de246c,148419,148438,True,་,False,ན
I9FF2B59B,new,01f98ce102654f24be8db8e00c2ebbbe,148442,148446,True,་,False,ན
I9FF2B59B,new,a5e451e373bd42e481268e2bf715c659,148460,148467,False,ྱ,False,བ
I9FF2B59B,new,1437e390870d4b72a3918c56bc6cc2d6,148487,148492,True,་,False,ས
I9FF2B59B,new,d853682713ab43e8ba4ac22add79ce96,148495,148497,True,་,False,ང
I9FF2B59B,new,c3bcd3fdad264ef6a10b538f184fa829,148507,148529,True,་,False,ས
I9FF2B59B,new,b22c0801e59e44c9b95b036a2426bf8a,148533,148536,True,་,False,ད
I9FF2B59B,new,ac4aceb793fc4e1c80bbe7366880fb03,148540,148544,True,་,False,ལ
I9FF2B59B,new,249e2125ccdd4d4d91dd86030cbfd5c8,148569,148608,True,་,False,ས
I9FF2B59B,new,7623c59097c34bf5a14ad301fc81a600,148671,148679,True,\n,False,ས
I9FF2B59B,new,b846ba8a76dd4c4dbca83db66cc72823,148770,148778,True,་,False,མ
I9FF2B59B,new,b193eba4a825404eb0f5a67ad3cdf11b,148798,148818,True,་,False,ས
I9FF2B59B,new,1012162a7dc4463da7043ee490a8ea33,148824,148827,True, ,False,ས
I9FF2B59B,new,03605c1557cf4330a3126a67223d76ef,148835,148847,True,་,False,ར
I9FF2B59B,new,e9438f14343f437d9224ca2b9a1d9b42,148932,148964,True,་,False,ན
I9FF2B59B,new,1702fc07598348678fe95f02091e8407,149041,149048,True,་,False,ད
I9FF2B59B,new,153445bfa33f4cf1abcac6b3152ff094,149052,149074,True,་,False,ི
I9FF2B59B,new,8cba4305bda64889ae13f41c3363da3a,149081,149087,True, ,False,ར
I9FF2B59B,new,fad1b406605c4e358dbff0d47b27188a,149095,149106,True,་,False,བ
I9FF2B59B,new,9daef976a1134f0c846aabdc1ef0ba03,149109,149113,True,་,False,ན
I9FF2B59B,new,2d2f6b23203e4b3e8ede72b1e14904c6,149126,149135,True,་,False,ག
I9FF2B59B,new,53757c86cf9243b4a0487831ddcb73d9,149145,149153,True, ,False,ཱ
I9FF2B59B,new,1118af2941ed4f8593adea0128352ba9,149208,149239,True, ,False,ཱ
I9FF2B59B,new,51966525837f473eba7b6e085496e542,149293,149339,True, ,False,ཡ
I9FF2B59B,new,d2ec53e59c2b4304b4813a46178a046a,149359,149373,True, ,False,ེ
I9FF2B59B,new,65cf21cb5d3540abbc1fcbba227f0da2,149427,149452,False,༌,False,ཱ
IA3DD1ADA,new,a71cec17a21b42d6b22c2ec6491cea5e,11096,11111,True,\n,False,ུ
IA473D353,new,ee49c9b9c9854d87830332e361cc2566,13759,13829,True,\n,False,མ
IAA85B9B5,new,7f71a8af3812472b9e1aa46cb1667fde,10522,10547,True,་,False,ས
IAA85B9B5,new,62b6b6416d2b4012902bd7b91e391bb1,10598,10618,True,་,False,ན
IB45DE768,new,0962db16bcfe4544b03f4f5b7588dcc1,7345,7370,True,་,False,ས
IB45DE768,new,d45effeb29154bfe9f805dccdd68d151,7421,7439,True,་,False,ལ
IB522F095,new,bd58ac486810439899f509cdf2770643,29660,29667,True, ,False,ག
IB522F095,new,b1ef7059405d425090b085b2633dca55,54410,54574,True,\n,False,ི
IB522F095,new,2ce198c5fbce444b8ba4eb74ffd05670,131264,131416,True,\n,False,ས
IB522F095,new,5b9d57cc865d4b4f803260fb9357259f,153832,153842,True,\n,False,ལ
IB522F095,new,bcda892aa65c484ab65ffe3924389678,153932,153955,True, ,False,ི
IB522F095,new,afd2d470abf24c6cabaafa119a621f7f,153972,153975,False,ི,False,ས
IB522F095,new,87e80be920e84db0b9c0594c03a84724,153981,153982,False,ན,True,།
IB522F095,new,e0626ed68c9b4b52992cc09940017af8,153984,153998,True,\n,False,ར
IB522F095,new,307693539ea74276a4a9dc1455bb1fcb,154030,154037,True,་,False,བ
IB522F095,new,4adc5e1bfc10451583d94280543696ff,154042,154054,True,་,False,ང
IB522F095,new,e96787d914404810aae5ae2a66dc19cb,154081,154092,True,་,False,ུ
IB522F095,new,2cc5087df2cd4966a909b1d2a841a0ae,154153,154158,True,་,False,བ
IB522F095,new,933cf9da772940a98e54c916933f3159,154203,154228,True,་,False,ཡ
IB522F095,new,2fa001a1d4b041d2a86ed6ae6cbf3a6f,154232,154234,False,པ,True,།
IB522F095,new,cc998811055644e7888a2a7a01f2a4cc,154236,154249,True,\n,False,པ
IB522F095,new,86242996eb3b49a4a25664a798fa4134,154253,154262,True,་,False,ེ
IB522F095,new,3be9b9016f244397905c3fc4c9bf79bf,154266,154267,False,ེ,True,།
IB522F095,new,2e34f25a582241e6a827c5c5727749bc,155407,155416,True, ,False,ར
IB522F095,new,179cb0754f004e448545b3de0a212551,155421,155441,True,་,False,པ
IB522F095,new,088cc88754a740cf97615355ca9fa23c,155448,155464,True,\n,False,ོ
IB522F095,new,d4e490720edb445996a7328980e049b8,155491,155504,True,\n,False,ི
IB522F095,new,f5f97becd3ab4e629bf2eea70a1c0fba,155510,155515,True,་,False,ོ
IB522F095,new,e8b0046618bc4354afe5241f28a2ebfb,155593,155618,True,\n,False,བ
IB522F095,new,d3e428a2804b420296f47872c262483a,155815,155823,True, ,False,མ
IB522F095,new,3ef304ada3e44d68b1713d8fcf4ce347,155849,155867,True,\n,False,ད
IB522F095,new,133f1cd38b9b47b69c9a2bef2fd6075c,155881,155905,True,\n,False,ེ
IB522F095,new,240cdb80f4674a058ddea27880a3f02b,155912,155913,False,ས,True,།
IB522F095,new,d995808b2e3a447482cce6748273cf1c,156054,156081,True,\n,False,ེ
IB522F095,new,e86bffef47b34d0b8f892ac1ad7e3b42,156088,156089,False,ོ,True,།
IB522F095,new,56f336cfdcef4a1c82d74a83ee066307,156485,156506,True,\n,False,ན
IB522F095,new,45057f4a77d646beb26ffb89a597c1ac,156509,156519,False,ར,True,།
IB522F095,new,ce473bfe62f84970b24a417ae0086c56,156591,156608,True,་,False,ས
IB522F095,new,530ab948f44242ad97bcaa80c593b05b,157203,157209,True,་,False,ས
IB522F095,new,ff64060b954042c6ad554ac8ed5930da,157218,157231,True,་,False,ག
IB522F095,new,40a0fe8d6b354945a14f03dbce54cfc7,157235,157238,True,་,False,ད
IB522F095,new,21df87bf3dd947f0926c2beb1b34c7f9,157273,157281,True,\n,False,ས
IB522F095,new,9a1b4efcfa1b4079828d4ca82f256af6,157286,157300,True,་,False,ས
IB522F095,new,80ca27437489406a9d71c2babc5dc491,157305,157309,True,་,False,ས
IB522F095,new,77188cb5995649e9860d60916c6e2b0e,157317,157324,True,\n,False,མ
IB522F095,new,9d9afa4acefa422387808a0f31bdf0f5,157336,157338,True,་,False,ང
IB522F095,new,347be550859f4bb1a95bfea9c352fbf4,157347,157355,True,་,False,ས
IB522F095,new,0b740c52d7c946658763833fcf7d6ad0,157407,157409,True,་,False,ན
IB522F095,new,b1d87ba0abcb420cb8e4825c1a4cbae6,157412,157414,True,་,False,ང
IB522F095,new,94427b37abf242a488d9ac9d738a1971,157423,157443,True,་,False,ོ
IB522F095,new,074c1e329f254efb8933ba3d3c603972,157446,157447,False,ེ,True,།
IB522F095,new,9f68072d36694d5795adb45cb60d2d7b,157450,157457,True,\n,False,མ
IB522F095,new,a764d44c7c7041d5a7f5de48226476e2,157462,157471,True,་,False,ས
IB522F095,new,af2da666ae164e92b02348e2874e0a26,157497,157499,True,་,False,ྩ
IB522F095,new,04f9593d6ed74198ba72b2a18d3bc662,157504,157508,True,་,False,ང
IB522F095,new,b39d58e1c795491688bfffd23f1ff45b,157511,157515,True,་,False,པ
IB522F095,new,003cf4ac58c94a59b59ff1b35fce9faa,157517,157526,False,ས,False,ར
IB522F095,new,46f3bfe60af24a15800339fef6cb53dc,157532,157533,False,ལ,True,།
IB522F095,new,a4ea6f3779eb4262b6e4c9ebc6aee3d2,157586,157606,True,\n,False,ར
IB522F095,new,80038dc958ed4288a62f0c8a2d55a6b1,160693,160703,True,་,False,ད
IB522F095,new,1820e74450e341a6b97da21f559642bd,160708,160723,True,་,False,འ
IB522F095,new,8aec80dd706b49ddb693616e4c637980,160820,160824,True,་,False,ཟ
IB522F095,new,b1302d9278a94c6f9e013c2f8e1aee43,160831,160834,False,ན,True,།
IB522F095,new,350b8f04f11e4afa8e2d84badb244588,160865,160879,True,\n,False,ག
IB522F095,new,df2808c69ed540c0892f78b86b12f14b,160896,160900,False,ོ,True,།
IB522F095,new,1b21aeb178144213841d24f77d53fb0b,160940,160952,True,་,False,ར
IB522F095,new,f6ffe781651440a69588b31ebf452451,161015,161030,False,ི,True,།
IB522F095,new,50c9b1b8dab842cab714fb601d2eabd9,161445,161467,True,་,False,པ
IB522F095,new,803b3fbbe3c24a4a9037ab20519faef7,161478,161490,True,\n,False,ན
IB522F095,new,177b5773d93f463c9536365828fd0257,161515,161537,True,\n,False,ས
IB522F095,new,5238d6cde09b43dfbb0ea57ec4e9df5b,161540,161544,True,་,False,ས
IB522F095,new,716b7bb38a804273b02445e019ac0014,161588,161611,True,\n,False,ལ
IB522F095,new,87564841d9dc4520b88c759778d1a748,163657,163669,False,མ,True,།
IB522F095,new,b4245ae8087e478bbd2c120ba9e70365,163862,163866,True, ,False,མ
IB522F095,new,922963c0e19a40f1ae9eb24c6e97b4b0,163869,163873,True,་,False,ལ
IB522F095,new,37866260b032428c898f767361075bf4,163961,163969,True,\n,False,ད
IB522F095,new,d7ea72f354b74d478a6a7ebb64bb1ef9,164181,164183,True,\n,False,ི
IB522F095,new,7902babccbb74e3ba879534fbfe1762c,164188,164191,True,་,False,ག
IB522F095,new,f0081afb74f446f1a26d6c1fd2113052,165299,165304,True,\n,False,ག
IB522F095,new,b17ec08a6c6142d883333419a0880b9e,165307,165314,True,་,False,ང
IB522F095,new,5ef0b8ac88294c578d840eb80404493b,165318,165328,True,་,False,ར
IB522F095,new,971444eb24f3479ca3bbfd769c6d0aff,165332,165333,False,ི,True,།
IB522F095,new,518cd401e95c47e0bef682101ab61318,165335,165364,True,\n,False,ུ
IB522F095,new,aa26ddd262ec42ebb64a7390e5033cfe,165410,165415,True,\n,False,ག
IB522F095,new,513a45dddab441d1bcffca0b31880543,165439,165454,True,\n,False,ས
IB522F095,new,cf1c40d589d041adb4564762aa3d9a76,165638,165643,True,\n,False,ག
IB522F095,new,69c9fa3961394381a7334633a8fe1491,165648,165657,True,་,False,ས
IB522F095,new,d7d1a7076e094c87ae9f2c6118678c79,165828,165832,True, ,False,ར
IB522F095,new,bf1d2a5b17c14b73bc8f26929630db08,165835,165843,True,་,False,ན
IB522F095,new,4bf4d8d103514ca9952fa95e091b9494,165847,165858,True,་,False,ས
IB522F095,new,07b52f2993e5493aafb5864337c28d25,165865,165866,False,ད,True,།
IB522F095,new,c106f94a30e24c679bf97e1c04bd7da0,165868,165890,True,\n,False,ས
IB522F095,new,06e9c1ab4689449cb0e2c87863c48ce1,165949,165970,False,ང,True,།
IB522F095,new,41aa17051ff248e081d812786875e827,165972,165986,True,\n,False,ས
IB522F095,new,b28454dd16e843e197d77b2417dc1a53,165991,165998,True,་,False,ན
IB522F095,new,9d5d583219404d8ba0534f10b287432b,166008,166014,True,\n,False,ད
IB522F095,new,2612867e0e634491bee1b96ab2a44e87,166041,166047,True,\n,False,འ
IB522F095,new,0d1b3bc59f8a430992191740060b2439,166101,166105,False,ད,True,།
IB522F095,new,d992633c2df14e2987604dcdadeb3c70,166107,166123,True,\n,False,ས
IB522F095,new,5facd16cc27f4caaa589249d36eeda25,166136,166148,True,\n,False,ལ
IB522F095,new,8a4b663e3e3146b48739392fb4b024fe,166350,166362,False,ི,True,།
IB522F095,new,0602a4c3148c4a08bb5af4e09a9c68eb,166369,166377,True,་,False,ས
IB522F095,new,93283acbb46340838600208ec991f413,166410,166424,True,\n,False,ད
IB522F095,new,203754b48c084c538976250a2cc52f6a,166436,166451,False,པ,True,།
IB522F095,new,dd73ea2dbb5a4f1bb5be9dc4cc036976,166453,166479,True,\n,False,ོ
IB522F095,new,a3368b87b5d446808f3c70bcb5166446,166489,166513,True,\n,False,ཟ
IB522F095,new,bfb54816355945d3aa5ba92f1b130d5a,166525,166526,False,ེ,True,།
IB522F095,new,1643e4497d1c40baa3b87abe24755fcd,167036,167061,True,\n,False,ས
IB522F095,new,a647cd7dc26542cf82fcae93b777f545,167142,167147,True,\n,False,པ
IB522F095,new,4a96186823014587a72c04e700985aa2,167177,167191,True,\n,False,ས
IB522F095,new,be6bdeb0bd784a078027ea662f1699fe,167239,167241,True,\n,False,ི
IB522F095,new,d86df0f56c414bb092f4b1de8c4c4275,167247,167250,True,་,False,ོ
IB522F095,new,54b4165c36ea46059484930b00d9b905,167275,167297,True,\n,False,ས
IB522F095,new,52dcd20fbf0a46c8ab7b18cea55e0b6a,167302,167304,True,་,False,ར
IB522F095,new,327f39c64fb441b59f2a3e8eb01864e0,167307,167308,False,ུ,True,།
IB522F095,new,d7e92dbafe544ec88e089ad9851e8863,167310,167317,True,\n,False,ན
IB522F095,new,d612c06551f8409eaa252bd6f2229f72,167341,167352,False,བ,True,།
IB522F095,new,c7b2b088c4314979b538757b9d3ae983,167842,167856,True,་,False,ོ
IB522F095,new,9097e576f2804dadaa2a9b8a88439b65,167879,167884,True,་,False,ད
IB522F095,new,b6196022dcf84bc1a843ab1689c433e3,167886,167893,False,བ,True,།
IB522F095,new,eb470893947f45c2ab48759cfd26b63e,167927,167949,True,\n,False,ས
IB522F095,new,e93605a656194059bde05233274f77d9,167970,167977,True,་,False,ག
IB522F095,new,5eaa0023e8bf45ed8f97008abefda668,168030,168054,True,་,False,བ
IB522F095,new,2f6ece3606a440f094a3048341f32a63,168408,168420,True,\n,False,ན
IB522F095,new,58aafb993e1e45a09646d9492defc52e,168472,168495,True,\n,False,ས
IB522F095,new,f51fac99412f48c599cfc8a6e548151f,168500,168503,True,་,False,ུ
IB522F095,new,07898c88b12147669b95c59583279558,169454,169472,True,་,False,ས
IB522F095,new,41122c5317894db9be6e03bb65dc0dfc,169524,169528,True,\n,False,མ
IB522F095,new,219c232c7170452a875324df4b106e08,169532,169539,True,་,False,ར
IB522F095,new,6836f8a035fa4ea8bb3f7cf539568bcf,169616,169629,False,བ,True,།
IB522F095,new,eb1279bd363a491c9d103ae4f5bdcaa4,169655,169660,True,\n,False,ན
IB522F095,new,f179b48e81ac4440b68da4d722f8c499,169747,169754,True,\n,False,ས
IB522F095,new,566be258576f4cd5a2f49bc8720ba225,169779,169786,True,\n,False,པ
IB522F095,new,733d195010ed406897d8dc5305b4140c,169790,169806,True,་,False,ཆ
IB522F095,new,056324c7492a4112b4517480a49a3fb6,169809,169810,False,ོ,True,།
IB522F095,new,6b64fd6288254a719ad1a0cfe4fa586d,169896,169899,True,\n,False,ས
IB522F095,new,a44e2ab945014bf88edb08f060ec1e09,169962,169970,True,\n,False,ས
IB522F095,new,6b8317de9aa349008514d6a4a639ca90,169975,169987,True,་,False,མ
IB522F095,new,9c68b9afb02d482ba5bf4727a6d14c45,169992,169999,False,པ,True,།
IB522F095,new,88e39cc67078453f86ce92015c3f6f9e,170125,170131,True,\n,False,ལ
IB522F095,new,26c7a60b65e44bda915e8fe16fc2fa7f,170232,170240,True,་,False,ས
IB522F095,new,74ff1a4c2bd940b6ac24153243790fcb,179223,179243,True, ,False,ར
IB522F095,new,fab3f7b0256a48908fa837a72986d9f9,179256,179260,True,\n,False,ང
IB522F095,new,a20f14ccd3444d07ae50301bf66615df,179266,179270,True,་,False,ན
IB522F095,new,b5ac68da2223468797a49689c8fb07d1,179273,179281,True,་,False,ང
IB522F095,new,0844de91a5de4b12920019603c37595f,179301,179323,True,\n,False,ས
IB522F095,new,6fb20e0f0c334a179cf86a6f96090187,179406,179414,True,\n,False,མ
IB522F095,new,d3c24f191831472988ce5727867ca91f,179464,179474,True,\n,False,ེ
IB522F095,new,acc163a2bbb8401daeb1187bbdaf0366,179478,179486,True,་,False,ས
IB522F095,new,e817323c3f7a4ff2ade761a2a7bfc923,184266,184289,True, ,False,བ
IB522F095,new,568d751a3aa74cef8a854dc0021053c4,184410,184424,True,\n,False,ས
IB522F095,new,2c73cbafb09443899afac65be4f0eec5,184427,184434,True,་,False,ང
IB522F095,new,5da2a5b354514efc81c215b2d5a28c68,184448,184456,True,\n,False,ང
IB522F095,new,e1cd6e6b09ee4307a512f1dd406fa689,184475,184500,True,\n,False,ས
IB522F095,new,ea5aeb8d4e5d4a72829daba6ac8efec5,187360,187387,True, ,False,ས
IB522F095,new,3cd951f9b20f4bd0a3294f47cb6084c3,187390,187391,False,ས,True,།
IB522F095,new,60488b523cbd4a6eb94b7b4ff88b1c17,188411,188438,False,ི,True,།
IB522F095,new,f67031773a3a4639accf2a09822ab5ea,200414,200423,True, ,False,ན
IB522F095,new,db5d4b0584804bf68fbfcc076bc722de,200428,200446,True,་,False,ག
IB522F095,new,7fcd13b1f4ac486383325bd14c05d679,200649,200657,True,\n,False,མ
IB522F095,new,545e5175d6484863812890ea16fb12ee,207111,207136,True,\n,False,ྱ
IB522F095,new,299c79fc38784a559234d75e3f8ea4d3,234157,234170,True, ,False,ད
IB522F095,new,6397080ccc184ce78ef6a05e5f39ef10,234177,234189,True,་,False,ས
IB522F095,new,51542f9c242d48458919e57e5fb83326,234193,234194,False,ན,True,།
IB522F095,new,71659849a3a14022b54f46b093172967,234285,234312,True,\n,False,ས
IB522F095,new,7edb4fb3287f4213a9c186bc2fc4e1ec,237379,237401,True,\n,False,ོ
IB522F095,new,3805bbfe5bf445d39c10379834b1371f,240503,240519,True,\n,False,པ
IB522F095,new,8b6dd9d0ec2d477c8bc55955c8f997d9,240525,240536,False,པ,True,།
IB522F095,new,db87c7c103134be98e3f259d5f98f93f,240626,240649,True,\n,False,ག
IB522F095,new,951ecb9feb834515ba096b9d0c26a2c9,241367,241391,True,\n,False,ག
IB522F095,new,91a4434454fb4f1bb4c67839a2837858,241550,241576,True,\n,False,ག
IB522F095,new,8ea43b2bdd504b5986393ea437710f7b,244749,244773,True,\n,False,ག
IB522F095,new,8dc2ade9c01b49189a9f62434732aeff,247252,247261,True,\n,False,ས
IB522F095,new,a0d80f6235cc45e28e85fcb1cca2e6c6,248163,248186,True,\n,False,ི
IB522F095,new,4b7891f9c32949f690784ce21e326936,248846,248849,True,\n,False,ེ
IB522F095,new,c8746787c2144e1d98653c86ef030fc8,248863,248877,False,ས,True,།
IB522F095,new,ecab264c45654c49b63fabc322786eb9,248879,248897,True,\n,False,ལ
IB522F095,new,4a3182fc9f4e43ce8fc0a907c2577bd0,248918,248940,True,\n,False,ག
IB522F095,new,be065d354ab84ae884d4b1f0b3716dd2,248949,248952,True,་,False,བ
IB522F095,new,f44387effa13424e9262de947296100b,249240,249267,True,\n,False,ས
IB522F095,new,2eb5922a596549e890d8d83486f21eea,249269,249270,False,པ,True,།
IB522F095,new,7caa78f638ca476591f399dfd5c73440,249339,249349,True,\n,False,ེ
IB522F095,new,f267068d9a93434aad9e415cefc72d56,249351,249358,False,བ,False,ན
IB522F095,new,23211b298f3d4d65859a144ab8c89e7b,249373,249393,True,\n,False,བ
IB522F095,new,29baef20649e4fd6a56a6bd704dcab8a,249407,249437,True,\n,False,ག
IB522F095,new,1a306b7c3f36496697c11c5be9e8f273,249624,249631,True,\n,False,མ
IB522F095,new,233a2f33e5a34a289a94073cd2fbf776,249639,249657,True,་,False,ལ
IB522F095,new,5707f371421f4fa88826c112c30a1783,251023,251027,True,\n,False,ས
IB522F095,new,da3ee1b8676447deb59bdcf279c7ca6b,251030,251033,True,་,False,ད
IB522F095,new,3d767b6c40634688a35f1d29c9a6e1cd,251330,251338,True,\n,False,ང
IB522F095,new,808784d129684c46a8f5c99b8f849f36,251342,251350,True,་,False,ང
IB522F095,new,59efc701fd1146c38404b32d2bc27a16,251514,251520,True,་,False,ོ
IB522F095,new,4bb2264d99e84e80a8855b13ae368181,251526,251532,True,་,False,ང
IB522F095,new,33609be0bcbf40c7b606daaf38af13ed,252092,252102,True,\n,False,ད
IB522F095,new,9fbc2aba3bf34c4b8b7eec84a83ca860,254405,254416,True,\n,False,ས
IB522F095,new,1c889d7388bc4c54a1f52dae42fe83c6,254419,254422,True,་,False,ན
IB522F095,new,d80d5ac9f82e45efb71d77e2570181a0,254428,254431,True,་,False,ང
IB522F095,new,b575b3c40fa6432688c1c54bb6209810,254790,254817,True,\n,False,ག
IB522F095,new,3ae6314ff1124c7db35f682e227126a5,254827,254855,True,\n,False,ད
IB522F095,new,57e9ca5b9d4345e3859ea7043b6a568a,254858,254859,False,ས,True,།
IB522F095,new,990b4281884549deaed0cf26eb003951,254861,254880,True,\n,False,ས
IB522F095,new,6dae54338b5e4fcb99030e4a2bf8124e,254895,254899,True,\n,False,ས
IB522F095,new,4dff9da63abb4dbf8d4acfe4b6a3266e,254903,254906,True,་,False,ད
IB522F095,new,51e34aacd903499680e5435e35585625,254911,254917,True,་,False,ས
IB522F095,new,357d021f0ec34113b682269cbab9b27b,254967,254980,True,\n,False,ས
IB522F095,new,cef024c4950a4514acaefe20f69268b4,254985,254989,True,་,False,ག
IB522F095,new,02a1f9b47a73453bbd7d075b5eafa713,256011,256039,True,\n,False,ག
IB522F095,new,8fe672e94b5d4ee28b0e2bbfb737b877,256043,256044,False,ད,True,།
IB522F095,new,6e45f97e7aec42c7af054cb60dc901c2,256132,256146,True,\n,False,ོ
IB522F095,new,278af123fe25412280b67a338ddfe721,256149,256163,False,ེ,True,།
IB522F095,new,64c1fe211859489ab96e0fe2672445ba,256165,256189,True,\n,False,ི
IB522F095,new,37bc84c17a614fa4a6507c3e722e466b,256205,256206,False,ས,True,།
IB522F095,new,dea70f2d8eb44bfbac3bbb055a7635a2,256216,256223,True,་,False,མ
IB522F095,new,4ce9085b41344dfabf6e1547aa857fb5,256230,256236,True,་,False,མ
IB522F095,new,36b1eaf6739744e3bddc80d29b96f1c1,256578,256606,True, ,False,ར
IB522F095,new,78cd1338180b4e57bbc3328def15b7db,257116,257132,True, ,False,ན
IB522F095,new,691a555b13964020bf826c18c0110575,257137,257150,True,་,False,ས
IB522F095,new,e8277b1eb3c9459a9c2a503937e8028d,257152,257153,False,པ,True,།
IB522F095,new,569f681da8f743c7b31a0a2f734603dc,257155,257160,True,\n,False,པ
IB522F095,new,3f3cb54e33a64aa3a219e3172c3546b1,258092,258108,True,\n,False,ལ
IB522F095,new,e19e6d540bc5450b8440370d655c656a,258497,258514,True,\n,False,ས
IB522F095,new,32ac46422f814b23b8b3492665266dfc,258519,258536,True,་,False,ས
IB522F095,new,2f7eae2324be4c6b914c97eead57233b,258538,258563,True,\n,False,ས
IB522F095,new,5dba243b13af46ac9fa18da53cdac162,258586,258591,True,་,False,བ
IB522F095,new,42e54cfc79e84ae7ae0d2bde4aad117f,258594,258598,False,ར,False,ད
IB522F095,new,02452fbda702431782c9df1d8e583970,258602,258626,False,ི,True,།
IB522F095,new,cbbc577687f847af983edb9784e58a5c,260475,260489,True, ,False,མ
IB522F095,new,78dbac800d6f4071865f931ddc20414a,260507,260534,True,\n,False,ུ
IB522F095,new,ffd05ffdf7fe4c22acacd9f094495e9e,260824,260848,True,\n,False,པ
IB522F095,new,a9ad9c287c8c4c5ebe47dbab8324dc00,260998,261000,True, ,False,ེ
IB522F095,new,2326b0e50c20438f86cab41593ec7f96,261072,261083,True, ,False,ི
IB522F095,new,36a5180c9603405389c428503f9fcf75,261105,261109,True,\n,False,ར
IB522F095,new,afebd0e9a6e34c76bd2d23a421e4f42a,261124,261127,True,་,False,ས
IB522F095,new,d50f1ccb040044cab17eae25473f23dc,261133,261139,True,་,False,ང
IB522F095,new,d1ae270e9c074525b45e5139f6166f03,261178,261190,True,་,False,བ
IB522F095,new,e17b7b9b79014b369072faf9011f2dea,261211,261233,True,\n,False,པ
IB522F095,new,e7cbdf90534743168ba21935fcdf87d2,261299,261317,True,\n,False,ང
IB522F095,new,e202947d731b4c9b8e8bfbd0edcab2bb,261333,261337,True,\n,False,ར
IB522F095,new,e02557b635174195b0300d0f140d435c,261340,261348,True,་,False,ན
IB522F095,new,e6aaa372c56b4ab5a53db7f2684c3e7d,261487,261490,True,\n,False,མ
IB522F095,new,7634b7f55a474c609561eabf984721d0,261498,261502,True,་,False,ས
IB522F095,new,ecff8f785a59485d90ac80e9b2eb2e93,261507,261515,True,་,False,ང
IB522F095,new,79c33ff1186f4738a0960a8bd2456214,261523,261532,True,་,False,ག
IB522F095,new,3536df42e71b481ebe98a6337dc473bc,261534,261535,False,པ,True,།
IB522F095,new,22a72b265a764555989003411b332859,261659,261663,True,\n,False,ར
IB522F095,new,dd53288de9a4431e93e34f0a746ba307,261665,261674,False,བ,False,ན
IB522F095,new,871ea7030f3342208973dc23b11fdd0d,261678,261690,True,་,False,ས
IB522F095,new,999ecf69b7d84cbd8ba60a3472ae335c,261694,261695,False,ན,True,།
IB522F095,new,31c76323dae645118ec6f073f4a30a95,261702,261723,True,་,False,ུ
IB522F095,new,0c1d292c724344c5a7bec86fbc14a08d,261788,261807,True,་,False,ག
IB522F095,new,0b6c8991566f4cb6849b4135233374a1,261821,261828,True,\n,False,ུ
IB522F095,new,f29956cd036d49c089f3e1c71c2679e1,262002,262010,True,\n,False,བ
IB522F095,new,fd0ba0e7dacd4039bf831231b0ded30d,262015,262025,True,་,False,ལ
IB522F095,new,2c7015e7ae494048b8bc564dd4a4326e,262030,262034,True,་,False,བ
IB522F095,new,2f5305c75594433489172eae61fe7cd9,262072,262100,True,\n,False,ད
IB522F095,new,218ddbbfb76d4e43bc625ee5c1c1198d,262103,262104,False,ས,True,།
IB522F095,new,cfd7faf3579a44c192fa067c155736e9,262195,262199,True,\n,False,ཅ
IB522F095,new,d04e5a1d2a8b4435a3b2d5a4b34000cb,262209,262216,True,་,False,ན
IB522F095,new,bb2e055ed01d4223a1b5fca0cb7dbcc4,271989,271994,True,་,False,ས
IB522F095,new,f5b13f0b0c7e4e1ca419df1b9d4284de,271998,272003,False,ི,False,ུ
IB522F095,new,a481f923f5da41c88bcb136040e7a0ac,272007,272022,True,་,False,ི
IB522F095,new,9704bda3921545f690b2881cd1a662c3,272032,272040,True,\n,False,ེ
IB522F095,new,fdec599306d840da9b7c447e26e10618,272050,272056,True,་,False,ང
IB522F095,new,2556d60443294f059e2085d0e43d0d88,272095,272111,True,་,False,ས
IB522F095,new,8acfbb0e7e4d4128b033a5afbef5d99d,272127,272135,True,\n,False,ི
IB522F095,new,8c92b00b3c2042ce95fee04237fce15a,272168,272177,True,\n,False,ང
IB522F095,new,4ec573b465834bca87fc64f1e06eda10,272233,272251,True,་,False,ྣ
IB522F095,new,810faa1d9aa441d98ff5d8e1a7394435,272291,272297,True,\n,False,ས
IB522F095,new,40097233c8c2451399db38e05ef4c2a0,272481,272504,True,་,False,ཛ
IB522F095,new,3344843835224240ae03687f61d6d32f,272509,272510,False,ོ,True,།
IB522F095,new,c5616a7fec7a4b0b8d22f5f81b6344a1,272608,272633,True, ,False,ལ
IB522F095,new,c46618ca3cce4fc292993450c4af4d45,272770,272783,True,\n,False,ན
IB522F095,new,7f3951e78aeb48bf91cb76e215df2a05,272801,272807,True,་,False,ན
IB522F095,new,38de7411bcb7447b8a5bb0cb29659f5e,272829,272832,True,་,False,ུ
IB522F095,new,0e4a02ec70e3427e961a3152290c1b64,275878,275902,True,\n,False,ན
IB522F095,new,b113c215f8b2493c9f87e5d943ad3e06,275909,275927,True,\n,False,བ
IB522F095,new,566c1377c62a42d89819b7489ebd364f,275930,275937,False,ུ,False,པ
IB522F095,new,d240d8c3cae74387b8e7d8fa4fc9d3c7,275940,275941,False,ེ,True,།
IB522F095,new,e94aefd89b404c1ba4d3eaf6a4bd2c6c,276306,276329,True,\n,False,ག
IB522F095,new,73c25014671b458797950b92a122c3da,276389,276415,True,\n,False,ད
IB522F095,new,1dc24a18f48f41f0bf71a2dfac3e8b4d,276419,276420,False,ོ,True,།
IB522F095,new,526cbcf925804b49ad209d3d9d4dc3e5,277474,277499,True,་,False,ག
IB522F095,new,81b96c76eb214ea298ec2c7e3591bbbc,277503,277504,False,ོ,True,།
IB522F095,new,16704aacd51047c6abdc8571e91f6d73,277660,277690,True,\n,False,ང
IB522F095,new,1c256659b7ce4709b9e49b947169f228,277692,277693,False,བ,True,།
IB5F523B2,new,689ce226e8634fd8826889a628dc6545,4184,4209,True,་,False,ས
IB5F523B2,new,40fed205887f4cb4815a604fa8258aa0,4260,4284,True,་,False,མ
IB8D599AA,new,a5d23f9e0e7049b7a1dc4b5d57d90847,30506,30551,True,\n,False,ུ
IB8D599AA,new,a3bb06fe5ec2455794fb6438b203db5d,31169,31212,True,\n,False,ས
IB8D599AA,new,837752fd7c9c42f18f142a3917ef2f65,35582,35644,True,\n,False,པ
IB8D599AA,new,01f2719671234e3e9ea8faca61a41c78,43535,43604,True,\n,False,ས
IB8D599AA,new,33b2019316f44137ae940b5b49c5bcd4,379548,379615,True,\n,False,ས
IB8EEB9FB,new,806633425e0a45c98d19f562cdbb1e4f,234093,234095,True, ,False,ོ
IB8F4E5BE,new,471611cef2fd4f88b03e649b6c585006,878609,878649,True,\n,False,ན
IB8F4E5BE,new,1b9f5b895aac4cb08634ee44afa9670b,880815,880848,True,\n,False,ན
IBBB26EA1,new,809ab1b562214bce9e195ef11399655b,18276,18301,True,་,False,ས
IBBB26EA1,new,9414b69835b04d638ad2dfbaa844a646,18352,18369,True,་,False,ས
IBFACCCDF,new,9fdee2c5f4c1462dac624138581d9b5e,1895,2057,True,\n,False, 
IBFACCCDF,new,4a620f5410da4995bbb275449ca10e42,3537,3693,True,\n,False, 
IBFACCCDF,new,f712d168c9d3488bb6901a096026d1b6,4501,4651,True,\n,False, 
IBFACCCDF,new,9f05ccffb8d44fe1847e09f263912299,5645,5793,True,\n,False, 
IBFACCCDF,new,f21900ca46f646179c1e94e813bc1cac,12370,12443,True,\n,False, 
IBFACCCDF,new,ed4778522d234dc5976a8dbbf9f64f8e,18409,18479,True,\n,False, 
IBFACCCDF,new,9dcca91c52a44ab0aafdab70fa9ca3d3,18813,18971,True,\n,False, 
IBFACCCDF,new,2f43686aa8264764aab9135f2203986e,20300,20455,True,\n,False, 
IBFACCCDF,new,7624d19ba007460ca653dd5d836c6332,22119,22279,True,\n,False, 
IBFACCCDF,new,8f1b232b7cc84c11bdd5a5b023ee0bb0,24372,24509,True,\n,False, 
IBFACCCDF,new,21a4186588eb43e4b6f2c69d36dc44ca,25107,25250,True,\n,False, 
IBFACCCDF,new,f5115d6f7a4349cc91414e53f40209c5,25252,25403,True,\n,False, 
IBFACCCDF,new,f5c98f857fe04200b404b49bf21946d8,28688,28838,True,\n,False, 
IBFACCCDF,new,f84d0290f924425692e18fe0e6226fd9,29833,29978,True,\n,False, 
IBFACCCDF,new,105d67fef2714dc287225f05b3ff0dce,30765,30912,True,\n,False, 
IBFACCCDF,new,4590ff16ee1b47eead51d936faef2073,32802,32961,True,\n,False, 
IBFACCCDF,new,136bedad64324310b17dfbbb5fbeacb4,35052,35185,True,\n,False, 
IBFACCCDF,new,91a4af97380a4957bc0110285b56e9b8,35702,35849,True,\n,False, 
IBFACCCDF,new,913079e2307544dfb081c9b7c7a75022,36345,36487,True,\n,False, 
IBFACCCDF,new,c3b638cdc56e4fc39cd22d242a39ec9d,37254,37398,True,\n,False, 
IBFACCCDF,new,1df66e7d69874b9aa6038e2639253d9a,38160,38304,True,\n,False, 
IBFACCCDF,new,da64ef6643b64582ad89fd6c7373a1f8,38852,39009,True,\n,False, 
IBFACCCDF,new,823d2207e98444faa69118b4d5e8ed12,40178,40275,True,\n,False, 
IBFACCCDF,new,7f8cfeb65457480395efc101f55bf87c,40505,40646,True,\n,False, 
IBFACCCDF,new,ed23c789216b4f91834fa575b84fb3ea,41194,41342,True,\n,False, 
IBFACCCDF,new,939e2b5ef41c4be6a1bf6810792aebde,42035,42179,True,\n,False, 
IBFACCCDF,new,5857b6d2f9924a36bc5c9608b01a9bce,42917,43060,True,\n,False, 
IBFACCCDF,new,3a6e163e6aff44e08661a704c937028c,47997,48146,True,\n,False, 
IBFACCCDF,new,840cfe1294734a47af0a605496e914aa,49043,49200,True,\n,False, 
IBFACCCDF,new,dabad5cf34ae4c5fa89dd778332d28f2,50075,50228,True,\n,False, 
IBFACCCDF,new,9e9b797d224349e5a7f66908d7e70f87,51063,51207,True,\n,False, 
IBFACCCDF,new,c2c1c579c16e493a918cd5d7487212d5,51870,52016,True,\n,False, 
IBFACCCDF,new,4577a6a7643b4e28b3fbdc276ffb50f7,53078,53221,True,\n,False, 
IBFACCCDF,new,eff99aace0624b2a9391a13afa412bb5,53714,53864,True,\n,False, 
IBFACCCDF,new,f716710d4c144663851e3e22b1f22d7e,54510,54653,True,\n,False, 
IBFACCCDF,new,7a7a11b199b645f094bb2bec6f25cc47,55422,55568,True,\n,False, 
IBFACCCDF,new,e5292533c0d1408aaa8d1959ffbcd230,55879,56028,True,\n,False, 
IBFACCCDF,new,edbbcb938e3e4bff8690d47b77e004d1,57014,57166,True,\n,False, 
IBFACCCDF,new,96ce551694f249ef83cfeee253e13b39,57878,58026,True,\n,False, 
IBFACCCDF,new,da35dfd105cc410c8bf927c8a0a9d75c,59125,59275,True,\n,False, 
IBFACCCDF,new,297e12684c9f4cc68bd09b896222af49,61430,61581,True,\n,False, 
IBFACCCDF,new,87b1f91f98604218a2d7948346629e20,62672,62817,True,\n,False, 
IBFACCCDF,new,d302b6748e574da6aa3f4003e8768d66,63720,63866,True,\n,False, 
IBFACCCDF,new,ad03cb1e8b3048ec871b8876870169ee,64350,64507,True,\n,False, 
IBFACCCDF,new,67030da61caf40b5827272b2a8542ce3,66588,66743,True,\n,False, 
IBFACCCDF,new,dccc53268e7c4b9b92c313c5af8b7f1f,67416,67555,True,\n,False, 
IBFACCCDF,new,7348b6e1206647b7875e2c292f4b6386,68052,68189,True,\n,False, 
IBFACCCDF,new,7c632c36d8994b5f98ce74c126924332,69222,69361,True,\n,False, 
IBFACCCDF,new,113ff33740cd4ff5825b0a67ebb3b895,70091,70242,True,\n,False, 
IBFACCCDF,new,cf21162140de4f84a38fc615778a84d1,70812,70953,True,\n,False, 
IBFACCCDF,new,de0f56ca6803419abd375d6a93e09e88,72729,72876,True,\n,False, 
IBFACCCDF,new,08215d72c53b4851a606535f18a3736b,74994,75149,True,\n,False, 
IBFACCCDF,new,b69b0a3596674635b7978e70af5d7c28,76025,76164,True,\n,False, 
IBFACCCDF,new,cbbd673f32db4115872cb85410aa6971,77045,77195,True,\n,False, 
IBFACCCDF,new,ac58f08d722a42fd8c51fb0b35037ac6,78128,78287,True,\n,False, 
IBFACCCDF,new,70f9c09bcb6d49c687c28dd26f711194,79092,79235,True,\n,False, 
IBFACCCDF,new,eea9781b03324e29982c9fe5ddc82082,79820,79970,True,\n,False, 
IBFACCCDF,new,5b06696435f04592b1984d56f09855ee,80669,80808,True,\n,False, 
IBFACCCDF,new,73fd9fcb963e42888b34c8e6ae4620a4,81655,81805,True,\n,False, 
IBFACCCDF,new,0617eed4ac1a4e178d86add9d72ee4e2,82207,82353,True,\n,False, 
IBFACCCDF,new,b48e25aca3194e658cc246b63be761ad,83392,83538,True,\n,False, 
IBFACCCDF,new,7a26fd4446e143dea427ee18a72a9848,83990,84138,True,\n,False, 
IBFACCCDF,new,86f68112185d4283a181bd771960443d,84808,84962,True,\n,False, 
IBFACCCDF,new,60b6c1c98dfc45548dd4ff0de713e818,86131,86278,True,\n,False, 
IBFACCCDF,new,35969a4c3d24480e93df483b195f9242,86280,86423,True,\n,False, 
IBFACCCDF,new,ff8959b71ec142a881e0bad37e55a141,87172,87313,True,\n,False, 
IBFACCCDF,new,6896db4abcf1499faf482c63c5284d27,87957,88091,True,\n,False, 
IBFACCCDF,new,86831ef51f4b45ea80a9dbdba8a51da5,88426,88567,True,\n,False, 
IBFACCCDF,new,49748856512d486d8dd276fc319de0b3,88973,89046,True,\n,False, 
IBFACCCDF,new,5d6bc61ddbbb4c6d89371e936e76fb73,89299,89369,True,\n,False, 
IBFACCCDF,new,24aac1cbdd424c4daf9929c21f35dbff,90022,90181,True,\n,False, 
IBFACCCDF,new,442c6a8032f54576bb66b68277714c44,90689,90837,True,\n,False, 
IBFACCCDF,new,dab5c6c5b3f5498e8a4d182d6934786d,91291,91441,True,\n,False, 
IBFACCCDF,new,ffb15fb414f9491bad7213f349d7fb00,91838,91986,True,\n,False, 
IBFACCCDF,new,b2eed01c952d4e3aae63d9f09b681ca2,92408,92547,True,\n,False, 
IBFACCCDF,new,afa789ad10274bea85a06bc6df540819,92998,93145,True,\n,False, 
IBFACCCDF,new,897d5dcae8884be485a96b32c0582c78,93513,93659,True,\n,False, 
IBFACCCDF,new,3bc95fa5da5f4b26802315698ca2b2eb,94033,94177,True,\n,False, 
IBFACCCDF,new,6f99ebfd421e496cb5502804d8f9c241,95073,95223,True,\n,False, 
IBFACCCDF,new,7e6c21d771f64940868790d5704e7038,101871,102013,True,\n,False, 
IBFACCCDF,new,29ee3b43908c474ea22409fc4ebdc73f,102770,102919,True,\n,False, 
IBFACCCDF,new,0de4056fa0c7439cbb0c334d0b3bdce5,103218,103370,True,\n,False, 
IBFACCCDF,new,cbf9564d896c45e39481013576135ece,103910,104061,True,\n,False, 
IBFACCCDF,new,9407553476f34ae4b83a7baf9971c064,104529,104683,True,\n,False, 
IBFACCCDF,new,e7cbc1a447a64d6485ac3f83865779bb,105083,105226,True,\n,False, 
IBFACCCDF,new,819a7873eb24464fa606ca9d686369a6,105574,105723,True,\n,False, 
IBFACCCDF,new,76c39a12274a4960b4f3c3039cf3a35b,106259,106402,True,\n,False, 
IBFACCCDF,new,8fc113250f044d4d8e1eb3c64e1ed3df,106759,106907,True,\n,False, 
IBFACCCDF,new,18a9a9b373004b78a8679132288ccb32,107262,107409,True,\n,False, 
IBFACCCDF,new,11d75cf4060349069497bd61623f0202,107866,108006,True,\n,False, 
IBFACCCDF,new,74d026be15e34d97809f31941b3f87aa,108489,108646,True,\n,False, 
IBFACCCDF,new,fc2d9bd7140d46f1ba3737aa60b73177,109187,109320,True,\n,False, 
IBFACCCDF,new,1b7f170c3dea4f599a8f82d116c8d63b,109581,109714,True,\n,False, 
IBFACCCDF,new,1c1e410cc10540dcb51083e64eb79e98,110070,110212,True,\n,False, 
IBFACCCDF,new,edc689bba0fe47779eefaac30748f0ed,110560,110707,True,\n,False, 
IBFACCCDF,new,d83ae9ba508149da860e525f3c1f6841,111206,111352,True,\n,False, 
IBFACCCDF,new,aa8c0505c0d8474bb353d9ec28060db4,111637,111789,True,\n,False, 
IBFACCCDF,new,fb596210293a44d598f1804b5b4c32f1,112241,112389,True,\n,False, 
IBFACCCDF,new,472d2f9809f747a99370726719a5e228,113070,113214,True,\n,False, 
IBFACCCDF,new,2781002052bb4e40964b1f5b9dcf0f8c,113216,113369,True,\n,False, 
IBFACCCDF,new,0cf7ed2b3bb3494daffe89ebdf2a4c17,114012,114152,True,\n,False, 
IBFACCCDF,new,493c03a4d6e44827882ff2c489fdb10d,114425,114567,True,\n,False, 
IBFACCCDF,new,711b3470fb5946bc91c09d6e64ce4df1,115251,115396,True,\n,False, 
IBFACCCDF,new,a8ea7c9f71a6425c994a9ebde35c8cc7,115861,116005,True,\n,False, 
IBFACCCDF,new,f9eeaaa1a56e4ebcae4f4a3ce919992f,116431,116570,True,\n,False, 
IBFACCCDF,new,4765b364e43b4153b1a983259a072209,117393,117552,True,\n,False, 
IBFACCCDF,new,e0aae58259f9402486fb31848dbbb871,120161,120302,True,\n,False, 
IBFACCCDF,new,ebdbd00e5b9744859a5af037cb5a4f1d,122100,122242,True,\n,False, 
IBFACCCDF,new,2d3fa1bd9ac44aaabe5bf3ad2461d366,124184,124326,True,\n,False, 
IBFACCCDF,new,0f3b327c91ab4903967966056e123338,124328,124473,True,\n,False, 
IBFACCCDF,new,6d5b671c50f94b58a6b08ff3d2a366c0,124475,124624,True,\n,False, 
IBFACCCDF,new,6dedf3ca16774fd1b5fe52301f9ce292,129218,129368,True,\n,False, 
IBFACCCDF,new,aac4062ddfd44e1bae8819c1d157fb86,130127,130270,True,\n,False, 
IBFACCCDF,new,91f1ffd24d5547b286d10f9ccf5ee380,132346,132490,True,\n,False, 
IBFACCCDF,new,3f7cf5f6a4714e1599f2e92e64a1c210,133152,133228,True,\n,False, 
IBFACCCDF,new,db596db1d40f4d08ad52463575b94234,133817,133891,True,\n,False, 
IBFACCCDF,new,6e0a4c9948504b40a91e14a72d08ba58,134230,134368,True,\n,False, 
IBFACCCDF,new,56722db3fbaa4222b40e9f356c9ffba6,134829,134983,True,\n,False, 
IBFACCCDF,new,ed9d725ca8464c879e847fd51b883920,135719,135866,True,\n,False, 
IBFACCCDF,new,06a5e876796f4b2bbb06924d9bcbaa3b,136454,136605,True,\n,False, 
IBFACCCDF,new,1a9eb6350d144790b114fba8e32588ef,136607,136757,True,\n,False, 
IBFACCCDF,new,f4813db6e22546ee9e832840a9cc8103,136759,136911,True,\n,False, 
IBFACCCDF,new,393dbecd7ef143a1ad030a80e5739e7a,138536,138703,True,\n,False, 
IBFACCCDF,new,ecc0ddbff28446118692756f0459477f,138705,138891,True,\n,False, 
IC05A6BE0,new,9c7fc8ad55cf44f88613eb6de57846f0,90984,91023,True,\n,False,ག
IC3A7006F,new,eca9cc37b6754fc49fccd4ab0ffb356d,81101,81151,True,\n,False,བ
IC5CE7FE9,new,294b50d9b85e44bd8911582da532900d,15117,15277,True,\n,False,ི
IC5CE7FE9,new,fd91f703fa74477b9f7cc24e27d27747,17084,17183,True,\n,False,ོ
IC5CE7FE9,new,71632613994d44aa82c31cf9772c5b03,24095,24410,True,\n,False,ི
IC5CE7FE9,new,9a6f4ea8a8c5406aa5bb9fd67361e55a,29697,29720,True,\n,False,པ
IC5CE7FE9,new,79230fcd3c174339b361bdebbb4b6201,54530,54585,True,\n,False,ས
IC5CE7FE9,new,4d1a81dd5d9842748763d6a4c102561a,54735,54884,True,\n,False,ྟ
IC5CE7FE9,new,c25355174fc44b31acae48f2570e740c,56484,56515,True,\n,False,ེ
IC5CE7FE9,new,6b4f49ab0c444217b3ed429c7a7d965e,62171,62396,True,\n,False,པ
IC5CE7FE9,new,31549c741a25476bb5e577a8e77f806a,69609,69649,True,\n,False,༌
IC5CE7FE9,new,a4a8c80d6c1a47008f22f7b680f9e194,72171,72288,True,\n,False,ཛ
IC5CE7FE9,new,c007033f0a6244dd971819fcb30f1646,82657,83128,True,\n,False,ོ
IC5CE7FE9,new,1755a0420f764e27a0198918b0d515e7,137189,137426,True,\n,False,ས
IC5CE7FE9,new,503e93c21ff5401bafb81bc8ce1056f9,141375,141431,True,\n,False,ས
IC5CE7FE9,new,04e206d3a2674659b7cb4cd53afe236a,147954,148202,True,\n,False,ཞ
IC5CE7FE9,new,4ebd1226f72d4674a8831f7ac546c6c2,208167,208202,True,\n,False,ས
IC5CE7FE9,new,1e99261b73194998924bed0158b7b1c6,211484,211520,True,\n,False,ས
IC5CE7FE9,new,2468555fd90f4a2fbb7c02f58f2b999d,278381,278498,True,\n,False,ཞ
IC5CE7FE9,new,2562f92be1644cc1bae9413a753ede1d,284110,284208,True,\n,False,པ
IC5CE7FE9,new,4541bdbf7b7e4118ae2c42ae07c3dbdc,284210,284460,True,\n,False,ཞ
IC5CE7FE9,new,894848814e224c8aa934f413e4792092,285948,286570,True,\n,False,ཞ
IC5CE7FE9,new,83a567ae995a4058824ea944dfef1f3d,316400,316654,True,\n,False,ད
IC5CE7FE9,new,14f46c8116b34fada7fbb72a868a2b3a,320990,321076,True,\n,False,པ
IC5CE7FE9,new,4a51a2da403b43b98d464e329df896b8,322514,322635,True,\n,False,ི
IC99C24DC,new,531d69560b8e4915ab0017cd05ffbc27,2752,2777,True,་,False,ས
IC99C24DC,new,227c901e40dc47638409301f4d42182d,2828,2851,True,་,False,བ
ICDC84458,new,b42d089d004f4025a74e293ed2a06865,265230,265255,True,\n,False,ག
ID4AD2D0E,new,cc7988b737fc471f9dcc89afbc8c8710,8399,8434,True,\n,False,ཾ
IDACD7FC0,new,577b7a27bd724dddbedc4a86bb1d94be,12028,12053,True,་,False,ས
IDACD7FC0,new,a6a37077912c43f4865f35cf49b01c42,12057,12089,True,་,False,ས
IDACD7FC0,new,67e139dfd28d443da7d8f7a76e0b4350,12103,12155,True,་,False,བ
IDAD44BA2,new,c1c8ed7664a946069fc17bacc7de022b,780,789,True, ,False,ི
IDAD44BA2,new,ca0e63d5fa7745509d698075746b0d23,894,898,True,་,False,ན
IDAD44BA2,new,3633b048f27d44d2bd8fc3d29d2c8f83,981,984,True,་,False,ས
IDAD44BA2,new,88d3093c11e34108977496fa926e380b,998,1002,True,་,False,ས
IDAD44BA2,new,6f9b424cd83f42e288736af64666525c,1014,1017,True,་,False,༌
IDAD44BA2,new,aca18af143744058bf28199e527f67e7,1047,1054,True,་,False,བ
IDAD44BA2,new,70c699f937b24bb9a6f6de103cbecc57,1072,1076,True,་,False,ས
IDAD44BA2,new,e7d424bcaf2646fba2d430003d44c367,1091,1094,True,་,False,ི
IDAD44BA2,new,b7ad3478a89a4c738401b4063bf3e5c6,1210,1213,True,་,False,ས
IDAD44BA2,new,1ad0ba4c3c8041c2a547659cf29c4305,1221,1224,True, ,False,མ
IDAD44BA2,new,d9acf264a12f44e68f60060ab9e8610d,1229,1231,True,་,False,བ
IDAD44BA2,new,6c1f0f21fa89434b8a9845ed88deb2cb,1235,1243,True,་,False,ས
IDAD44BA2,new,ef1bfb53265e4a8cb1d514faa60d1484,1302,1309,True,་,False,ད
IDAD44BA2,new,aa2156ecb2eb41989094ff0baa9d2c12,1371,1378,True,་,False,ི
IDAD44BA2,new,23ae46cdf4814af596cb6876838042d7,1400,1416,True,་,False,བ
IDAD44BA2,new,76ea33d5e19840cd991f9072331d58d8,1826,1834,True,་,False,མ
IDAD44BA2,new,c76b897197704aa6b7484a6d2cf3f9aa,1853,1876,True,་,False,ག
IDAD44BA2,new,9912bb45190346ce8b6324c449cfcc0a,1915,1918,True,་,False,༌
IDAD44BA2,new,8326bdbf3db24a98b2762731137510b0,1923,1926,True,་,False,ན
IDAD44BA2,new,83f0fe4f765f48f2a35134610adbebd2,1930,1976,True,་,False,ས
IDAD44BA2,new,969bc2932bc04d9391a929b27a3a5c50,1981,1988,True,་,False,ད
IDAD44BA2,new,988c628d2def4243a41c6bed3bec3774,1991,1993,True,་,False,ོ
IDAD44BA2,new,2fa0e85702b748e9a88c768399f15e8a,1998,2021,True,་,False,ས
IDAD44BA2,new,a52223e3cc5a43aba1a16fc9853001e7,2031,2044,True,་,False,ག
IDAD44BA2,new,d1605270ea0d453b8cd5c1a29d82ce96,2056,2063,True,་,False,ལ
IDAD44BA2,new,7cdcd33141fa41a6b8193e10d994e5e8,2068,2072,True,་,False,ལ
IDAD44BA2,new,ae10a45db9d04e8daecd6ce8a42cfb33,2163,2165,True,་,False,ག
IDAD44BA2,new,dc6f0e690a56414281cc94a1f66935c3,2177,2193,True,་,False,པ
IDAD44BA2,new,43319eac0800408298e546e5ecfb8176,2196,2215,False,ས,False,ན
IDAD44BA2,new,22444d6cd09f4ff091962dff6f6522f6,2223,2236,True,་,False,ྨ
IDAD44BA2,new,8f20bbfd78e641df9739fdf1abee7b81,2278,2314,True,\n,False,མ
IDAD44BA2,new,e927e612c1854f5b9f2c2664c09aa6e3,2318,2324,True,་,False,ག
IDAD44BA2,new,6c3c8706df574c4a8c384253e45dca4e,2331,2335,True,་,False,ས
IDAD44BA2,new,7f27be41ee4b4540a7ea0c8c93e89c07,2342,2344,True,་,False,མ
IDAD44BA2,new,ec4ad962929b40279b81cb73a1aa5593,2349,2385,True,་,False,ས
IDAD44BA2,new,e1401f5adf0545009e9ed3342dd8408b,2388,2405,True,་,False,ད
IDAD44BA2,new,928a20630966439aabd95f60dafc372a,2416,2419,True,་,False,ན
IDAD44BA2,new,f9794f645f9d4eb7aa23a9415231856f,2462,2470,True,་,False,ས
IDAD44BA2,new,e5cf8129baa6455cbfee83f09f216719,2477,2491,True,་,False,ལ
IDAD44BA2,new,30de07f2c7a043c2bb2fdd3ec2eb1f07,2495,2500,True,་,False,ང
IDAD44BA2,new,9939e3897d2749b385a421a75b9e88f3,2527,2530,True,་,False,ེ
IDAD44BA2,new,5a280b24f3b44047b01675b816299c49,2539,2557,True,་,False,ོ
IDAD44BA2,new,cd86f8f661084e3eb0365ed2879e7a8b,2566,2570,True,་,False,ང
IDAD44BA2,new,4da50979da444212b183b92ce2d8cc4a,2589,2596,True,་,False,ང
IDAD44BA2,new,4bdc0291973d49439cf921665d3b039b,2601,2609,True,་,False,མ
IDAD44BA2,new,17da14f9aa8e404286137d9634512f92,2613,2635,True,་,False,པ
IDAD44BA2,new,3ef55a19292c417bb838b4054ced4aac,2643,2646,True,་,False,མ
IDAD44BA2,new,699ee7c5d07549e3871aa3b62000f2bb,2757,2765,True,་,False,ས
IDAD44BA2,new,95569808307f499d9179bd9ad5de8ff1,2777,2797,True,་,False,ས
IDAD44BA2,new,d3ae74ade7a145d084db30bb268bbc35,2858,2864,True,་,False,ར
IDAD44BA2,new,5e05de5e1c1747579e8330b46a1c8a21,2878,2883,True,་,False,ལ
IDAD44BA2,new,0eef5aae99d443eaa1d5fb555960d3d5,2903,2906,True,་,False,༌
IDAD44BA2,new,08d879ae50ea4181ae7963fb91975b43,2922,2933,True,་,False,ི
IDAD44BA2,new,8d76828209c64d2db8759daa159af06e,2957,2975,False,ི,False,ང
IDAD44BA2,new,3ef92b6727b6418396ad796f91647104,2978,2985,True,་,False,ས
IDAD44BA2,new,cc15f510ab39425fb8d7567ce2288e5c,3027,3048,True, ,False,ས
IDAD44BA2,new,42cfa187294d4e13af9b6af88e73b617,3060,3083,True,་,False,ད
IDAD44BA2,new,ebc9b2c0e58546bcade676803f4df40d,3102,3109,True,་,False,ུ
IDAD44BA2,new,434db70059544cbda86f7d4d7ad8c554,3167,3181,True, ,False,ལ
IDAD44BA2,new,0c0a7a37109d4aa8bf7c8d447732e977,3184,3190,False,ར,False,ང
IDAD44BA2,new,087c228f488246f7aee021e62affdc62,3275,3281,True,་,False,པ
IDAD44BA2,new,f6257b5a1cfe4fe0a4fafda8273bc209,3292,3303,True,་,False,ལ
IDAD44BA2,new,a289b2bf600a4bb7be71b48e071d2afc,3307,3312,True,་,False,ད
IDAD44BA2,new,236b577327f049ba84f04522f8259fbf,3316,3317,True,་,False,བ
IDAD44BA2,new,5036a90d66044fef9d87b7edbdd6e0d5,3585,3608,True,་,False,ྱ
IDAD44BA2,new,c78f22f9c1fd44058c1faa3ee0c6ebf8,3652,3675,True,་,False,ས
IDAD44BA2,new,a0340112274a4a6b838988f0ceaf8f99,3717,3730,True,་,False,ི
IDAD44BA2,new,f3f3c42ce9d14dc6afba4081065849a9,3757,3784,True,་,False,ི
IDAD44BA2,new,e20c9efb84634d949225919099f76ee3,3795,3799,True,་,False,ས
IDAD44BA2,new,cbf1433580224e4b8beeb3e1e1686c52,3803,3808,True,་,False,ས
IDAD44BA2,new,8c7386fd67e74130bb0f497eeb2651c9,3820,3827,True,་,False,མ
IDAD44BA2,new,156bcd556b5f46a18c70c0570ce39339,3831,3834,True,་,False,ག
IDAD44BA2,new,7d3d580999f9450e981f9e239e91db0d,3843,3866,True,་,False,ལ
IDAD44BA2,new,1f9702478815430da7d5a8120f4f7adb,3882,3894,True,་,False,ལ
IDAD44BA2,new,22a69606154e46de828fda9f5fa2afa0,3904,3914,True,་,False,ད
IDAD44BA2,new,9b8930b494794418855a3372483d5a22,3962,3964,True,\n,False,ང
IDAD44BA2,new,b20d311dc3de4ade86bcca682414ce50,3984,4002,True,་,False,ས
IDAD44BA2,new,8d7a67553ec2408f92f4b547dafa4f06,4033,4036,True,་,False,ས
IDAD44BA2,new,0ff499d75aa14489b21b0a59c38941b7,4046,4052,True,་,False,ན
IDAD44BA2,new,a10c2d817fb0439ca9f55dbd1b21584f,4073,4074,True,་,False,ན
IDAD44BA2,new,f32bcdc055894e7390e8d40089c13893,4089,4101,True,་,False,ན
IDAD44BA2,new,38f2b7c374714ab1956cafa66ba6cba9,4151,4155,True,་,False,ན
IDAD44BA2,new,75d0681440344494bccdbe549441a86c,4159,4162,True,་,False,ད
IDAD44BA2,new,29cd7f6d82a640beb5b433bb321ffbb3,4197,4212,True,་,False,ི
IDAD44BA2,new,47e6a53bf79d4e068660858a6e43d82d,4219,4225,False,ར,False,ག
IDAD44BA2,new,445b0500096b47e79ad3c5acc40a43ca,4228,4230,True,་,False,ས
IDAD44BA2,new,398c986026564100a49f42d70a756fb4,4262,4282,True,་,False,ེ
IDAD44BA2,new,0f2943bdfcfc4e52a4f4fedb774c57f5,4341,4351,True,་,False,ེ
IDAD44BA2,new,fe9f2301ff354a19aae081ecb540937e,4358,4362,True,་,False,ང
IDAD44BA2,new,39f9a3ccbeb04127866a9ecb6c8f3421,4366,4377,True,་,False,ད
IDAD44BA2,new,f31c1c7724114f8db50a240f13a76b1e,4399,4401,True,་,False,ེ
IDAD44BA2,new,068380561dd448dd914df1b9f6f668f0,4406,4410,True,་,False,ད
IDAD44BA2,new,b793dfe7e55241edbc72353d562735fe,4425,4428,True,་,False,ས
IDAD44BA2,new,2778c6b917534ce59a20850dca97d1a8,4431,4432,True,་,False,ལ
IDAD44BA2,new,51faafb07e9f43429bc49628d3873422,4444,4472,True,་,False,ས
IDAD44BA2,new,f9e38b1ae052460092d5806cbce884fd,4484,4489,True,་,False,ལ
IDAD44BA2,new,e809a2871e29481d9a5e9dd988e5f701,4492,4495,True,་,False,ད
IDAD44BA2,new,9b2dd85aaeac41059a790c4983507df5,4500,4504,True,་,False,ར
IDAD44BA2,new,9144e226ca1543d68c174340eb6aa149,4683,4685,True,་,False,ེ
IDAD44BA2,new,7b39ab0fe1cc47b6a53eb3a3708d9e17,4689,4693,True,་,False,ར
IDAD44BA2,new,74b79438aaa745eab04fa2c57118aca9,4705,4721,True,་,False,ི
IDAD44BA2,new,f345ded128fa4ffdaa1af9ff804aa6ec,4732,4735,True,་,False,ས
IDAD44BA2,new,df2d6b1cafcb4f4da797ed8cf37d1d07,4738,4752,True,་,False,ལ
IDAD44BA2,new,983bbca2af1948458af3b01e6a592c25,4820,4826,True,་,False,ད
IDAD44BA2,new,dea6ce01b642498dad75f4247a538841,4830,4834,True,་,False,ང
IDAD44BA2,new,6a5e47b242d44a65a4461ccd993876c9,4839,4845,True,་,False,ག
IDAD44BA2,new,66e676700c5641938234623b804357dc,4853,4856,True,་,False,ས
IDAD44BA2,new,e3a0c17f2d56467298c6d99f881923e5,4860,4864,True,་,False,ང
IDAD44BA2,new,d111857c8deb44acb09225fe7916b4c8,4970,4974,True,་,False,ན
IDAD44BA2,new,b99bfb3eb23d474289b3c030068de3dc,5012,5022,True,་,False,ལ
IDAD44BA2,new,96433d4b01544852a2b54dc445cf58d4,5027,5030,True,་,False,༌
IDAD44BA2,new,1048354347054453adb51815746a2972,5084,5089,True,་,False,བ
IDAD44BA2,new,5031dcde017d4369b710667305b7d4d4,5103,5107,True,་,False,ས
IDAD44BA2,new,e306824542274c55b488b5bb90fe712f,5126,5128,True,་,False,ེ
IDAD44BA2,new,02e14137d0304a16a07349b79fcbcb78,5151,5160,True,་,False,ན
IDAD44BA2,new,33ed840263db4a599c3fba9be20de00d,5165,5175,False,ས,False,ལ
IDAD44BA2,new,a15bc9faeddd4fb381e7320145399045,5186,5192,True,་,False,ུ
IDAD44BA2,new,c329261727a54443a4f235500ed3b3a4,5202,5206,True,་,False,བ
IDAD44BA2,new,865b64a7d46441d3b37ab4e5ba0f2055,5209,5212,True,་,False,ད
IDAD44BA2,new,6ad60b7be9c24a6ea8df213987a3ba93,5220,5230,True,་,False,ས
IDAD44BA2,new,f5855db582484470a23d0f0a16b97fdf,5235,5239,True,་,False,ས
IDAD44BA2,new,fb59b6155e274d5ca4058a3d964a4418,5248,5252,True,་,False,ད
IDAD44BA2,new,671bb31737664506be68985271961824,5255,5257,True,་,False,ོ
IDAD44BA2,new,4ae0ab94ee9f470c80f109650fc817fd,5315,5327,True,་,False,ས
IDAD44BA2,new,5b9823e3a90a439aac8be68012c98c82,5386,5393,True,་,False,༌
IDAD44BA2,new,90cabcb0940145899525036ed1da25ce,5469,5475,True,་,False,མ
IDAD44BA2,new,30ee171ff6f445c68583e22a59ef5188,5499,5512,True,་,False,བ
IDAD44BA2,new,92f4e801654e4ea0ac7cf79a25ba4c11,5570,5576,True,།,False,ད
IDAD44BA2,new,77c2b4970e5740218f402b3ae671099a,5590,5594,True, ,False,ལ
IDAD44BA2,new,a224cee5d0bc47639ddfbdb5f0ea392c,5677,5680,True,་,False,ན
IDAD44BA2,new,8a1abf7eaf1a49a99f9f1a0dad6ef502,5685,5694,True,་,False,ི
IDAD44BA2,new,a0e7dc107a9341b2a696cbce4e631e57,5711,5715,True,་,False,ས
IDAD44BA2,new,1a8ed9f80913487182006afcbe2fd8b0,5719,5723,True,་,False,ན
IDAD44BA2,new,f818d084b6bf4dbfac8cdca30c8d72f5,5732,5735,True,་,False,ད
IDAD44BA2,new,0c5dde69c52d4ea7b10f04c28576855e,5831,5837,True,\n,False,ར
IDAD44BA2,new,48cb073851ae46b69634e722ef25246e,5913,5922,True, ,False,ག
IDAD44BA2,new,cc714c72a442480797230538350fbadd,5933,5942,True,་,False,ི
IDAD44BA2,new,3cb2ed3394724822858bba8ac59debb2,5985,5988,True,་,False,ན
IDAD44BA2,new,597fd99d46cf44058b6ab56cd066e1d2,5998,6001,True,་,False,༌
IDAD44BA2,new,afab40598c33410d93a0d5cd36dc1676,6006,6013,True,་,False,ན
IDAD44BA2,new,0be659a19de44d019f5ad7830fe2a1e4,6050,6065,True,་,False,ག
IDAD44BA2,new,72e2570fc0e34587a08e7322cb338232,6069,6073,True,་,False,ན
IDAD44BA2,new,c8ad35a0f8b5486fa1149ace341714e3,6091,6096,True,་,False,ི
IDAD44BA2,new,0530706396e94e8e8be6190213100b73,6117,6120,True,་,False,མ
IDAD44BA2,new,24d3eb6a183245e0b9e632503324efcf,6124,6127,True,་,False,ག
IDAD44BA2,new,008965907ee048e89bd853c52a0d0c8f,6159,6188,True,་,False,ི
IDAD44BA2,new,313d1dec0c754666b2c53eb66967c211,6236,6238,True, ,False,ི
IDAD44BA2,new,06f367593b96429c9e16891361c7e914,6273,6285,True,་,False,ས
IDAD44BA2,new,1fb380fd02a14754b5e34ebc512ff418,6342,6347,True,་,False,ར
IDAD44BA2,new,c9e04a406935465ab7ee4ee3f5547033,6352,6357,True,་,False,ན
IDAD44BA2,new,a6d8d99cd4dd43faa71957642bcb069f,6377,6381,True,་,False,ས
IDAD44BA2,new,e4e62217c96845098e38c88f8be5796d,6399,6412,True,་,False,ད
IDAD44BA2,new,3e1282c344594978b437c5176ec56e1e,6417,6425,True, ,False,ད
IDAD44BA2,new,077a9abade054199bcf9fab0dff32620,6451,6454,True,་,False,ན
IDAD44BA2,new,f46c05f601a34713a6a4383f2b60fc13,6497,6501,True,་,False,ར
IDAD44BA2,new,033a269f022f452ca3ca4d346eae8b1f,6505,6512,True, ,False,ས
IDAD44BA2,new,d714e218bb4e40be8f504fb13517658b,6533,6551,True,་,False,ར
IDAD44BA2,new,54df101c78674e32a7f3d32c2703ac3d,6593,6596,True,་,False,ས
IDAD44BA2,new,a57513005ac9422fa3205ad2cd2a31a7,6682,6688,True,་,False,ད
IDAD44BA2,new,d1fa8953fcad4eed9085818cdb855591,6702,6709,True,་,False,མ
IDAD44BA2,new,371b6d70324447e187ca5ae2dd9e25d5,6864,6875,True,་,False,ུ
IDAD44BA2,new,e6b3ff0b6f924b0bbd0b8b157743d0cc,6881,6886,True, ,False,ན
IDAD44BA2,new,f7c9aba98fbf4453a0e8ba5fe014263b,6900,6904,True,་,False,ན
IDAD44BA2,new,74da25c665ed4110a615ac5ad7c2995b,6909,6914,True,་,False,ལ
IDAD44BA2,new,a5024848f5a346a2886b624ae8e93148,6943,6952,True,་,False,ག
IDAD44BA2,new,53e1068e699c416586ee0683a8ece7d5,6962,6978,True,་,False,ི
IDAD44BA2,new,13a0511514b342a9840a35d492f36265,6987,6990,True,་,False,ས
IDAD44BA2,new,87dcb9507385411baaf7bb22720c4703,7001,7009,True,་,False,ེ
IDAD44BA2,new,546e8106e5cf433ca519a9ebfd9c8404,7271,7280,True,་,False,ག
IDAD44BA2,new,29bcef45104a435694341ffdc4d021b2,7454,7459,True,་,False,ས
IDAD44BA2,new,24878d3dbe664644ba37eb81c55ddc84,7464,7476,True,་,False,ས
IDAD44BA2,new,68d2355b8f0d403ba0b1e07b36eaa26c,7548,7557,True, ,False,ང
IDAD44BA2,new,640b7cb9d51b41259e281ccfdd2a41c2,7565,7573,False,ན,False,ས
IDAD44BA2,new,de7b545ce4934b93a3cdf6fe75917435,7587,7590,True,་,False,ལ
IDAD44BA2,new,889dda5ab1304dccb30e06783251d043,7619,7629,True,་,False,ོ
IDAD44BA2,new,d756e8502c90421ca1c257bb611601fd,7638,7641,True,་,False,ན
IDAD44BA2,new,38d9d2fc8c11458799d1b190c19f4c65,7698,7701,True,་,False,ག
IDAD44BA2,new,ca8c53dc372844f7a29a3cf57cb055f1,7707,7712,True,་,False,ན
IDAD44BA2,new,c460ce4ae54f4c2081692a6498bbbefd,7756,7779,True,་,False,ེ
IDAD44BA2,new,cb42397132b44bf893d716fdc32eb3c3,7789,7801,True,་,False,ང
IDAD44BA2,new,581cdceff5aa44d4a76bc74c8aaf269d,7917,7923,True,་,False,ཀ
IDAD44BA2,new,1f638a5cb66c4172b4d88c4ede10e5b2,7927,7941,True,་,False,བ
IDAD44BA2,new,e9826e32f7d84809bd303d6d41d0a51d,7990,7993,True,་,False,ན
IDAD44BA2,new,2ae4d28adcb14eaeab9a67e09b1f1565,8005,8012,True,་,False,༌
IDAD44BA2,new,c4031c14df6c4d2ba7a35167aa16ef66,8017,8027,True,་,False,བ
IDAD44BA2,new,2e026bde87994389a5010ebb140a1ad1,8031,8036,True,་,False,བ
IDAD44BA2,new,37fbd30053134beb9ef089674915961e,8043,8053,False,ི,False,ད
IDAD44BA2,new,cf592cb9bdf1449685de20dbdf4a13c4,8078,8081,True,་,False,ས
IDAD44BA2,new,943971ab971a460ea0daba5b9d7493e7,8108,8115,True,་,False,པ
IDAD44BA2,new,a3a65789b2ac4c7ba97c6899ea9fbb17,8132,8135,True,་,False,ན
IDAD44BA2,new,966413c733ae4cec83d07b2d5ad6c3f3,8141,8145,True,་,False,ང
IDAD44BA2,new,d3f7ae8ab1624360940e919907efacfc,8160,8170,True,་,False,ས
IDAD44BA2,new,b4ed8d32132a42aeb4c97e387d128bec,8229,8235,True,་,False,ར
IDAD44BA2,new,1194b5f2c4a148c0957679ad66c1cb1d,8243,8252,True, ,False,ང
IDAD44BA2,new,417e169daf314b3baa58d3bce9f03b22,8264,8272,True,་,False,ད
IDAD44BA2,new,0e07f380e1ef4f28a0d55be547106aae,8275,8306,True,་,False,ེ
IDAD44BA2,new,52f362f9c4c94dc3a87e08aa9288e353,8474,8481,True,་,False,ག
IDAD44BA2,new,c85865bd319547f29774462d5824adba,8495,8503,True,་,False,ན
IDAD44BA2,new,f31784220d4d45f481de0ea53d3eeac1,8517,8525,True,་,False,ས
IDAD44BA2,new,ab924f6a1df94b8aa8557e7ba473b860,8644,8656,True,་,False,ེ
IDAD44BA2,new,665e0e4bd3b847e8be4117cef3558128,8676,8680,True,་,False,ར
IDAD44BA2,new,56c50bb2c13044178d9e3186abb523f0,8691,8694,True,་,False,༌
IDAD44BA2,new,8cc42dd4cdc84b6abf67545ab8652f37,8715,8723,True,་,False,ི
IDAD44BA2,new,63f965d54b1b4c768239079a130fc000,8771,8789,True,་,False,ན
IDAD44BA2,new,88d00bf9ebfd4101b16bf253910e8325,8803,8844,True,་,False,ན
IDAD44BA2,new,44245a280cb945dd9599bfb22a97d688,8864,8869,True,་,False,ང
IDAD44BA2,new,259db8f13f074ba2a7b53da178655585,8877,8882,True,་,False,ལ
IDAD44BA2,new,3358915f269447de93886855c6317139,8892,8897,True,་,False,ན
IDAD44BA2,new,1fed76d9b6ac4f5697e47df760873de6,8936,8945,True,་,False,ར
IDAD44BA2,new,c2222d68b8064acba47c391e91cb37b9,8949,8960,True,་,False,ད
IDAD44BA2,new,8cdafe0e499e4bc18d8663e8a6c9665b,8974,8994,True,་,False,འ
IDAD44BA2,new,5b2b430c6d204c54ba907cfa8de62f3a,9022,9033,True,་,False,ི
IDAD44BA2,new,7045abd21f2e448db0724ee1ee0ea7dc,9049,9058,True,་,False,ར
IDAD44BA2,new,045a2e6d489f40418227305551d636cd,9108,9119,True,་,False,ས
IDAD44BA2,new,3ac612254e664f698cf1abce05116437,9181,9189,True,་,False,ད
IDAD44BA2,new,cf8f018863094731b39f621acb4b811e,9198,9209,True,་,False,ས
IDAD44BA2,new,5362fb26690543558e82f4eb22136811,9217,9223,True, ,False,ལ
IDAD44BA2,new,d87496acd833478f95c244927b037a5e,9242,9258,True,་,False,ལ
IDAD44BA2,new,0f3fa9af81fd488ea94a68b603fed750,9283,9290,True,་,False,ང
IDAD44BA2,new,ef6b21e3edae4d579931be196c2cbbc5,9332,9337,True,་,False,ག
IDAD44BA2,new,4c3a69d7a84b4fbebdbdb19b04f321b0,9343,9346,True,་,False,ས
IDAD44BA2,new,3620782b08f94c298ffbdaf04812dc59,9579,9588,True,་,False,ས
IDAD44BA2,new,635e972f090c422287c3ff3ab3c75f70,9597,9649,True, ,False,བ
IDAD44BA2,new,175d3daf6bb846fba52094cd1c5d5c64,9728,9735,True, ,False,ོ
IDAD44BA2,new,9c256172af8445868a9c99b7cae7cefc,9746,9754,True,་,False,ག
IDAD44BA2,new,a7aee22112c54f0b985fb4cbd05d69ce,9759,9775,True,་,False,ས
IDAD44BA2,new,954e35fed7ba485288d4924c0f2e8052,9806,9812,False,པ,False,ས
IDAD44BA2,new,21daa4fbb15c464ca208468951e2a498,9833,9849,True,་,False,ད
IDAD44BA2,new,29f7b484b1bc41a18205631afbc307e4,9915,9923,True,་,False,ས
IDAD44BA2,new,fd2d9d4f94cc4a758f59c3e4ffa3f61e,9941,9953,True,་,False,ར
IDAD44BA2,new,19249531433449b2ae58b74894b19005,9985,9991,True,་,False,ད
IDAD44BA2,new,733a9b51315b4bbba296aa150d0d91a4,9994,9997,True,་,False,༌
IDAD44BA2,new,db4e42f6ca1e4d57b6070837915f53b2,10006,10036,True,་,False,ར
IDAD44BA2,new,d9e7c0999da1422a899d94d768828bc6,10055,10075,True,་,False,ུ
IDAD44BA2,new,cab1b00fd0ec451abcb3db2842c599b9,10237,10243,True,་,False,ར
IDAD44BA2,new,c5085834ffb143129952b0d1a92ba01e,10280,10288,True,་,False,ས
IDAD44BA2,new,a12056c1461b4aaea68a933196ca1512,10292,10295,True,་,False,ན
IDAD44BA2,new,ee7d538fb81d46dc9246e9342192bbb8,10374,10394,True, ,False,ས
IDAD44BA2,new,8b7bc985695e417080c17649b0288ae6,10486,10492,True,་,False,ི
IDAD44BA2,new,25a61d11ddb5462ead9fccffb4e575b6,10564,10572,True, ,False,ི
IDAD44BA2,new,934b4003af464775a9d7182de9ba6ebd,10581,10584,True,་,False,༌
IDAD44BA2,new,aaa1d90cf5e040d0905e46502700a2da,10771,10789,True, ,False,ས
IDAD44BA2,new,eb29bb70fdb2454f94a8bc16d38e7030,10796,10829,True,་,False,ད
IDAD44BA2,new,79e867be47c24cb0a3dd7fee4a1209c9,10844,10855,True,་,False,ན
IDAD44BA2,new,33bac1e8c64f40d5805ede4be038a675,10900,10907,True,་,False,ས
IDAD44BA2,new,3e7f84f99d774be3926a11705cf3b09a,10972,10991,True,་,False,ན
IDAD44BA2,new,fe6c016830f34f16b414b6b31ecd00bb,11198,11204,True,་,False,ད
IDAD44BA2,new,8b5d3c6cdc2f418f8bc14afca856a59c,11313,11348,True,་,False,ང
IDAD44BA2,new,18ae796d36b549d984aae268f114b03e,11353,11360,True,་,False,ི
IDAD44BA2,new,2820e182a12c428eb1bbbbe4475bd251,11442,11451,True,་,False,ན
IDAD44BA2,new,293de04b85e741f8afbbc9ebeed1ca5a,11458,11463,True,་,False,ན
IDAD44BA2,new,d2876f33dfeb4510bf6cfcf27468bcf0,11929,11932,True,\n,False,ི
IDAD44BA2,new,fad4a6faf49f4362b49033ada9126137,11937,11945,True,་,False,ི
IDAD44BA2,new,9c6e36ee731d4af79b0aa88195c16f55,11956,11981,True,་,False,མ
IDAD44BA2,new,a6b130a9f31e432288063302a95a7d1f,11985,11988,True,་,False,ས
IDAD44BA2,new,bdd6b8c3a07f4cae99b8135cb4217c90,12062,12081,True,།,False,བ
IDAD44BA2,new,46ff874cef7f4b84972f2ef001908686,12210,12212,True,\n,False,ང
IDAD44BA2,new,c0f4784baf7240c2afce3de674dbd477,12216,12218,True,་,False,ེ
IDAD44BA2,new,cf4d8d4e316f45a39bf0b6be04fa1fbf,12281,12286,True,་,False,བ
IDAD44BA2,new,f0025f0786e543a79e9c61fff588e6bf,12302,12305,True,་,False,ས
IDAD44BA2,new,8f7f459e9bb34d5696a27b1e090f3117,12327,12338,True, ,False,ག
IDAD44BA2,new,719b8db5bfa2436fb3460330fe8dad7e,12340,12348,False,པ,False,ེ
IDAD44BA2,new,2f01ba65167a4c36874757e242b2907b,12365,12371,True,་,False,ང
IDAD44BA2,new,f7e6d7163f6b4ebba2e5b7a5847bd76c,12397,12403,True,་,False,ས
IDAD44BA2,new,20906fc5e9654c66aef5177994a72289,12408,12411,True,་,False,ན
IDAD44BA2,new,4faf3cc3943747b8aeb8efa7b65b2dd0,12431,12434,True,་,False,ང
IDAD44BA2,new,b3173a416a3b44be9fc19250f21eb928,12445,12450,True,་,False,ར
IDAD44BA2,new,3602e2e20353402e83ba60c6ba0b5e2a,12458,12461,True,་,False,ད
IDAD44BA2,new,3807be8a1f46431d87f25ce2087b7cd8,12475,12487,True,་,False,ད
IDAD44BA2,new,86a6746d9f184d4a9cd5fea56db0f19d,12496,12506,True,་,False,ན
IDAD44BA2,new,75ea09622e094090a107e285e62e3dca,12512,12521,True,་,False,ྱ
IDAD44BA2,new,5c5cf394a0af4fbbaafa3c9d19a68cac,12529,12542,True,་,False,ར
IDAD44BA2,new,4631c5f0d1c5497595e8cac35c9b91f6,12550,12555,True,་,False,ས
IDAD44BA2,new,9c9bd4970806477d84523be1283d7c2b,12568,12571,True,་,False,ན
IDAD44BA2,new,d82eef54850e4e0f8a10bc1579bb5c0a,12583,12589,True,་,False,ས
IDAD44BA2,new,f2894ebc5cce440ab06b6a03176078a0,12598,12605,True,་,False,ི
IDAD44BA2,new,ac2c9bad7b0f43b489190fb665d118c5,12615,12623,True, ,False,ན
IDAD44BA2,new,531efb9c95b94ac092faf1eff284b010,12671,12698,True,་,False,ན
IDAD44BA2,new,a9cdf48b5bb742578e2cba169d295779,12770,12778,True,\n,False,ས
IDAD44BA2,new,0b6eb2a578674299a67d960a6b7a0a85,12883,12901,False,ར,False,ི
IDAD44BA2,new,1ed6262c9cef4e50910010239aec411c,12918,12923,True,་,False,བ
IDAD44BA2,new,2270512de8df40d092d55595e07096ca,13006,13010,True,་,False,ང
IDAD44BA2,new,3b3233bef1ed423cbdf03c7a6bc278c0,13066,13077,True,་,False,བ
IDAD44BA2,new,a2e36dcf2b954bac9279f3138090bacf,13111,13119,True,་,False,ས
IDAD44BA2,new,f2c78d56f9054294aed93cd91190ba78,13132,13144,True,་,False,ད
IDAD44BA2,new,d7e54377ed3148ea9e806d26ce6db03a,13161,13163,True, ,False,ི
IDAD44BA2,new,4d4e2093034d418ab14c907deb0346a4,13183,13186,True,་,False,ད
IDAD44BA2,new,e6a3aabc8f28488ea422a2170ef4fc0e,13212,13215,True,་,False,མ
IDAD44BA2,new,eae3af0d344c40ba977e96a3a32ebe07,13218,13245,True,་,False,ད
IDAD44BA2,new,f727c7f6a40240ac97fc1e0b0383067e,13323,13341,True,\n,False,ེ
IDAD44BA2,new,bb8e38b2d6ed47dda56af6a9d2a7d307,13356,13363,True,་,False,ོ
IDAD44BA2,new,8bb70a8716a9446f9287c5beaef8c0f3,13405,13416,True,་,False,ག
IDAD44BA2,new,394af551cb904e02872d1025c2b97e12,13429,13433,True,་,False,ད
IDAD44BA2,new,762efebc050c450386de21e25e1ea647,13456,13461,True,་,False,ི
IDAD44BA2,new,5c41baebf4d44896991dd869f2fa09b2,13484,13489,True,་,False,ག
IDAD44BA2,new,1c0b571b24474a1cbbecf16608883fd3,13494,13530,True,་,False,ན
IDAD44BA2,new,d05a85311ec24602af99c37cc72464f5,13538,13552,True,་,False,ས
IDAD44BA2,new,0a17dcef8eda4249a3e85abf22459fcb,13638,13646,True,་,False,ཆ
IDAD44BA2,new,df236f35a229485d9f8d331b785c748d,13652,13655,True,་,False,བ
IDAD44BA2,new,9810a4e439584665bf1288a2152578f0,13757,13760,True,་,False,ན
IDAD44BA2,new,5afb8b75c1814d2785bfe704b5868b17,13764,13767,True,་,False,ས
IDAD44BA2,new,0a83b623ec564da99979fe4188b4cc42,13800,13803,True,་,False,ང
IDAD44BA2,new,8f619e655b5e44cf83bdae930a7721d5,13808,13810,True,་,False,ི
IDAD44BA2,new,0f44d452251840119bfec76b5002e3a4,13818,13822,True,་,False,པ
IDAD44BA2,new,a2dcae8221f14df1a2a50c8ed95b6c78,13927,13930,True,་,False,ས
IDAD44BA2,new,d27dfe8035554fe38411bc40209bb295,13936,13954,True,་,False,ས
IDAD44BA2,new,7d33f8a631fc43bfae8de7835132f7c4,14018,14020,True,་,False,ས
IDAD44BA2,new,d8676981d8fe48399315a5a8be04706d,14031,14035,True,་,False,ས
IDAD44BA2,new,b34ba0d03fa8406282adbf2c56e33f9f,14044,14054,True,་,False,ས
IDAD44BA2,new,eeae89d87446485eae625ea7323b0ed1,14057,14060,True,་,False,ད
IDAD44BA2,new,9610e43f407b4cc793fb4b38543a6da1,14069,14072,True,་,False,ི
IDAD44BA2,new,d34a9218056b44b2ba791ffd369833ca,14099,14102,True,་,False,མ
IDAD44BA2,new,6bcad7f106404427a40355718a2269ba,14106,14110,True,་,False,ག
IDAD44BA2,new,aecfe8aa183d417f8813615b6de19e42,14113,14121,True,་,False,ས
IDAD44BA2,new,b67e9436ba12422983ba02829ebd8d99,14125,14131,True,་,False,པ
IDAD44BA2,new,63d4c9fed83a40e29983861638fb2bad,14201,14207,True, ,False,ར
IDAD44BA2,new,335e680030204e4d8c37a9ae89945fa2,14246,14264,True,་,False,ི
IDAD44BA2,new,f85bda6a87114b0d8f96018365b9fe21,14297,14304,True,་,False,པ
IDAD44BA2,new,1a49ed2bc1904a0d892b26456a1e1e80,14353,14357,True,་,False,པ
IDAD44BA2,new,149bb7dffc9c481bb3c51fddaf8d1563,14385,14392,True,་,False,ི
IDAD44BA2,new,14eb56ac255b4aa4ba237f027815e0bc,14398,14408,True,་,False,ས
IDAD44BA2,new,9e4f6b37597140da98f2db892dd941ad,14413,14415,True,་,False,ི
IDAD44BA2,new,8ee705e0046b4691b50311fe9c6d28c3,14441,14444,True,་,False,༌
IDAD44BA2,new,f5902769b1f344eda7f5dcd479ee4610,14467,14489,True,་,False,ར
IDAD44BA2,new,7c593f52b38a4c80b57756661f9464d3,14498,14506,True,་,False,༌
IDAD44BA2,new,3ca0afbdbd334d23b5a47f3fc7439aa9,14524,14528,True,་,False,ར
IDAD44BA2,new,963548aadbd8417abae6562b7917954a,14565,14580,True,་,False,༌
IDAD44BA2,new,69ff86e673bc402dbd5a1d4a883a995b,14599,14608,True,་,False,ན
IDAD44BA2,new,37f07621a27c438382bb4834979d77fe,14612,14615,True,་,False,ད
IDAD44BA2,new,2b2d20d142f449829239b3355ebf368a,14621,14627,False,ེ,False,ས
IDAD44BA2,new,46b9de3040194d6399cc1a3447f47aeb,14634,14642,True,་,False,ི
IDAD44BA2,new,e8e60d5a3268458e8f4a554f6774643c,14648,14668,True,་,False,ར
IDAD44BA2,new,302b2097a5034efca1b707b5082d638c,14692,14703,True,་,False,ན
IDAD44BA2,new,889b164eef0847ad8464bbbf136d3925,14723,14727,True,་,False,ས
IDAD44BA2,new,3216a64e60394135a10a5b7164b94ee3,14783,14795,True,་,False,ར
IDAD44BA2,new,28c550ae04344eab8d04bfb68d77073b,14914,14934,True,་,False,ུ
IDAD44BA2,new,89d796edac80485097090cac47d1464b,15045,15053,True,་,False,ི
IDAD44BA2,new,cd489465a7b644c1b5e631eaaebd02da,15079,15093,True,་,False,ག
IDAD44BA2,new,86ea8eff28094774a8cc66fa132887cf,15160,15165,True,་,False,ག
IDAD44BA2,new,62bddf31b2ff4ec4bf1a56573770494e,15170,15173,True,་,False,ན
IDAD44BA2,new,e587cfce48054cd5b948ec1be6bd1b05,15177,15181,True,་,False,ག
IDAD44BA2,new,3f35975d29c1494b853b18a8f018f05d,15271,15275,True,་,False,ན
IDAD44BA2,new,ea55ffed28754db2946dff66994b5190,15751,15754,True,་,False,ས
IDAD44BA2,new,5ad8795def95421783d01aae5d98e2a9,15759,15763,True,་,False,ད
IDAD44BA2,new,980a5285f01a4aab9bd3a80310879d7c,15828,15834,True,་,False,ས
IDAD44BA2,new,d200b1f7e81c4171a7b99cfe1f368173,15926,15929,True,་,False,ན
IDAD44BA2,new,7fe5e5569e6d4d50902ceb0a12a91ed1,15943,15947,True,་,False,ང
IDAD44BA2,new,7fa54c8d58384c289dfc099d92a653fb,15965,15982,True,་,False,ས
IDAD44BA2,new,2d8f5976e5ed478093528b3dee718c0c,16091,16100,True,་,False,ྔ
IDAD44BA2,new,48c36e8eb2ed4c4f9ee3a000445ca45d,16124,16128,True,་,False,ས
IDAD44BA2,new,75a877f5ca23486a8f7ca1f828538ba9,16136,16144,True,་,False,ར
IDAD44BA2,new,562e5d7e05e84f58be186326e38a2362,16206,16213,True, ,False,ན
IDAD44BA2,new,2a70c426db014e74852d8164acf7c4e8,16223,16228,True,་,False,ེ
IDAD44BA2,new,dcdaec3ec6574eac96b72e60e97cddbf,16234,16238,True,་,False,ག
IDAD44BA2,new,0d96320d8ce44a938d4c7e60dc59a9f6,16241,16244,True,་,False,༌
IDAD44BA2,new,8b458b18823e47cc80da3c246a897caf,16290,16328,True,་,False,ར
IDAD44BA2,new,9c74ab6ca2924ae99b6cf1b7976a5336,16331,16337,True,་,False,ད
IDAD44BA2,new,655e238a780341fe939e789ccae893e8,16390,16410,True,་,False,ས
IDAD44BA2,new,0d07507cd3f34088b1435e3cf111fcf3,16456,16471,True,་,False,ུ
IDAD44BA2,new,79c8c07757734cf990147a1e24f720b3,16486,16503,True,་,False,ག
IDAD44BA2,new,87bd266b3aeb4445b41ad4080f2093cc,16507,16510,True,་,False,ད
IDAD44BA2,new,bc790bf6f2834d51a3cf2804b8c0110d,16513,16516,True,་,False,མ
IDAD44BA2,new,0d779378e922482cb1df552f2e2a2092,16530,16532,True,་,False,ས
IDAD44BA2,new,810515ddb2f5423a98d0b46235dba1dd,16535,16560,True,་,False,ན
IDAD44BA2,new,5a0933646588406d916c8608e86639ce,16589,16595,True,་,False,ི
IDAD44BA2,new,76f798571486429bae29bfed09f8bd22,16608,16628,True,་,False,ོ
IDAD44BA2,new,a40f5d05ce1b42b085763466831c3796,16693,16697,True,་,False,ས
IDAD44BA2,new,491e3b05e1ec491cafbecded449b0095,16711,16714,True, ,False,ད
IDAD44BA2,new,e72e95f123f648149852a3af1cb5bb2b,16741,16752,True,་,False,ས
IDAD44BA2,new,441c40b2435a46ac8221f98fa70a25b5,16781,16789,True,་,False,མ
IDAD44BA2,new,d1971197aa6f4946ad77d31348297e92,16799,16804,True,་,False,པ
IDAD44BA2,new,24eca90001a34e5bbf8dbdbea27fe9a0,16816,16826,True,་,False,ས
IDAD44BA2,new,56d32de5220d4e118fd8d4d58df6aef7,16829,16835,False,ི,False,ས
IDAD44BA2,new,d3bf8fb30b9c47988ef5085d1dd1bdc9,16847,16853,True,་,False,ས
IDAD44BA2,new,bf1d11d5518e4145b279200eaea2e0bd,16864,16869,True,་,False,ས
IDAD44BA2,new,29e6568cc3c141ca85dfa547aa38df6e,16879,16882,True,་,False,ལ
IDAD44BA2,new,462634e2f6194652864aee4a4369a373,16921,16936,True,་,False,བ
IDAD44BA2,new,9032bc5ca4b1493198f9034d6435dddc,16946,16949,True,་,False,ས
IDAD44BA2,new,7c0622f7271d444181c6efe16cb24573,16972,16975,True, ,False,ག
IDAD44BA2,new,d80a8c68f3ec4644aae1828ca937cbc6,16980,16983,True,་,False,ད
IDAD44BA2,new,1f0e519a95614075bcf17a1475c3f432,16995,17005,True,་,False,ག
IDAD44BA2,new,814ec930041b4b8ca43c38c1acd8ec54,17008,17015,True,་,False,ད
IDAD44BA2,new,4043ad4ffef5419ab9847e2bd7050507,17070,17088,True,་,False,པ
IDAD44BA2,new,197afe413cb64eb7b2dd1e100bd260c2,17115,17124,True, ,False,ད
IDAD44BA2,new,a5a744a4640c46d4abc4d1f8d1faa607,17129,17138,True,་,False,ད
IDAD44BA2,new,09db2a76d6b14555816aa62c23a3ec19,17161,17167,True, ,False,བ
IDAD44BA2,new,00e78b71a385424f8000c9dcf036d456,17182,17183,False,པ,False,ས
IDAD44BA2,new,8c249ddc86c9429b831a55d4d0ee6f4e,17224,17250,True,་,False,ན
IDAD44BA2,new,872e0c4b2fae4cd7a1193d1fdbc9ff14,17262,17267,True,།,False,ེ
IDAD44BA2,new,7cba21675631483babc611ae361df214,17281,17287,True,་,False,ང
IDAD44BA2,new,4d754459a3fd422ea879b77ab3ba9a3c,17296,17302,True,་,False,ས
IDAD44BA2,new,95a7515fb56949b798be626015f4c76f,17313,17315,True,་,False,ྐ
IDAD44BA2,new,dc8c8af433f6478381acc078698282fc,17355,17358,True,་,False,ན
IDAD44BA2,new,2496ae17ae814e83ae78e26c727cfe86,17364,17376,True,་,False,ུ
IDAD44BA2,new,5bb9f1af500c4e8ba32016dd7f69bc18,17388,17402,True,་,False,ད
IDAD44BA2,new,9a26f81667364be88c9c0a3394eb273d,17558,17596,True,་,False,ན
IDAD44BA2,new,a66a9bec633247afbd3ef217d35d2508,17600,17604,True,་,False,ར
IDAD44BA2,new,8265a634642d4b96a50b215f8052b0f5,17610,17618,True,་,False,ས
IDAD44BA2,new,607bddd76bda409dadaa8495db5b1330,17658,17662,True,་,False,ས
IDAD44BA2,new,bae4602c2ec34048b4da4272f3d0f5fa,17686,17689,True,་,False,ད
IDAD44BA2,new,cdbce68dcfab45eda7fca56998fd3620,17726,17736,True,་,False,ན
IDAD44BA2,new,d2bc1cf1c04142c693602dada5f1bea7,17739,17741,True,་,False,ང
IDAD44BA2,new,d1396fb11f4f421ba68242174bbfd92f,17751,17760,True,་,False,ི
IDAD44BA2,new,1ef0a087ae504404ba4103e3159c3187,17779,17782,True,་,False,ན
IDAD44BA2,new,403a44bdf093487aa7561af0e29e2fe9,17844,17847,True,་,False,ི
IDAD44BA2,new,8f7ea252de0e4df18411d134b46e4149,17850,17853,True,་,False,ད
IDAD44BA2,new,e719b677f59546a49dfe9951e5f6a47d,17882,17890,True,་,False,ི
IDAD44BA2,new,0d7ed2c10bc64435b9fc616dac4ede9e,17909,17923,True,་,False,ད
IDAD44BA2,new,229733db200641d6a4dbc7cc8e2e080d,18030,18034,True,་,False,ག
IDAD44BA2,new,0ba31fe2ecfe40418df4825bcd2208cd,18039,18047,True,་,False,ག
IDAD44BA2,new,5c59e36249ab4ee08d9160b422c88125,18053,18058,True,་,False,ས
IDAD44BA2,new,129418e714c946ce82309b6a0e4cd80b,18084,18094,True,་,False,ན
IDAD44BA2,new,711d29465b604e58b63b4ba664ee8523,18098,18102,True,་,False,ག
IDAD44BA2,new,65ccc115c23740b08b93ea0e6e749408,18337,18359,True,་,False,ོ
IDAD44BA2,new,aa38f1c64c2546b1886d3b09dd995b54,18459,18479,True,་,False,ས
IDAD44BA2,new,34cf4322da2e4ca4bac40a84f7f0ea22,18685,18691,True, ,False,མ
IDAD44BA2,new,f4fb770ec46c46d08e8108fda41fff7c,18696,18703,True,་,False,ི
IDAD44BA2,new,78f7a758bbaf438ca88507cf09a3c78f,18738,18743,True,་,False,ས
IDAD44BA2,new,e9c15e98d4ec4542bf24285dfe241c05,18746,18750,True,་,False,ས
IDAD44BA2,new,67f3e5e81cf94e09b69f987ec8358e4d,18760,18783,True,་,False,ས
IDAD44BA2,new,e4fa902c345f498f8c486120a0c8eadf,18826,18837,True,་,False,ུ
IDAD44BA2,new,c88a02958fc74023b68a2e7f663e0db9,18875,18881,True,་,False,ས
IDAD44BA2,new,b952a35c0ab649299533b6cb54aea998,18913,18918,True,་,False,ལ
IDAD44BA2,new,7eae1f16e2e14144a8235daa4624fa4a,18935,18942,True,་,False,ར
IDAD44BA2,new,ce7fd8184f9b4ea283a874aa61cc06a6,18946,18951,True,་,False,ར
IDAD44BA2,new,0287fbe6212c49aa9efd2f12a3912c46,18975,18983,True,་,False,ས
IDAD44BA2,new,f8b08ebd048b401eb6baa12bd3e625f7,18993,19006,True,་,False,ས
IDAD44BA2,new,af8ecd8d1eaf456da2dac2a0700f8fcd,19020,19026,True,་,False,ག
IDAD44BA2,new,c7fcaadc9cf8441e9f708fe2d5733ef7,19101,19104,True,་,False,མ
IDAD44BA2,new,e4dae621f7a3478dbc7344940638d385,19108,19111,True,་,False,ས
IDAD44BA2,new,a29f9d18c5084ac19ab228eb73813127,19186,19192,True,་,False,ས
IDAD44BA2,new,b9a897eda3304ba38c2604fe3d0f6d5c,19208,19213,True,་,False,ད
IDAD44BA2,new,08c24f9ec2be4f1d9bd73a6d9f32340c,19249,19262,True,་,False,ས
IDAD44BA2,new,733ba04e45f949ca847f6da246310c15,19306,19310,True,་,False,ལ
IDAD44BA2,new,0ae5bc2b567142cfbe6dc3d6643274df,19314,19326,True,་,False,ི
IDAD44BA2,new,0e7dd68d94974f358c6c28b41a2bab32,19341,19351,True,་,False,ལ
IDAD44BA2,new,649a5ecd536940bba984fd8f4cbfc27b,19385,19392,True,་,False,ང
IDAD44BA2,new,07848ce7538f43cf954bac08bf03d720,19418,19426,True,་,False,ས
IDAD44BA2,new,2a2a5ecd9a404b4e82723694d0abafab,19506,19521,True,་,False,ི
IDAD44BA2,new,1cf645d8fe38410aa65853e657cab934,19540,19550,True,་,False,ུ
IDDB46142,new,b030ba48abe243d18723de2f0eb6d57e,4046,4102,True,་,False,ལ
IE166DA22,new,42bddc3306ba4eda94485ed173533d20,15401,15433,True,་,False,ུ
IE166DA22,new,e7710aa535134570b93daeb46f4ca7c3,15481,15513,True,་,False,ུ
IE166DA22,new,0068b2245dc44a7095e8110a59a8b9ba,15549,15581,True,་,False,ུ
IE166DA22,new,78712b0b395f454da3fd503fc0199c63,15655,15687,True,་,False,ུ
IE2421BEA,new,a6e9dd23bb6b4f53b270afe6cb669ca5,143884,143984,True,\n,False,ག
IE2421BEA,new,a13cccb5bbee4b3ebe40daf4452e3d80,143986,144094,True,\n,False,ར
IE2421BEA,new,8871944a60b7439aa1f555729627e15b,144096,144203,True,\n,False,ར
IE2421BEA,new,97438106535a4cdd87881009be0a0ae8,152722,152888,True,\n,False,ན
IE5895799,new,21944ecbb00845c0a46f91ac56d7fc4b,31072,31491,True,\n,False,ག
IE5895799,new,b0cc5c35ff004fc49940430e199612ca,180849,181001,True,\n,False,ག
IE5895799,new,feadda89e8604de09f64d980a140f01b,239497,239616,True,\n,False,ག
IE79CC998,new,963a8d4d5faf4999bc87eda4729f0dcc,9000,9025,True,་,False,ས
IE79CC998,new,a6395f35656c4a8c9a95a4da68edd229,9076,9109,True,་,False,ན
IEE67309C,new,188a677dd68449e58c32d4d203d180ff,101018,101098,True,\n,False,ྱ
IEE67309C,new,2e37f391477d4df5baf1a96de317dd4a,101604,101763,True,\n,False,ེ
IEE67309C,new,cdea041f63c54a8882bd896bb830c0d0,105777,106043,True,\n,False,ད
IEE67309C,new,980dabc7cdd94675a8d8d2f621ef9b6a,107297,107550,True,\n,False,ྱ
IEE67309C,new,4415cfb4c78c4a98bfd75d98d278c4dc,107652,107761,True,\n,False,ོ
IEE67309C,new,1b92489520fc4598a4ac029d8b47f970,107792,107903,True,\n,False,ོ
IEE67309C,new,1bdbaee78e704f649d7faf42352dbe5f,108218,108365,True,\n,False,ས
IEE67309C,new,ea292912b35b454ebc1d7abe5a3c4083,108419,108545,True,\n,False,ོ
IEE67309C,new,729a6de571f24592a1d01a2785cbedee,109350,109980,True,\n,False,མ
IEE67309C,new,06cb0a0987ef4bd9b7460e5b2ab796fd,110011,110248,True,\n,False,ས
IEE67309C,new,7151932809f94e9793affba063a71594,112073,112556,True,\n,False,ཱ
IEE67309C,new,a96c43bc56874978986039a88019e9e9,112720,112949,True,\n,False,ྃ
IEE67309C,new,bb30b5b0a2d54cdd9d4a6f5b21a76bb0,113966,114176,True,\n,False,ྱ
IEE67309C,new,3cbe45bf286f4cfb87d83d49d723170d,114934,115790,True,\n,False,མ
IEE67309C,new,40e88df8edbc44f1a9648d09fad82574,115792,115952,True,\n,False,ས
IEE67309C,new,394be0b3cfaa41a59687c3bf480f28fc,116498,116979,True,\n,False,ཱ
IEE67309C,new,8d3c6ea4f5314b979b71ac7c0f0fb88e,117054,117326,True,\n,False,ཊ
IEE67309C,new,4cbd998aad2243f497ed5540ead891ca,118415,118750,True,\n,False,བ
IEE67309C,new,756a4af78e264938a9c1863c8106e2dc,118800,118961,True,\n,False,ས
IEE67309C,new,abe9f3530b824383b3579b39ebcdc6ad,126397,126546,True,\n,False,ག
IEEBAD11E,new,7b7b2060111043bab75f2252217a54ca,3275,3300,True,་,False,ས
IEEBAD11E,new,c8d19ea284424398afbfe4980f4e7187,3351,3366,True,་,False,པ
IEF3A4022,new,521aae2e01f64075a9759b832b8687ff,44310,44338,True,\n,False,ར
IF3ACC3E1,new,319c40a6a0cd4d5d87f196a584900a14,707,732,True,་,False,ི
IF3ACC3E1,new,956d054fe603463ab6b685781a327fc5,873,882,True,་,False,ས
IF3ACC3E1,new,7ce2e5ed69d44304b1182aeb8e72fd8f,949,952,True,་,False,ས
IF3ACC3E1,new,8f9389b9443d4bdcbec9be8a59e7abb4,981,985,True,་,False,ས
IF3ACC3E1,new,9b58ff99d1f8443586c15083cf0a7d9c,1037,1040,True,་,False,༌
IF3ACC3E1,new,09388d6ad2814f6d98aa345647d76fd1,1075,1082,True,་,False,བ
IF3ACC3E1,new,3b0965f0207a4475a7403c2ca2daea3f,1129,1137,True,་,False,འ
IF3ACC3E1,new,28b66820ca754bef8f524e3f89bc76fd,1145,1153,True,་,False,ལ
IF3ACC3E1,new,c28b08c5162d4bd689c8fda459df8b15,1480,1483,True,་,False,ག
IF3ACC3E1,new,99be1ea675c14a5aaeea94504c7febce,1486,1489,True,་,False,ད
IF3ACC3E1,new,a812e0f15bca47cb849792f3787a4650,1493,1501,True,་,False,ང
IF3ACC3E1,new,477d3340f12a4900ae5d67c35855f761,1644,1659,True,་,False,ག
IF3ACC3E1,new,f85d0aaa3f654d578f5de2a71c097f06,1698,1712,True,་,False,ན
IF3ACC3E1,new,332a1f29c9404c68bf52cb8607454f43,1776,1779,True,་,False,ག
IF3ACC3E1,new,adda74034cd64c12800cf052b791dad4,1782,1785,True,་,False,ད
IF3ACC3E1,new,5a03b0aa22944fff98be57926abe6994,1809,1827,True,་,False,ས
IF3ACC3E1,new,f98714d6fa6d4e79a503941b69a80c29,1832,1836,True,་,False,ར
IF3ACC3E1,new,91f3be5ee0724786af4c42438f5e4c34,1884,1913,True,་,False,ི
IF3ACC3E1,new,95c37ec898d54db290e6fb7b5cc3cbf2,1947,1955,True,་,False,ི
IF3ACC3E1,new,52ebb54de7ca4eb1945052bfe0beee95,2002,2012,True,་,False,ས
IF3ACC3E1,new,6473ef2d044c4b00abe6541055bc190b,2220,2240,True,་,False,ས
IF3ACC3E1,new,646c2bfea95b4007aaad63c936a7e2b8,2363,2372,True,་,False,ས
IF3ACC3E1,new,bcdaa61c0f1a4ace951e58c84dada415,2485,2489,True,་,False,ོ
IF3ACC3E1,new,71cc9881d4db4074af8dcdea32e61a7c,2614,2619,True,་,False,ན
IF3ACC3E1,new,e552013e2e5343b79d22e895c245c6f2,2623,2628,True,་,False,པ
IF3ACC3E1,new,de121289e658445dacf12b229b1435b5,2635,2652,False,ོ,True, 
IF3ACC3E1,new,119db35cfce9410fa147d712ef2ccd3d,2694,2709,True,་,False,ི
IF3ACC3E1,new,7f746659168d45fea88bc20d93c9c0d3,2752,2764,True,་,False,ད
IF3ACC3E1,new,bfda23f8024042c5a9705dd5fb3a334c,2767,2785,False,ེ,False,ར
IF3ACC3E1,new,8a3a2ffc22364430bc3602afe9b72a69,2800,2813,True,་,False,བ
IF3ACC3E1,new,765f4c79524c41cdaf3ddde05e2ba48c,2827,2833,True,་,False,ད
IF3ACC3E1,new,f2400d7f8cda4270889790e5f70a8d11,2843,2848,True,་,False,ན
IF3ACC3E1,new,defa287093124b9f8fad08134941091a,2867,2875,True,་,False,ས
IF3ACC3E1,new,23b85166c0fc4702bdf5b5feb8d021ea,3343,3355,True,་,False,ན
IF3ACC3E1,new,0eac6c5c7c56464e9e8b85ae6ea0086a,3435,3444,True,་,False,ད
IF3ACC3E1,new,f09b774b608d45d09562dee4411370f4,3485,3491,True,་,False,ི
IF3ACC3E1,new,3aec5ef526174192b034c40951a263ac,3521,3528,True,་,False,ག
IF3ACC3E1,new,80578861c0974edca5e694eb548f606f,3547,3550,True,་,False,ན
IF3ACC3E1,new,bddaf82b89da4080bbb0a8ab088d594c,3555,3578,True,་,False,ན
IF3ACC3E1,new,7af3189718b64a29a1761e92f77c1b6a,3656,3659,True,\n,False,ས
IF3ACC3E1,new,a71ecd07eb294fb28b61232d2af56264,3694,3701,True,་,False,ད
IF3ACC3E1,new,b578a2a51c674a7bb796b3214abb9fee,3704,3706,True,་,False,ོ
IF3ACC3E1,new,4b5d1648f94a44eeab675ff5697af5bf,3711,3714,True,་,False,ད
IF3ACC3E1,new,798cc9bf63794324bd263a7101548d86,3734,3745,True,་,False,ང
IF3ACC3E1,new,b66a47307a22427494bc875776ec1575,3763,3766,True,་,False,ན
IF3ACC3E1,new,d5c8f23d49a847d39850074766760422,3783,3797,True,་,False,ད
IF3ACC3E1,new,a0235fbb8d4046edafd2e7c5f8f631bb,3801,3806,True,་,False,ད
IF3ACC3E1,new,b41ae5e714ac40ea9567b8f19d1b8a1a,3861,3867,True,་,False,ི
IF3ACC3E1,new,e5de498a8e924e6bb623ecb185e4724c,3875,3879,True,་,False,ར
IF3ACC3E1,new,35333c97378b494e9a29c64ac676bde4,3882,3885,True,་,False,༌
IF3ACC3E1,new,59ac3e29e41f45cc854e981e2edf8e75,3892,3897,True,་,False,ན
IF3ACC3E1,new,8ace17a0e3c5444bbda0ad916bf94d46,3901,3920,True,་,False,ང
IF3ACC3E1,new,667dc71907bf4afebdd4db2e9eede150,3923,3930,True,་,False,པ
IF3ACC3E1,new,9edc302b9ddf46d9bf0df523f7c679d7,3973,3985,True,་,False,ས
IF3ACC3E1,new,224f308e2970463f8dfdd29059f8b73c,3990,3995,True,་,False,ས
IF3ACC3E1,new,67ae08f7a1574a54b71d6ac1f59ae617,4000,4010,True,་,False,ག
IF3ACC3E1,new,347deba7898144c9aafd1366cc63fcde,4023,4028,True,་,False,ས
IF3ACC3E1,new,499cb00a250f479d969d0f06f8fc8a20,4031,4043,True,་,False,ན
IF3ACC3E1,new,faef1ff9882c4584807637c37766226c,4073,4087,True,་,False,བ
IF3ACC3E1,new,638764774c954cb5a2955bc83e086457,4124,4130,True,་,False,ད
IF3ACC3E1,new,c7f9376ad0fd4601a5b6a1a89c1db2d8,4135,4143,True,་,False,ན
IF3ACC3E1,new,9e534f04698a4878a43d19febcdaa643,4146,4174,False,ེ,False,ར
IF3ACC3E1,new,7e6209f4dcc84186a314559a952fe884,4202,4205,True,་,False,ད
IF3ACC3E1,new,379d690145004915820f048ee58a9fbd,4275,4281,True, ,False,ི
IF3ACC3E1,new,68e92e2def57423e933b3f2eb5a1fb23,4291,4307,True,་,False,ོ
IF3ACC3E1,new,b9ec7465bb3141058fffa6e09b1e9ab3,4315,4326,True,་,False,ག
IF3ACC3E1,new,3c1a86dc59274f50bfd2f5c23295016b,4329,4334,True,་,False,ན
IF3ACC3E1,new,e7bad0f5b3a94fc8b6d37605a35b8199,4339,4342,True,་,False,ན
IF3ACC3E1,new,a54efbc02bc547c5b5a8a742dc98214a,4346,4350,True,་,False,ག
IF3ACC3E1,new,2bcd3307409d42c69a07b321e6491cd9,4412,4421,True,་,False,ས
IF3ACC3E1,new,40fe3bae195a4d0085b661c6093dc6f6,4434,4436,True,་,False,ྱ
IF3ACC3E1,new,33593fac33a247ccb316bb7d0168d874,4446,4455,True,་,False,བ
IF3ACC3E1,new,2d32238b88fd474d88fc1b6f84c26e4a,4459,4462,True,་,False,ས
IF3ACC3E1,new,59421457ae0249af9cbf1d83bdb80634,4720,4731,True,་,False,ད
IF3ACC3E1,new,cf28fbee49234e88a4b3b6956db20457,4801,4806,True,་,False,ར
IF3ACC3E1,new,528a747ad29c4726ab180810c77fe922,4849,4862,True,་,False,ག
IF3ACC3E1,new,5ad352ddd03a46c094298a3cd490a53b,4867,4879,True,་,False,ས
IF3ACC3E1,new,ac936e7ccf634105b2875e4301cbff25,4905,4912,True,་,False,ང
IF3ACC3E1,new,220768467e58431293275c481bac1286,4930,4934,True,་,False,ར
IF3ACC3E1,new,85981ead55d54f048942267fc41cddf7,4992,5002,True,་,False,ན
IF3ACC3E1,new,ecfb666eaf644f73894ddb3582e84708,5074,5080,True,་,False,ད
IF3ACC3E1,new,5cd89ae560a241c88ae4c4cc96c4fa0f,5139,5142,True,་,False,ལ
IF3ACC3E1,new,6272b288744d49a59ddc0b12ae1b0aaa,5193,5194,True,་,False,ན
IF3ACC3E1,new,e06cec07830040f5a2af126da0530069,5204,5209,True,་,False,ན
IF3ACC3E1,new,fbb01d58fe4e47f6acc3b5ba58791de8,5213,5216,True,་,False,ས
IF3ACC3E1,new,0807a04ee8e64623921962f62c259ee0,5250,5254,True,་,False,ལ
IF3ACC3E1,new,92f053dea170402e897d25778260589c,5264,5267,True,་,False,མ
IF3ACC3E1,new,0926a965e26342a59bd38251ff6bb410,5276,5284,False,པ,False,ད
IF3ACC3E1,new,b8ccaa44a8b24540b07b7ba260fc9e53,5288,5291,True,་,False,ས
IF3ACC3E1,new,f6619eb12fd340c089353a83a057236b,5580,5583,True,་,False,ག
IF3ACC3E1,new,927cd4295303419994cbdc996dc2ca9c,5589,5592,True,་,False,འ
IF3ACC3E1,new,fddcbaaf7f064b6f9d2be295dada1132,5617,5620,True,་,False,ན
IF3ACC3E1,new,0d09e19399954f5996d14fe4c094d06f,5624,5628,True,་,False,ག
IF3ACC3E1,new,a2a4d29aa961479cb4a5cf7be9154451,5644,5655,True,་,False,ན
IF3ACC3E1,new,8cb65d5f6ac84eaa9ea34fabd91e9be5,5778,5786,True,་,False,ད
IF3ACC3E1,new,a31c728e29de4283ae86e8d8a98e5352,5798,5811,True,་,False,བ
IF3ACC3E1,new,f60676a01ee040efb64365ea38ceaf11,5821,5841,True,་,False,ས
IF3ACC3E1,new,1fa2c00643c94a259919f6963e95f9b6,5877,5883,True,་,False,ས
IF3ACC3E1,new,9f99418fa444468aa83df8175343348a,5895,5901,True,་,False,ོ
IF3ACC3E1,new,48a89aa091b640dea174b347586ba95d,5976,5979,True,་,False,ས
IF3ACC3E1,new,786f847321394397ba9a08c8f0a2cb17,6025,6034,True,་,False,ད
IF3ACC3E1,new,f09c808e56e74a719d113d09bc0ccea6,6122,6126,True,་,False,ས
IF3ACC3E1,new,91e0be3bdbb645159ed40ed20a58f03a,6130,6133,True,་,False,ང
IF3ACC3E1,new,ee6326d217f643398d3a9971e9606dc5,6138,6145,True,་,False,ན
IF3ACC3E1,new,837ba97dc07241eb995e66dd040e12a8,6194,6204,True,་,False,ན
IF3ACC3E1,new,5d8cc49eedaa42a887d8178921704b8f,6420,6424,True,་,False,ལ
IF3ACC3E1,new,a748fc0f2b2f488c98b1869b47fa23c6,6460,6476,True,་,False,ན
IF3ACC3E1,new,67fab6a44a0749d98226b552d1b89cc7,6490,6495,True,་,False,ལ
IF3ACC3E1,new,0d9c99156a57475288f47c505b4c02d7,6580,6582,True,་,False,ང
IF3ACC3E1,new,783e0d5ce059424e8bbca8b915ea6857,6595,6598,True,་,False,ང
IF3ACC3E1,new,8fab06b9dae44bf2bafc99674e867384,6620,6631,True,་,False,ད
IF3ACC3E1,new,e127c99ffdfa4957bca45737612cccfb,6635,6638,True,་,False,ག
IF3ACC3E1,new,67ee5f4b1e6e44a79f5ff9e2d9fcaba2,6646,6651,False,ལ,False,ང
IF3ACC3E1,new,aaef3852ec4346cb89e58daa31a36451,6661,6664,True,་,False,ང
IF3ACC3E1,new,410e0d93e2b5445aab613272beceee81,6682,6702,True,་,False,ང
IF3ACC3E1,new,2e0f5a5b1e3140d1bfd6514c72439246,6759,6763,True,་,False,ས
IF3ACC3E1,new,6841281ca84d47b7a499334fe55abf98,6767,6771,True,་,False,ན
IF3ACC3E1,new,fa846546a05e4bfa978daae9805d18f6,6815,6830,True,་,False,མ
IF3ACC3E1,new,c7b984ed6ef140acb490c5ac40230dd1,6904,6906,True,\n,False,ེ
IF3ACC3E1,new,7c8d5281d0e9422da39e26442561b8c6,6950,6953,True,་,False,ས
IF3ACC3E1,new,d79e2b492e8a4224928ad3deaccce0e1,7009,7017,True,་,False,ད
IF3ACC3E1,new,f918ba8305bd4bd6905465c500dcbfc5,7043,7047,True,་,False,ག
IF3ACC3E1,new,aa885a53d4ba476da57f5c49fe45ab75,7050,7052,True,་,False,ེ
IF3ACC3E1,new,fb5f9ebb165245c1b3eb9281c140bacd,7075,7078,True,་,False,ན
IF3ACC3E1,new,30c956fda0da4a638d997ec8e3c728f8,7185,7193,True,་,False,ད
IF3ACC3E1,new,4e45891f44a6416d9ce92bbb182fa966,7222,7228,True,་,False,པ
IF3ACC3E1,new,e66f9245b59441f395681457ca5b4025,7235,7253,False,ོ,True, 
IF3ACC3E1,new,8c51f3845a734e46a2f9a0b13da332ae,7402,7412,True,་,False,ས
IF3ACC3E1,new,b4b3e13fdfe649cfae6775415d6ae0b3,7482,7483,True,་,False,ཆ
IF3ACC3E1,new,f992982b1f5f460088e89494ffef0b12,7491,7495,True,་,False,ས
IF3ACC3E1,new,f8a0060f96c548fe8572b9c219edef64,7539,7543,True,་,False,ང
IF3ACC3E1,new,8f86544a550d49ff8e29c6244799cbe2,7553,7558,True,་,False,ས
IF3ACC3E1,new,dc5681157c434707a4a42be77d8eb255,7581,7592,True,་,False,ང
IF3ACC3E1,new,d5858917f8844a9e8b81a51b7c56afef,7602,7618,True,་,False,མ
IF3ACC3E1,new,69be9e74d86f4d86bce300f6c446056d,7732,7739,True, ,False,ང
IF3ACC3E1,new,60f28580bb28405c9ed8961488b9b538,7770,7774,True,་,False,ན
IF3ACC3E1,new,d8c1036269b44a989a24935f132ed3d8,7778,7781,True,་,False,ན
IF3ACC3E1,new,7d8a47d24baa47ef899c166f9c28ccc7,7784,7787,True,་,False,ག
IF3ACC3E1,new,de1930979e6f476496e56ef9ced6e797,7792,7796,True,་,False,ར
IF3ACC3E1,new,03869fb2521247db94aee987cbc86dbc,7914,7919,True,་,False,ས
IF3ACC3E1,new,09081e602f514430971937e6a1e4ca74,8071,8077,True,་,False,ད
IF3ACC3E1,new,0c02a119fe1a4c9baf46700de44d9817,8131,8135,True,་,False,ན
IF3ACC3E1,new,71b3324bfd3749c281506a513da4b12f,8138,8141,True,་,False,ན
IF3ACC3E1,new,49afb273e17b4f8e82a343188adc6d9c,8193,8197,True,་,False,ན
IF3ACC3E1,new,b975aaa410264641a8f7cfbc01a6d8e9,8218,8220,True,་,False,ུ
IF3ACC3E1,new,a010935039a148d7a002441407a24b97,8236,8238,True,་,False,ླ
IF3ACC3E1,new,cbee4fa6efdb43238392dbd88a4b493e,8315,8319,True,་,False,ན
IF3ACC3E1,new,539a4b3d727f474a8987c5b6e26a12af,8547,8549,True,་,False,ུ
IF3ACC3E1,new,977f8898b599471887da97d7c6371ae0,8677,8680,True,་,False,ས
IF3ACC3E1,new,e9a2c52454fd44c091d4f13bca76609a,8700,8704,True,་,False,ས
IF3ACC3E1,new,1bc8711bbb914c4ababb0987d4c35e09,8719,8723,True,་,False,ད
IF3ACC3E1,new,422c9759c77445809f7005db499f4298,8800,8804,True,་,False,ལ
IF3ACC3E1,new,6864aec53f77428b9302073f960a3f4e,8814,8841,True,་,False,ས
IF3ACC3E1,new,82d6449339bb402c9d720800357cc403,8886,8902,True, ,False,ོ
IF3ACC3E1,new,623c7390f448416fb3a739f77122b0a5,9162,9175,True,་,False,པ
IF3ACC3E1,new,48d0db363c9b4532b9e5aec28ae313b7,9190,9199,True,་,False,ད
IF3ACC3E1,new,074df9aacc4d4768a51b5247388eb285,9270,9288,True,་,False,ས
IF3ACC3E1,new,4b96b72688434d9397a24755cfb3814d,9293,9298,True,་,False,ང
IF3ACC3E1,new,19647416451b4907a9a63e12dea1ae5a,9446,9456,True, ,False,མ
IF3ACC3E1,new,c15c4b5b1a1844c78097954d1e2b197b,9481,9490,True,་,False,ད
IF3ACC3E1,new,29b24d3f81ed48f7b9e6204a0339332d,9568,9576,True,་,False,ས
IF3ACC3E1,new,b9323f0dd6a44f42a0b7e6ab8da1b744,9592,9601,True,་,False,ན
IF3ACC3E1,new,c3610cff385742b9afeffc2cd826853f,9631,9637,True,་,False,ས
IF3ACC3E1,new,21f9c403101248598c8015d903b5ba69,9715,9721,True,་,False,ད
IF3ACC3E1,new,1e95a59b498143f5b25ef51b47b734b2,9805,9811,True,་,False,ན
IF3ACC3E1,new,3a9ad98f927747a7b15c448156ad41a1,9891,9903,True,་,False,ེ
IF3ACC3E1,new,3b4d6df717134aeeb7f543584ed62808,9923,9947,True,་,False,ར
IF3ACC3E1,new,1b4fcce9e8d04915bbfd35a183aafd00,9970,9981,True,་,False,ན
IF3ACC3E1,new,0a82d1c952994355a8d068e9152f52eb,10294,10301,True,་,False,༌
IF3ACC3E1,new,851d9350ad3e4a42b930a5f1d3607db3,10334,10341,True,་,False,ན
IF3ACC3E1,new,dd293864e5414f44a52ac0ddcc92f6c0,10374,10376,True, ,False,ས
IF3ACC3E1,new,bf26539480c140009e952e4edf830e3d,10382,10385,True,་,False,ས
IF3ACC3E1,new,d63d5a9a4381408ab415cd6a5d54363d,10406,10414,True,་,False,ན
IF3ACC3E1,new,9d5a6e7de393429faba1c6358fd5fb9a,10429,10432,True, ,False,ས
IF3ACC3E1,new,36cf080465c840f997ec1894d9938214,10438,10440,True,་,False,ང
IF3ACC3E1,new,b1310420bdf74a3f96845b425f970449,10495,10504,True, ,False,ང
IF3ACC3E1,new,2c5140f188184fd49cc633dc521f6b41,10553,10561,False,༤,False,པ
IF3ACC3E1,new,d89bebd2dc1c477e900755f2c7c303d9,10604,10614,True,་,False,༥
IF3ACC3E1,new,e48d10daa3c440c3a602ec2437634bcc,10665,10685,True,་,False,མ
IF3ACC3E1,new,8a0da6b77dbc42d4bc72ff68172bce84,10702,10706,True,་,False,༦
IF3ACC3E1,new,b5fc50fac29748f0aa238583c83f28e7,10733,10740,True,་,False,ན
IF3ACC3E1,new,78b2dc13a3f44d15b013c62a3e365dfe,10820,10829,True,་,False,ག
IF3ACC3E1,new,5b2a3cdfbced464c80a59579edb43eb9,10908,10916,True,་,False,ས
IF3ACC3E1,new,c12e9fbd65764ed1acfcb6b12ef46775,10920,10923,True,་,False,ན
IF3ACC3E1,new,6fb3c8541be94f4995107b9a9ba21ca3,11002,11007,True,་,False,ས
IF3ACC3E1,new,e1e0638fe122469cb07629f970c5b7ac,11060,11062,True,་,False,ེ
IF3ACC3E1,new,10e6cbca923540b38673c5331c83a0ca,11065,11070,True,་,False,ན
IF3ACC3E1,new,b5f96b4160e74207a21b7c745ebadb0a,11075,11087,True,་,False,ི
IF3ACC3E1,new,b1a650abd61a4613b8985329c027c8f0,11154,11161,True,་,False,ན
IF3ACC3E1,new,6c7a22c3bdfc4924a9b3ec560a9d2517,11184,11191,True,་,False,བ
IF3ACC3E1,new,381ae1f4c5e748dc8f48102b49fdc645,11343,11347,True,་,False,ན
IF3ACC3E1,new,24705b7c4c70470aaebba855a3005ecf,11393,11397,True,་,False,༢
IF3ACC3E1,new,76835a47ab4449ebbf82e64a91012a10,11476,11478,True,་,False,མ
IF3ACC3E1,new,4bfc3b5951ae432bb4fdb10646e85cdd,11529,11531,True,་,False,ང
IF3ACC3E1,new,d6b7b93a88dd48758552fcfffd594343,11597,11601,True,་,False,ག
IF3ACC3E1,new,8ee3c69b03944facbe0dc472810ecb7b,11615,11619,True,་,False,ན
IF3ACC3E1,new,8bea0212c5a147b489ae26d2a46c2a5f,11684,11688,True,་,False,ད
IF3ACC3E1,new,e09fba3b74d246ee9056a8d01e3bd408,11714,11717,True,་,False,ད
IF3ACC3E1,new,e48b3b2f6446494bbafda6785ff4e0a4,11720,11723,True,་,False,ད
IF3ACC3E1,new,9e2cbd77a9e4422795d11504793f55c9,11781,11789,True,་,False,ས
IF3ACC3E1,new,1679497317e845b29d86f0254db21d2d,11907,11914,True,་,False,ལ
IF3ACC3E1,new,680b72f818fd42108af2f78cb21d001b,11939,11947,True,་,False,ད
IF3ACC3E1,new,ed2c190aafe3465facce5e45772f583d,11978,11989,True,་,False,ས
IF3ACC3E1,new,dd2850067bd7483db2bb194c450cdeb9,12038,12041,True,་,False,ག
IF3ACC3E1,new,c6b73a105b074cd980cca870c258c18a,12045,12048,True,་,False,མ
IF3ACC3E1,new,4ad61e8be3604c7f9dcff70f3a6b4b4f,12054,12057,True,་,False,ག
IF3ACC3E1,new,95049a68693e49ebbf4aca9a15eab453,12133,12140,True,་,False,ས
IF3ACC3E1,new,8c567f3bcfde4060adc5534d91391638,12145,12163,True,་,False,ང
IF3ACC3E1,new,2f4dccbdae534527806c7807ff4938b6,12215,12225,True,་,False,ས
IF3ACC3E1,new,9cc17780524a41e885629e572a9c9549,12263,12274,True,་,False,ས
IF3ACC3E1,new,67ffe49ba9784843852586db5f5ba7e1,12298,12306,True,་,False,ང
IF3ACC3E1,new,efa37e431ff84c89b3881d61b647850c,12338,12342,True,་,False,ན
IF3ACC3E1,new,ee4e215c3b8d46ffb60dd8474506844b,12374,12380,True,་,False,བ
IF3ACC3E1,new,1d21911f29fe41d8bd504216099d70c4,12427,12455,True,་,False,བ
IF3ACC3E1,new,ae14878efbb94e4f813a32ff78a86432,12472,12480,True,་,False,པ
IF3ACC3E1,new,951ad80262f3458a876248e174ffe1de,12696,12703,True, ,False,ས
IF3ACC3E1,new,40157502642a47d1b4ff9b9f5bed6893,12712,12728,True,་,False,ན
IF3ACC3E1,new,26243984f4f349e493108eb2b5d87008,12732,12736,True,་,False,ོ
IF3ACC3E1,new,cc03bdc126ca48f8930f484bbc32aac6,12856,12859,True,་,False,ས
IF3ACC3E1,new,30d9040044ec4af0a6b53638b0218998,12865,12866,True,་,False,ལ
IF3ACC3E1,new,8fbea56abd21482c93135cdb7469bd0b,12908,12913,True,་,False,བ
IF3ACC3E1,new,2770c8e054f4473a91e88e0347f68b4c,12916,12919,True,་,False,ད
IF3ACC3E1,new,fc722d96457d450595c59f22bbf3f81d,12951,12958,True,་,False,ས
IF3ACC3E1,new,5c54a8118ad74db0afb1112f300530bd,12962,12967,True,་,False,པ
IF3ACC3E1,new,bfcd406cb13f444abcf93ce85ad6744d,12986,12989,True,་,False,ས
IF3ACC3E1,new,1235345a2be84abe9c4a722ee6a0adcb,12994,13001,True,་,False,ན
IF3ACC3E1,new,9525d23a1309417eb8968a90bf37f401,13190,13194,True, ,False,ྟ
IF3ACC3E1,new,40625b5619b54161a930feac82ee5a72,13225,13241,True,་,False,ད
IF3ACC3E1,new,2d45906224404a4a81b34d96d89b32af,13317,13320,True,་,False,ན
IF3ACC3E1,new,ed0402ae2e42456ca3df1d587c1f596c,13323,13328,True,་,False,ན
IF3ACC3E1,new,3ef6536188e549bda79cab4af9b8fac9,13331,13337,True,་,False,མ
IF3ACC3E1,new,5ffae151e0fa4afaa27a6272f2eb8c60,13361,13364,True,་,False,ད
IF3ACC3E1,new,2b0512b188144ced91c3dc63c11076f0,13367,13368,True,་,False,ལ
IF3ACC3E1,new,2a6ed0b7e8b345da974dcde627d52358,13382,13385,True,་,False,ད
IF3ACC3E1,new,8e945d30a0b747dcb6d2ace5967b92b3,13389,13393,True,་,False,ག
IF3ACC3E1,new,728777a4fb7044baaadee788a0ec7dd5,13420,13433,True,་,False,ས
IF3ACC3E1,new,9c5f8fabba0e4eb0ab5cb97ffe3b8588,13445,13455,True,་,False,ད
IF3ACC3E1,new,b13bb61e373e44298fc5c418fa61a972,13470,13474,True,་,False,ག
IF3ACC3E1,new,80a6c9ce37854ec3a38f3d5b77d62874,13477,13491,True,་,False,ན
IF3ACC3E1,new,b9ad6aece35c40718ecb181e9ec43976,13561,13575,True,་,False,པ
IF3ACC3E1,new,91a44e36c65a4087a6b22941ceab2aa1,13679,13685,True,་,False,ས
IF3ACC3E1,new,da483d93acfb4c25a9ba76e257f8680a,13695,13700,True,་,False,པ
IF3ACC3E1,new,ae14c99979ae4988a6b48245060431e3,13761,13779,True,་,False,མ
IF3ACC3E1,new,aeaf6bc8b2474e819fa2de2ebfe2a422,13834,13850,True,་,False,ན
IF3ACC3E1,new,ef4e3901296b4eec80373f48df206971,13884,13887,True,་,False,ི
IF3ACC3E1,new,3c525cece77c4d3eb3c7f48852709692,13921,13929,True,་,False,ི
IF3ACC3E1,new,962ea21285424e3c9dc37b8cfeb05d31,13972,13976,True,་,False,ག
IF3ACC3E1,new,904e5f9f52b645b59083c8401a7041df,13985,13986,True,་,False,ལ
IF3ACC3E1,new,3952cea5206140d1bbbb1d1774e73a42,13995,13999,True,་,False,ན
IF3ACC3E1,new,295d502c6f37437fa5d04253960d6f5f,14002,14005,True,་,False,ས
IF3ACC3E1,new,b8b4aec5693047eabc09cb68d394f512,14045,14048,True,་,False,ན
IF3ACC3E1,new,3a66cdd11cb548ee9119d6bbcfc42b6d,14053,14059,True,་,False,ལ
IF3ACC3E1,new,4fe62ba71b4f4fdda2de720e2ea8a5c7,14134,14138,True,་,False,ན
IF3ACC3E1,new,55265fe5a7224bd985c8902a6204815e,14150,14153,True,་,False,ས
IF3ACC3E1,new,d4513474a3d6413d853e3bc3f049e73c,14159,14165,True,་,False,ས
IF3ACC3E1,new,252c4e61b466462d83164304d5a7de62,14182,14189,True, ,False,ན
IF3ACC3E1,new,d5eb6afd10a749a5a5b325b932a50793,14253,14257,True,་,False,ས
IF3ACC3E1,new,b9bf5293b9744f0e8ef179c2afa24d91,14262,14274,True,་,False,ས
IF3ACC3E1,new,0dde2611f7ae49b4a186d962adce0386,14278,14282,True,་,False,ང
IF3ACC3E1,new,be029346f12147adbd69df59156e0f76,14324,14334,True,་,False,ན
IF3ACC3E1,new,7842b85e5aa842bd880e6094a1b05e96,14393,14397,True,\n,False,ི
IF3ACC3E1,new,578175c6618d44ac9ed4389fa93788fc,14450,14453,True,་,False,ན
IF3ACC3E1,new,7a09acc59e754067bc2cf5c3f19322a7,14456,14461,True,་,False,ན
IF3ACC3E1,new,e2fddc8d0af4435badf434ade282c69f,14464,14477,True,་,False,ས
IF3ACC3E1,new,a7d14f68459a45e8b8a0b77a4093b21f,14481,14485,True,་,False,ས
IF3ACC3E1,new,9589397bb45244b9b7a3a33bf35c9287,14511,14515,True, ,False,ལ
IF3ACC3E1,new,71ff4dd690f548b9ac02e3f4eceacabc,14574,14577,True,་,False,བ
IF3ACC3E1,new,b50532d1d2714b1d8b68998b61a5cdf7,14616,14621,True,་,False,ལ
IF3ACC3E1,new,db477624e70245988dba6e19acba9219,14694,14697,True,་,False,ལ
IF3ACC3E1,new,f343b96abdde455dbd1460dbca6ea5c6,14701,14703,True,་,False,ྱ
IF3ACC3E1,new,9b01498bdaf548cf9f883d7e1fd80a00,14717,14726,True,་,False,ད
IF3ACC3E1,new,8599d5084f364ebf829f3a66cc04a286,14791,14809,True,།,False,ད
IF3ACC3E1,new,a113795bdf9a4831ae455e4a470894bc,14814,14817,True,་,False,ད
IF3ACC3E1,new,2e1f5392869d40e793a01ec511e4bae3,14820,14828,False,ས,False,ག
IF3ACC3E1,new,ce952a16e4ac4a1db96519d44ebcbee5,14862,14865,True,་,False,ད
IF3ACC3E1,new,d2230254b0a94003ac7c51735a88d87b,14869,14870,True,་,False,ལ
IF3ACC3E1,new,e65462d4eb77474a96ecabf854aa8f33,14904,14909,True,་,False,ག
IF3ACC3E1,new,30325a3135094b409586599119ff6ad2,14913,14914,True,་,False,ལ
IF3ACC3E1,new,b605c7508e9e425da228bf7666260ea6,15086,15091,True,་,False,ག
IF3ACC3E1,new,7a19455f6c924aedb6b47c1b29138e69,15095,15101,True,་,False,ན
IF3ACC3E1,new,6ffac95c5e9d4cc29afcbb849445520d,15124,15135,True,་,False,ལ
IF3ACC3E1,new,bd4fcfc326fe4b6a854fffce0135d2e9,15236,15239,True,་,False,མ
IF3ACC3E1,new,490c6ed86d8b4e6aa4030017ea68f8f6,15243,15248,True,་,False,ར
IF3ACC3E1,new,7dbd71a667f5448b9a0329f8fe972dd9,15254,15272,True,་,False,ན
IF3ACC3E1,new,5a67fdfd0a644df59486a98dcf9e892b,15276,15286,False,ི,False,ར
IF3ACC3E1,new,5e9404e8d3f24419bc685e60f9e3c2cb,15293,15297,True,་,False,ག
IF3ACC3E1,new,3d7e3e7f1de54b5a888faa864eccef9b,15303,15306,True,་,False,ས
IF3ACC3E1,new,584bf3b7dc25463bb04763c3b00442dc,15336,15340,True,་,False,ང
IF3ACC3E1,new,5772d13411ef41b6bdd1a1b146076aa7,15483,15486,True,་,False,མ
IF3ACC3E1,new,0c8e8343db5e47b1a455d290148d74c6,15490,15503,True,་,False,ི
IF3ACC3E1,new,e25189bf6b1848fd838000d26f0fab7a,15520,15530,True,་,False,ན
IF3ACC3E1,new,72037eac812f45eb9d4ca36e0af7dc26,15534,15539,False,ི,False,ླ
IF3ACC3E1,new,a4bd93911bf0423fa1f9442352a9d340,15542,15545,True,་,False,ད
IF3ACC3E1,new,c9123538a0454a978b16da41877e16f4,15563,15571,True,་,False,ས
IF3ACC3E1,new,827ac2396c7048e98b6e8f9ab33ed366,15579,15583,True,་,False,ང
IF3ACC3E1,new,5eab6559ae4c4162885fae97b97e59fc,15589,15594,True,་,False,ན
IF3ACC3E1,new,a1145017c11744f8ba2928927d7e9580,15725,15729,True,་,False,ལ
IF3ACC3E1,new,383adaa16cc14c5f82e635682d05a1ec,15786,15800,True, ,False,ས
IF3ACC3E1,new,78d08132b46b4a67aee4ce670dfa4312,15805,15812,True,་,False,ན
IF3ACC3E1,new,afebf51cae6348e3bf5fa1aef13cd00d,15829,15843,True, ,False,ས
IF3ACC3E1,new,c07a8cf1c2c44f70890a77042b1bc022,15848,15851,True,་,False,ན
IF3ACC3E1,new,3080c92b09604c9ea6a6cd9124cec090,15864,15871,True, ,False,ད
IF3ACC3E1,new,05190f8b705e4a4f8d50eec46ba77e49,15988,15991,True,་,False,བ
IF3ACC3E1,new,daa62fa0735d430b953f898cf9872998,16000,16003,True,་,False,ི
IF3ACC3E1,new,4666f37c5e824bda9e7a06d636e8eed6,16057,16063,True, ,False,ན
IF3ACC3E1,new,7461825d8e6c477b8578c7831668bbfc,16070,16072,True,་,False,ང
IF3ACC3E1,new,9470cd38b53d48e781c67de51d29340a,16076,16079,True,་,False,ས
IF3ACC3E1,new,a6a28c9880f94bacbb39ea1b4a5d8cea,16106,16117,True,་,False,ེ
IF3ACC3E1,new,64e2a134f5374b1d89785b6bd16a7f4f,16180,16187,True,་,False,༌
IF3ACC3E1,new,0e454829657140d78b2af9ff70f152e8,16208,16211,True,་,False,ྭ
IF3ACC3E1,new,df506ec1ca4c472c98aedb24e3b4a082,16238,16246,True,་,False,ག
IF3ACC3E1,new,de2da4b096864abeb66e81e3d6b267a9,16250,16256,True,་,False,ས
IF3ACC3E1,new,d6cab94e73464222aba0f77fe263c72d,16264,16267,True,་,False,༌
IF3ACC3E1,new,295042b9a91a4184b263b5539aeaf92e,16296,16303,True,་,False,ལ
IF3ACC3E1,new,246d3fda83ba4800af1bb5d784a7d80b,16307,16311,True,་,False,ན
IF3ACC3E1,new,43d6e426143b435cbb77a78f3ba28c05,16320,16328,True,་,False,ལ
IF3ACC3E1,new,bbce178cf08945d68f82aa707f435ffe,16421,16423,True,་,False,ག
IF3ACC3E1,new,21701d88f4424dc8874e04f079638c6a,16433,16436,True,་,False,མ
IF3ACC3E1,new,16e38658057f4d338779cce484555a4f,16445,16448,True,་,False,ས
IF3ACC3E1,new,04fc9c73fdea4289a698bd78668ef319,16486,16495,True,་,False,ན
IF3ACC3E1,new,6b5c36e612144f23a1a31d06b8d39a6e,16670,16674,True,་,False,ང
IF3ACC3E1,new,73f62ecf48d8427e95d2890594f49b99,16677,16695,True,་,False,མ
IF3ACC3E1,new,ee4f10b28d554bf89b903cf36b98312e,16699,16704,True,་,False,ར
IF3ACC3E1,new,41fa4fc3adf74552bb341407e9acdf9f,16707,16711,True,་,False,ག
IF3ACC3E1,new,6804cf89756648e3944c7c00b1ee256a,16714,16715,True,་,False,ད
IF3ACC3E1,new,c3aa051284f44781a39f42b28d87a4e6,16733,16738,True,་,False,ས
IF3ACC3E1,new,f572fef129e141088ab568b497f269a3,16787,16788,True,་,False,ད
IF3ACC3E1,new,a3885a98e9fc4a6eb4430919ebc3f218,16792,16794,True,་,False,ེ
IF3ACC3E1,new,3daac6a8f98149e2bea3b2cbfb083770,16805,16811,True,་,False,ར
IF3ACC3E1,new,4583d2ceb2734618bc18664a19ef6a3d,16828,16833,True,་,False,ད
IF3ACC3E1,new,09ba4ac1a5424e40a6aa8f9854e1aedf,16837,16840,True,་,False,ས
IF3ACC3E1,new,d6d974aabb1c47dc8024f4e0d55c92ef,16927,16929,True,་,False,ེ
IF3ACC3E1,new,ffd2e2a9086c49beac5742f8997c9ad7,16933,16935,True,་,False,ས
IF3ACC3E1,new,894bd1749398447fa8c2e1e0f2a78681,16948,16950,True,་,False,ྩ
IF3ACC3E1,new,7e564c84cdf34eb3bd67d4ee35364c15,16956,16960,True, ,False,ང
IF3ACC3E1,new,05679e5317f3498a9685f480db70e14a,17019,17031,True,་,False,ས
IF3ACC3E1,new,bb43318313e44d478e13cd026f95d90f,17036,17038,True,་,False,ྐ
IF3ACC3E1,new,5b20e6c30d7641c49df2f1f91fae719e,17130,17137,True,་,False,ས
IF3ACC3E1,new,1dd813b03c5c4b6b88eb3133eaf55447,17166,17170,True,་,False,ག
IF3ACC3E1,new,7200a2b2f32f47d0ba317b7d54a037fd,17188,17196,True,་,False,ྐ
IF3ACC3E1,new,2d8d215601e14f4f8558662a67f9d379,17423,17427,True,་,False,ར
IF3ACC3E1,new,649fc24b3f3f4a00b1f2075f30a4898c,17439,17445,True,་,False,ན
IF3ACC3E1,new,8d3a8b90f71341208a62e4fa81356bdf,17451,17454,True,་,False,ས
IF3ACC3E1,new,18f0bdd56c79489985656d28f6e83840,17469,17483,True,་,False,ལ
IF3ACC3E1,new,6908c436c8af45529df4f786829dbbc0,17602,17612,True, ,False,ས
IF3ACC3E1,new,2a5ebe318418445da0c297746d39df5d,17621,17627,True,་,False,ས
IF3ACC3E1,new,4b45e6b96deb42d792415128cdadc270,17672,17679,True,་,False,པ
IF3ACC3E1,new,d8fa6475cdf84eeab9b18bf0bf57ff2f,17697,17702,True,་,False,ས
IF3ACC3E1,new,43803a40d7794996a63a4a999d20f75e,17733,17739,True,་,False,ང
IF3ACC3E1,new,3700f5fe651447a98c46c1da5252c096,17762,17763,False,ར,False,ས
IF3ACC3E1,new,451dc6d9b878419f99a76d715dc31733,17833,17835,True,་,False,ག
IF3ACC3E1,new,daed15b6a067484a9451185a2553c90e,17837,17840,False,པ,False,ེ
IF3ACC3E1,new,0cd555dde3094f789cac4c2e70af2f77,17870,17892,True,་,False,ང
IF3ACC3E1,new,04a7775c9a6c427aa2b47926b5de6288,17948,17955,True,་,False,ན
IF3ACC3E1,new,9a7517c8b3884ecdbbe8701091281af3,17959,17967,True,་,False,ི
IF3ACC3E1,new,5ba0a96550c34f5a85f5ce5d0078348c,18005,18012,True,་,False,ྻ
IF3ACC3E1,new,b7534efe98f1474a92066c1809d8b193,18128,18136,True,་,False,ས
IF3ACC3E1,new,43661b8c178947a2a1495c329cdd2564,18183,18188,True,་,False,བ
IF3ACC3E1,new,5f4c7629a96e454c822135d9c85de55b,18220,18233,True,་,False,ི
IF3ACC3E1,new,e899fc4cb0de4d918ce3deece998bd24,18244,18252,False,ེ,False,པ
IF3ACC3E1,new,fa9f6ff43afe422e889e17f0dae6cc80,18264,18270,True,་,False,པ
IF3ACC3E1,new,cf1403d58a4844abb8ac60083f29281d,18318,18322,True,་,False,ས
IF3ACC3E1,new,8bad2da9d0ec4d23b89c5a86ce390784,18349,18354,True, ,False,ར
IF3ACC3E1,new,3d03c644ae704e0e9c4bae10ee344148,18403,18414,True, ,False,ན
IF3ACC3E1,new,a8a7fae0db7b467396479f8558353495,18440,18461,True,་,False,ལ
IF3ACC3E1,new,ae25b02327c447f79b62eaaf19fdb503,18505,18507,True,་,False,བ
IF3ACC3E1,new,3f16d469c64e4ef5afc182de7597310f,18511,18516,True,་,False,ང
IF3ACC3E1,new,b52fbf52866e496e873cc7c127e2875b,18818,18823,True,་,False,ག
IF3ACC3E1,new,e30756dcf9c34fe79691b692ac3c6633,18826,18831,True,་,False,ན
IF3ACC3E1,new,6c413df1a27a407d9311e1d6ffadebe4,18836,18839,True,་,False,ན
IF3ACC3E1,new,5d11c1ce64cc496aac56f27011da6085,18843,18847,True,་,False,ག
IF3ACC3E1,new,73c0b952d5c449c8b5ec5723bf51c759,18870,18872,True,་,False,ེ
IF3ACC3E1,new,23f7e7c1d1074bbeaf13fad8996d2e98,18987,18997,True,་,False,ན
IF3ACC3E1,new,3f2d7f4fd10f47dfbc400e78b58f875b,19001,19005,True,་,False,ག
IF3ACC3E1,new,655e0d0ffdad4530918cf1043a76106e,19029,19031,True,་,False,ང
IF3ACC3E1,new,9cb9e3444c0447dc998b37bf35d013f9,19090,19094,True,་,False,༌
IF3ACC3E1,new,d7640dd6457d4949aecbe1872439c6f4,19106,19110,True,་,False,ས
IF3ACC3E1,new,12c4cccd9fdd4eb09656a234b5fad17b,19149,19152,True,་,False,ག
IF3ACC3E1,new,41b1b5e667c24e29840d73f5198c88b9,19170,19174,True,་,False,ན
IF3ACC3E1,new,1a0ffe0dcb4840c181f4d6807200844e,19338,19341,True,་,False,ན
IF3ACC3E1,new,e3fdadf483614555a9dbf2697f1cd38f,19345,19349,True,་,False,ག
IF3ACC3E1,new,1faa1003af6d486ab0f08a23c65c810e,19355,19358,True,་,False,ལ
IF3ACC3E1,new,10f0c5cd9ea44dbfa1bb74a1b0cf0d3f,19386,19395,True,་,False,ན
IF3ACC3E1,new,5665d2c73c8440abbf902b3cb3e68a73,19485,19496,True, ,False,ད
IF3ACC3E1,new,00785a432fed459bb973bb776f6fa5f9,19506,19510,True,་,False,ག
IF3ACC3E1,new,69e6e9432445492f8658c803b00d59d9,19513,19532,True,་,False,ན
IF3ACC3E1,new,ec2d08345cff40fe87d06485c0274ae6,19536,19540,True,་,False,ན
IF3ACC3E1,new,b6e997af41194bc38d5fed71f486c290,19543,19552,True,་,False,བ
IF3ACC3E1,new,4c862256d99b45e5a9294abfb683e9b7,19660,19670,False,བ,False,ེ
IF3ACC3E1,new,56ec9c043bfa48a19f9015cf87f76da6,19739,19745,True,་,False,འ
IF3ACC3E1,new,5a390ed9b7614aa785d2f0ae063a3d8a,19751,19757,False,ུ,False,ུ
IF3ACC3E1,new,d95904754d0248f981359247a883e030,19766,19768,True,་,False,ན
IF3ACC3E1,new,4e7c1af8faa84a448591a4e0d641bc5a,19803,19806,True,་,False,ན
IF3ACC3E1,new,3b33390f6a8849cdad41e4f4d9e1f285,19818,19842,True,་,False,ར
IF3ACC3E1,new,16be0b5de18247c0936ed95278980d47,19928,19932,True,་,False,ག
IF3ACC3E1,new,4f422c4bc7114f63b63c2c0153ea70af,19951,19955,True, ,False,ག
IF3ACC3E1,new,5071af9f9f114ccd83700c9369ccfc34,19963,19967,True, ,False,པ
IF3ACC3E1,new,b855781351ea4a7da74ba9ceec0381a0,19995,20011,True,་,False,མ
IF3ACC3E1,new,a838d5a1c98843a38532faee9637f88e,20015,20017,True,་,False,ག
IF3ACC3E1,new,970a4474c11847cfbec016567deac484,20042,20053,True,་,False,ན
IF3ACC3E1,new,157a4e720fc146d2a5faf51eba3e4cf6,20068,20075,True,་,False,ན
IF3ACC3E1,new,40fc3c0ad8b2478ea132e8beba3518c6,20125,20156,True,་,False,མ
IF3ACC3E1,new,a9347df346f94a7cb4cd1dd7fd291085,20159,20167,False,ུ,False,ད
IF3ACC3E1,new,0e02f4779ff046c5a316af8a47b4bf66,20179,20191,True,་,False,ས
IF3ACC3E1,new,4526eec0c210425ea24b6183943dbaae,20208,20211,True,་,False,ར
IF3ACC3E1,new,29a29b2f937a4f56a99e7e7863146d30,20215,20220,True,་,False,ས
IF3ACC3E1,new,313a9e71e6b6419e9723f45a2e47f860,20223,20240,True,་,False,ས
IF3ACC3E1,new,f9e8c2010f654981ac36f09b9e3a3c19,20249,20258,True,་,False,ས
IF3ACC3E1,new,b82b7acb9a24457496aa774def0e0882,20263,20270,True,་,False,ན
IF3ACC3E1,new,f214ea765cc44ca19f53158ee748ea2d,20273,20284,False,ུ,False,ར
IF3ACC3E1,new,0b2cec3779d64cb6a5bc7a2986cd03ca,20287,20310,False,ེ,False,ོ
IF3ACC3E1,new,1d567a4b4c314ab9ac84f6d9ffe9eabe,20342,20345,True,་,False,ན
IF3ACC3E1,new,aae0b63ec6fb42468ab44013bd063c10,20389,20392,True,་,False,ི
IF3ACC3E1,new,f6eb076ba5ff4751b5571cf16a6adfbd,20428,20431,True,་,False,ལ
IF3ACC3E1,new,190e6920c78c49febf03e9b6bee73c01,20438,20440,True,་,False,ེ
IF3ACC3E1,new,7e2e002c67e7423287cd79ee8c9aad2f,20445,20452,True,་,False,ད
IF3ACC3E1,new,04453596eb014530964717336f6a835c,20798,20800,True,་,False,ྟ
IF3ACC3E1,new,45d50091e0ea4ca6ba763f26cacac681,20803,20805,True,་,False,ན
IF3ACC3E1,new,26531e7ea4404a2887138e6bced80db7,20815,20840,True,་,False,ས
IF3ACC3E1,new,346c388e091740ba993366c87dad1ae1,20845,20851,True,་,False,ན
IF3ACC3E1,new,355b4966b90b45aa9ed106cbb0af874e,20872,20880,True,་,False,ད
IF3ACC3E1,new,2f8e72f11c7f464eb265b232c2b648aa,20981,20985,True, ,False,ན
IF3ACC3E1,new,5452794805784cc49fff5034f485207a,20992,20994,True,་,False,ང
IF3ACC3E1,new,048c7a4e8f764d4e80ccec8b4aed4dab,21040,21043,True,་,False,ན
IF3ACC3E1,new,504ffc4efe1d4bc8b3347e26eac8b48f,21047,21054,True, ,False,ལ
IF3ACC3E1,new,222aa9b2f44f4f4ca24d009eadcb85ed,21063,21066,True,་,False,ི
IF3ACC3E1,new,e17bb4dee12d4b47bbc42ee1d0f5df93,21155,21165,True,་,False,ན
IF3ACC3E1,new,c16049288b4b4dc48552b32e788e4942,21176,21180,True,་,False,ས
IF3ACC3E1,new,9b587c68c4534a61826a59c9155d440a,21253,21259,True,་,False,ད
IF3ACC3E1,new,13e2c475b18b48caac243d531545303c,21272,21281,True,་,False,ི
IF3ACC3E1,new,f5bb5ebf13304a80bf1032ad2c90e206,21430,21437,True,་,False,ལ
IF3ACC3E1,new,c505fcd3403f4827853abdec5c3da51a,21447,21450,True,་,False,ག
IF3ACC3E1,new,ccd271f2e4d64f64b3f743f953e0e620,21548,21550,True, ,False,ད
IF3ACC3E1,new,f11c1c267df144ff8927b31e74ca1bc2,21645,21648,True,་,False,ད
IF3ACC3E1,new,ef37ce6474fb4e6cb1aacb1a40114c32,21652,21654,True,་,False,ི
IF3ACC3E1,new,f5040c2518704d968a70b1863cfe2246,21659,21662,True,་,False,ད
IF3ACC3E1,new,66d5ae07fd904be0b1610f10ee027e5b,21738,21746,True,་,False,ད
IF3ACC3E1,new,fd5d4f3c17c546969159ef94b83baeb5,21752,21759,True,་,False,ག
IF3ACC3E1,new,b1ecc8aba2924f7b9d84083cb9d2014f,21764,21772,True,་,False,ག
IF3ACC3E1,new,dbaffdd9481b4605b468a252da00f236,21777,21780,True,་,False,ང
IF3ACC3E1,new,536c17d8fedb49b7a1194dd32e3e01e9,21789,21796,False,ས,False,ག
IF3ACC3E1,new,68e7713c13b94842a1037e8e3601eed8,21801,21809,True,་,False,ད
IF3ACC3E1,new,b971bcff20dd474ca0b3dd392e250e20,21824,21829,True,་,False,ང
IF3ACC3E1,new,3d2d0bae6a674e419e087d157fe43e69,21879,21884,True,་,False,ས
IF3ACC3E1,new,cab1c12ee0e1471a84bc2fe263b75eda,21887,21895,False,ོ,False,ེ
IF3ACC3E1,new,0f5e565b4eeb4545aac027f84c8a1b59,22086,22114,True,་,False,ད
IF3ACC3E1,new,757111e2698444e1ab7702348395f786,22118,22123,True,་,False,ར
IF3ACC3E1,new,db4c5e297e7e4769b35af5ada2c4fc5e,22141,22151,False,ལ,False,ང
IF3ACC3E1,new,6d6af6873552477d9fd3b14f565f905b,22164,22172,True,་,False,ད
IF3ACC3E1,new,2d47cfef181941baa1ddcdf20c44d208,22177,22180,True,་,False,ང
IF3ACC3E1,new,86487dfb45144989a4fb1117673c6276,22188,22196,True,་,False,ད
IF3ACC3E1,new,87d86162de1845ea9823357206ee10d4,22261,22290,False,ས,False,ི
IF3ACC3E1,new,7cad46df6ed54cc1b7ae3432a5653ed4,22440,22449,True,་,False,ཆ
IF3ACC3E1,new,e15a80b4bb8c4ab4aa22937e6fa2dd74,22478,22482,True, ,False,ས
IF3ACC3E1,new,17923e8754ed48bfb2e90b444135a78b,22536,22546,True,་,False,ང
IF3ACC3E1,new,1c7339f1a8d64e339e2f3f232a25ebd8,22631,22635,True,་,False,ན
IF3ACC3E1,new,7dbeadd5f6294fb3a1946781d1d3a39a,22641,22644,True,་,False,ས
IF3ACC3E1,new,757b4b7a01f44891b6f8b28972bb4026,22730,22735,True,་,False,ོ
IF3ACC3E1,new,528d6805f6dd424d9985e19c51f46d6a,22765,22772,True,་,False,ན
IF3ACC3E1,new,73b494aec92441bd9e656add99730c5e,22776,22780,True,་,False,ན
IF3ACC3E1,new,09a41a4211394a958b65c40753c8ce71,22891,22896,True,་,False,ལ
IF3ACC3E1,new,662c76e8f73f4cec9f66da5545acdbb3,22920,22932,True,་,False,ལ
IF3ACC3E1,new,3c9cef114e554868816459d76bd5bf7a,22953,22960,True,་,False,ོ
IF3ACC3E1,new,2ed8dd22ce6148349a669b701b9bd6df,22963,22975,True,་,False,ར
IF3ACC3E1,new,f37a8a2259624c12b59962065e8f0877,22992,23008,True,་,False,ད
IF3ACC3E1,new,6df89ed46044433dba6215d445d8e43c,23327,23331,True,་,False,ས
IF3ACC3E1,new,60239da697ab4a7b80d873f1a66df55a,23340,23344,True,་,False,ན
IF3ACC3E1,new,cc9c958e8aeb499dbaf3c0b347b27fbc,23347,23350,True,་,False,ད
IF3ACC3E1,new,2f5b38a847f74ec7901b6e31799130f2,23375,23378,True,་,False,ད
IF3ACC3E1,new,9d74090dd4084d238fdec2c5b2bf1bb1,23382,23388,True,་,False,ར
IF3ACC3E1,new,56bb0ebab57c459e9fb3f2481a972ff3,23401,23409,False,ོ,False,ེ
IF3ACC3E1,new,0f9847ce83124440948f172ee35a6a7c,23439,23450,True,་,False,ན
IF3ACC3E1,new,73dd59c985bf448ebcc1348be6024795,23518,23529,False,ན,False,ི
IF3ACC3E1,new,aef8e40980be4baf9f60684b6c4af8e6,23549,23556,True,་,False,ས
IF3ACC3E1,new,3f396dd61a7b4056af02d475cd98f0c0,23568,23579,True,་,False,ག
IF3ACC3E1,new,893575536c0c4742ba4241d711766281,24162,24174,True, ,False,ར
IF3ACC3E1,new,b1e9e8b3e2a84bffb58094e161087d93,24198,24202,True,་,False,ས
IF3ACC3E1,new,0847d038c9cf49f9b40397c04f7d748c,24224,24236,True,་,False,པ
IF3ACC3E1,new,5694f63ae6f049c6adddf0ed6aa3a7db,24342,24348,True,་,False,པ
IF3ACC3E1,new,75f60c02a2ca402b91912aeb6ad64e95,24361,24368,True,་,False,ི
IF3ACC3E1,new,ab176bdb30704fbc8a20a09bfab84989,24400,24403,True,་,False,ས
IF3ACC3E1,new,f651a8f4bfbe48ceaf4a241ecb1d8616,24406,24413,True,་,False,ར
IF3ACC3E1,new,97fb2d0a838846e2810fc3a71bafc8ee,24661,24664,True,་,False,ད
IF3ACC3E1,new,bad29fe360464a35b11cf61514bfaf86,24829,24838,True, ,False,ད
IF3ACC3E1,new,50aec88cc437455fb926c922c7fbcf3c,24994,24999,True,་,False,ན
IF3ACC3E1,new,763773ac7c934439925e91382be1f95b,25021,25024,True,་,False,ན
IF3ACC3E1,new,a49af459f17d467ab762e2ff1b1c6e7d,25045,25051,True,་,False,ས
IF3ACC3E1,new,58bf40f54a49406190ff493d34cc6e02,25055,25060,True,་,False,ར
IF3ACC3E1,new,e57c805a6bf944d6b050f3c3b68db976,25084,25090,True,་,False,ན
IF3ACC3E1,new,f8cd629a8a1a478680bcdce70bed518b,25103,25110,False,ི,False,ས
IF3ACC3E1,new,d53a99ebde344384940136292e64f449,25118,25132,True,་,False,ར
IF3ACC3E1,new,0c5dc99e3eda4fcc9f63fd039adf38e4,25258,25263,True,\n,False,ེ
IF3ACC3E1,new,e9e7c5abff7a49c2a0baf3679aadb74a,25299,25301,True, ,False,ང
IF3ACC3E1,new,e6e9cb0b5f634376b270d29d058a1b66,25311,25315,True,་,False,ན
IF3ACC3E1,new,52ee5ebff19b49789de794b99267e3b1,25318,25321,True,་,False,ན
IF3ACC3E1,new,e060756d8f144eb4a0e12b0ea16940af,25350,25377,True,་,False,ང
IF3ACC3E1,new,90e41d0de1a34b95afef13d7415deaf2,25395,25400,True,་,False,བ
IF3ACC3E1,new,f51d46a20c28402a8cea883f360673d0,25434,25463,True,་,False,ར
IF3ACC3E1,new,8b9d8396cb5a44f594daf81be4d91f7c,25763,25770,True,་,False,ན
IF3ACC3E1,new,30c9c9081db54368a3a34de1d9f659bb,25791,25800,True,་,False,པ
IF3ACC3E1,new,08c18c469159416d9bce2317ea9ba158,25810,25826,False,ས,False,ུ
IF3ACC3E1,new,b087c027e8b74aebb6dc75892cf5e68e,25843,25846,True,་,False,ང
IF3ACC3E1,new,bbfe560cf6df44efa0ab69eef504c99e,25987,25993,True,་,False,ས
IF3ACC3E1,new,700db930d1d54d4b94bf55b77b862048,26031,26039,True,་,False,ས
IF3ACC3E1,new,12d685b81be144abb13c2f8059d9423c,26046,26055,True,་,False,ན
IF3ACC3E1,new,add42a6587b147b79b156616878ce012,26061,26067,True,།,False,ན
IF3ACC3E1,new,7866df2ac8104711bae2b7a44cc6d3b5,26071,26074,True,་,False,འ
IF3ACC3E1,new,0de8c44b02644592a558cacf74e95cf7,26082,26089,True,་,False,ང
IF3ACC3E1,new,2e22e5b6effc4a2c97978074eb0357a1,26092,26095,True,་,False,ན
IF3ACC3E1,new,2276c84177674a7eb99fa25cbd47d1be,26099,26114,True,་,False,ག
IF3ACC3E1,new,cfbbcfb2105d4447a9bb8ec5c091954c,26149,26152,True,་,False,ས
IF3ACC3E1,new,3d6ccd36734e4754bf51f4209ba9a6cb,26155,26158,True,་,False,ན
IF3ACC3E1,new,bd63cf2f6faa468ca039f555265076da,26163,26167,True,་,False,ེ
IF3ACC3E1,new,28f15fd83fdc484b925ef21376f5590c,26170,26182,True,་,False,ད
IF3ACC3E1,new,aef0c6c7a1b14de48bc7a22d097bf9d0,26290,26298,True,་,False,ི
IF3ACC3E1,new,3796089bb1874b2f871d4ff9de4b5a17,26309,26315,True,་,False,ས
IF3ACC3E1,new,254fbbbf64e84a3cbf4b5b89d5a391a6,26349,26356,True,་,False,ན
IF3ACC3E1,new,6b096165be074279baf72068ba8ff4a8,26417,26421,True,་,False,ས
IF3ACC3E1,new,ab7fbff5edca4543a7db2810f1833c3d,26442,26445,True,་,False,ང
IF3ACC3E1,new,1efe0a81cd5f4c09b6740f4c935be0da,26477,26484,True,་,False,ན
IF3ACC3E1,new,0f2eeadce9ef4b35b5d45b2bad373fa2,26597,26616,True,་,False,ང
IF3ACC3E1,new,cafa0cb691ca4599868b69c11f2b1129,26624,26632,True,་,False,ད
IF3ACC3E1,new,3ba821e859194a609d058c01fc604acc,26678,26690,True,་,False,ད
IF3ACC3E1,new,1d55f130747c4731857488532f21f004,26775,26780,True,་,False,བ
IF3ACC3E1,new,899b13557b1944a7978c09f5ce98da6f,26783,26787,True,་,False,མ
IF3ACC3E1,new,0a729e0faa84427892877ff2d65329d6,26797,26802,True,་,False,ར
IF3ACC3E1,new,1dbd4b85d96e4af69c9076210d74cb1c,26823,26830,True,་,False,ི
IF3ACC3E1,new,d60fe14a06d1432f9acf9724c80e4060,26918,26927,True, ,False,ད
IF3ACC3E1,new,a4ed1ef9692640aeb7ca5acafc43b511,26957,26958,True, ,False,ད
IF3ACC3E1,new,9cb85b1c37a24756802583fa6c66a3e7,27003,27007,True,་,False,བ
IF3ACC3E1,new,95705b4c0225414396761ba3a9863d0b,27037,27043,False,བ,False,ན
IF3ACC3E1,new,167cc630b240466b9d2fb6342ecb7580,27083,27087,True,་,False,ས
IF3ACC3E1,new,58325f21e2894c1db99ebad7cbd09668,27090,27097,True,་,False,ས
IF3ACC3E1,new,c49159160bff467fb792ff3473744286,27103,27108,True,་,False,ཆ
IF3ACC3E1,new,504059cbe84246d78255d68524e68b54,27166,27182,True, ,False,ས
IF3ACC3E1,new,fd95cd008d60458dbd29c405fc59819f,27187,27191,True,་,False,ས
IF3ACC3E1,new,793c9612ff92464394813bfbd49217e3,27220,27228,True,་,False,ང
IF3ACC3E1,new,2daa3456446347a0b11abac6013718ce,27366,27373,True, ,False,ན
IF3ACC3E1,new,22062585f33d4ecd841d0a536dee98b8,27413,27427,True,་,False,ག
IF3ACC3E1,new,eeef5f2441c4488fa5e3e258c28cfd44,27432,27436,True,་,False,ར
IF3ACC3E1,new,2fc41f76728a44198701654ee6dbf1d3,27453,27458,True,་,False,ད
IF3ACC3E1,new,953cb64c883d40f3bab2d8d4f960c612,27628,27634,True,་,False,ས
IF3ACC3E1,new,515195e8519946d6a9a759a3786bf9f2,27695,27702,True,་,False,ན
IF3ACC3E1,new,30c2027a3ee3428d857f1e682f1e6334,27707,27712,True,་,False,པ
IF3ACC3E1,new,4085233498a84f27abaa3ec86aeb84f1,27777,27788,True, ,False,ུ
IF3ACC3E1,new,b905dce10e5940818339672eae16cece,27814,27833,False,ོ,False,པ
IF3ACC3E1,new,80ab656f385f4ecea39c3ce707b8c5cd,27837,27853,True,་,False,ས
IF3ACC3E1,new,7747f7f100c7446e8e1fe384e5f9785a,27895,27911,False,ོ,True,་
IF3ACC3E1,new,0bb4a8ebc76241c5af5bd32cf12c9d52,27923,27928,True,་,False,ལ
IF3ACC3E1,new,bc87c76bb5ff438aab581b38fee36f17,27933,27940,True,་,False,ན
IF3ACC3E1,new,43c47574994e41579b52360acd45b32b,28067,28069,True,་,False,ེ
IF3ACC3E1,new,cb437630931548f4af35087e375be8dd,28075,28076,True,་,False,ལ
IF3ACC3E1,new,41f93416e2e44896b3cb60a8dee07786,28088,28094,True,་,False,ག
IF3ACC3E1,new,04091e64abf5468ea5e4ec341c907eb5,28210,28212,True,་,False,ླ
IF3ACC3E1,new,2f804651a85245ad8e7f335865384ded,28224,28227,True,་,False,ས
IF3ACC3E1,new,b0ffbd8daeee483695bec9ffeaa01f76,28232,28238,True,་,False,པ
IF3ACC3E1,new,1b7b19690232418f83d43e5300c19fdf,28274,28283,True,་,False,ན
IF3ACC3E1,new,fd05a32c6b96413e82b0cb151c9f7cab,28331,28347,True,་,False,ད
IF3ACC3E1,new,507a3d035fb14659a824c87e32b5d05c,28371,28382,False,ར,False,ན
IF3ACC3E1,new,e05ed3fa43bb43f5a3270a1a3d24991f,28398,28407,True,་,False,ག
IF3ACC3E1,new,1d2d1ef984d84745ba95c9f142529a36,28428,28436,True,་,False,ས
IF3ACC3E1,new,da792d29b2b4456cb8d812577b69da83,28452,28461,True,་,False,ན
IF3ACC3E1,new,832febbb8ef84ccaa5c3061c7b399870,28502,28509,True,\n,False,ང
IF3ACC3E1,new,63ad86f72aae4f888336c43403e494b4,28540,28542,True,་,False,ེ
IF3ACC3E1,new,d94d75a587cb4ed2a20da6cc41ef6c46,28552,28553,True,་,False,ལ
IF3ACC3E1,new,6d0cf5996a8d4413acd781323f27127d,28561,28564,True,་,False,ག
IF3ACC3E1,new,8a0217eed3b244a89fbb453a974c94eb,28567,28571,True,་,False,མ
IF3ACC3E1,new,6137d1e6597a43dcbeb1e8a0730bbfc6,28581,28584,True,་,False,ད
IF3ACC3E1,new,18d9a1d00ffc4599a700a440a9e8feff,28654,28660,True,་,False,ག
IF3ACC3E1,new,1f38d79455324e8dbfb8a80b48ee5855,28663,28670,True,་,False,ོ
IF3ACC3E1,new,4d3a4b5d55d549949d78e0518c35dbf5,28697,28702,True,་,False,མ
IF3ACC3E1,new,ad59ea2a11bb47c59bec6fab4774081c,28715,28734,True,་,False,ོ
IF3ACC3E1,new,b6e3f2a8be644c379af61994dcef3499,28767,28773,True,་,False,ས
IF3ACC3E1,new,9e56534784d04c03bf2ff4f4da24074f,28797,28800,True,་,False,ན
IF3ACC3E1,new,6b007ca4e1c749f38e4cfd210de25499,29146,29154,True, ,False,ས
IF3ACC3E1,new,78b1f257ddfd4becae8f7e51716a2955,29159,29171,True,་,False,ས
IF3ACC3E1,new,eeabfc7a00c74e20850b6cd5019323b9,29619,29632,True,་,False,ས
IF3ACC3E1,new,85005a0caa104048bffd80abbc83615d,29653,29656,True,་,False,༌
IF3ACC3E1,new,b9967e3f674a493e86217b974a7807fe,30064,30075,True,་,False,ི
IF3ACC3E1,new,a997ee7f090d4fbfaa732248b1ccfbca,30106,30114,True,་,False,ས
IF3ACC3E1,new,0b0d8ddf1309452b8acac4f817ea833b,30217,30235,True,་,False,ན
IF3ACC3E1,new,bb899ec1f1f0465aaa7959e4e242fb78,30249,30257,True,་,False,ན
IF3ACC3E1,new,dc93f99908634ba0952cfeef0c665953,30262,30266,True,་,False,ར
IF3ACC3E1,new,2b71884d53aa474da078522864aa45a3,30381,30388,True, ,False,ན
IF3ACC3E1,new,ee6535fba7a64c9b9948502314c4caa8,30393,30396,True,་,False,ས
IF3ACC3E1,new,2ab1956c9229432d935a688d415295da,30466,30474,True,་,False,ས
IF3ACC3E1,new,dee0c133abca4b30b05f23fb54899355,30501,30507,True,་,False,ས
IF3ACC3E1,new,b2b6759cc207483e812105f9ca33bd3c,30527,30546,True,་,False,ད
IF3ACC3E1,new,d3859f3741bb49ca953d5d35964454de,30708,30719,True,་,False,ག
IF3ACC3E1,new,fc21e6404bf74920be31658b135609c4,30826,30829,True,་,False,ན
IF3ACC3E1,new,133b4cec8bcb4b6e9e527d7f1cae5d6a,30832,30837,True,་,False,ན
IF3ACC3E1,new,38dae2776ebe42a1b4936d0647d5deb7,30843,30847,True,་,False,ན
IF3ACC3E1,new,98fc2831a21242759700dc4268b1d4a1,30851,30855,True,་,False,ན
IF3ACC3E1,new,51e3066c798c4a61a399a3b041d78e3f,30863,30867,True,་,False,ར
IF3ACC3E1,new,f60ea65706804af5b7f67747de0db18e,30872,30876,True,་,False,ར
IF3ACC3E1,new,37d0b38402c4413ab59f445fa92e9f7b,31007,31012,True,་,False,མ
IF3ACC3E1,new,011dbd07f31d4b88aa8a1203b4b08dc7,31017,31026,True,་,False,ན
IF3ACC3E1,new,8e8f051e60404e2084c3796310574a24,31058,31062,True,་,False,ད
IF3ACC3E1,new,e395b489a0af4cbb882f633e474fb341,31075,31083,True,་,False,ག
IF3ACC3E1,new,40d0e83314154bec8caf3a926d3802cb,31134,31146,True,་,False,ར
IF3ACC3E1,new,09b873bbb3514222bda083f7b5c3454f,31184,31186,True,་,False,ེ
IF3ACC3E1,new,01983acfc9074ff7acc3cd468fdf6bf4,31193,31206,True,་,False,ད
IF3ACC3E1,new,9dcd2675ca7944729b1069d398c37e1e,31264,31284,True,་,False,ར
IF3ACC3E1,new,c4fcda7021f2432b8ee20ace64a33033,31314,31321,True,་,False,ང
IF3ACC3E1,new,0d9df758ddc14aa9b4c5dd5257b54672,31465,31467,True, ,False,ང
IF3ACC3E1,new,ad2d3066436841d7b49267436de99204,31471,31473,True,་,False,ེ
IF3ACC3E1,new,e2d59ac0e8c7401eaa4ca1236066c641,31639,31655,True,་,False,ེ
IF3ACC3E1,new,4809d552c3ee4f15a554371f23f5e610,31661,31667,True,་,False,ར
IF3ACC3E1,new,240028d7c3894d98a94107828675d08d,31671,31675,True, ,False,ས
IF3ACC3E1,new,d61680894ea4467a8dd01495ea4ecf4b,31685,31690,True,་,False,བ
IF3ACC3E1,new,205eceddff17474eadf34776cfca6228,31718,31736,True,་,False,བ
IF3ACC3E1,new,bbfa3ae15aaf4bf085a19c4ec387bce2,31906,31909,True,་,False,ས
IF3ACC3E1,new,fb5892b222b143e59f813a159b164f43,31923,31927,True,་,False,ས
IF3ACC3E1,new,1ffa21c51e8043648ecc7735d02ded47,31942,31946,True,་,False,ས
IF3ACC3E1,new,5e5151027b9d4567940317bd63851345,31972,31983,True,་,False,ས
IF3ACC3E1,new,ac53ef6e1cf045d4bdda34fd3dc44c8b,32047,32050,True,་,False,ད
IF3ACC3E1,new,714d3f75fb5c48f18a52ae88bc38ecf9,32074,32076,True,་,False,ང
IF3ACC3E1,new,8d4720a7426b4052b5489c40bf3175c2,32151,32155,True, ,False,པ
IF3ACC3E1,new,459a0f19d92f445b9ec7b665466fe553,32166,32175,False,པ,False,ུ
IF3ACC3E1,new,cb8b5550bfaf451fb353402722954154,32197,32201,True,་,False,ེ
IF3ACC3E1,new,cf8dffdf868f499d8d650bdcb0b5eb37,32204,32207,True,་,False,ད
IF3ACC3E1,new,5d94e0008484460a89082d26992a2d37,32226,32238,True,་,False,ི
IF3ACC3E1,new,2160206cb58b4af68ddab199d0d099fe,32249,32256,True,་,False,ར
IF3ACC3E1,new,ee532c083e5f46edbd9c5b122fb26267,32276,32279,True,་,False,འ
IF3ACC3E1,new,ade302213bc542059bebf28a9a7052ab,32311,32315,True,་,False,ན
IF3ACC3E1,new,5527a74a2792455d8869c510ece734b3,32319,32327,True,་,False,ས
IF3ACC3E1,new,52b497b8aa144c3189795a1ef15da41a,32407,32420,True,་,False,ི
IF3ACC3E1,new,05d70c71339a427585c119a975780dbb,32439,32451,True,་,False,ག
IF3ACC3E1,new,6b6c48b4f3034368b74c5492c3f78612,32474,32484,False,ོ,False,ལ
IF3ACC3E1,new,93cfe887ba4f4b29b18b0850d8acc4ac,32492,32497,True,་,False,ལ
IF3ACC3E1,new,af7900834a9f4bc4aab5c0980878d06a,32513,32517,True,་,False,ེ
IF3ACC3E1,new,30c95baa927845279ef8d32e8fcaa392,32520,32542,True,་,False,ན
IF3ACC3E1,new,745af191882d460a9dfcf725f553210d,32546,32557,True,་,False,ད
IF3ACC3E1,new,beb998ed81ac4981be14343c2457b29c,32572,32574,True,་,False,ེ
IF3ACC3E1,new,b2db5920324544dabc2fa125d05c864f,32578,32582,True,་,False,ར
IF3ACC3E1,new,3f0bacc9020145c8b956b0c161966d55,32586,32594,True,་,False,ས
IF3ACC3E1,new,01bc4886c85541ceab50d3c3cf0500ca,32610,32622,True,་,False,ང
IF3ACC3E1,new,64f23ecb068e4ce49093d9c28d6b2f5f,32691,32700,True, ,False,ན
IF3ACC3E1,new,6929e4963c814b6096011a78f1732a9e,32714,32720,True,་,False,ས
IF3ACC3E1,new,343edd6ff99e4af6a8ebe8dce2416e41,32732,32745,True,་,False,ན
IF3ACC3E1,new,eb01ca7bedc84cdca2a7d3ce80041bb4,32892,32894,True,་,False,ྲ
IF3ACC3E1,new,cb543024dd4c449298913791b5be3a4b,32955,32973,True,་,False,མ
IF3ACC3E1,new,c07ceaee3e0e486abb05be90d92ad136,32989,32995,True,་,False,ན
IF3ACC3E1,new,41ef69f3ee4c4606bca3d19bf33a4415,33012,33019,True,་,False,ི
IF3ACC3E1,new,712e5ca9a42d4cb7b879a20fbd7dbdde,33038,33041,True,་,False,ན
IF3ACC3E1,new,d4a73f1cf24748b09f0a7b1a9eff11ab,33102,33105,True, ,False,ས
IF3ACC3E1,new,797aafdb6d274016a55f0029e83b1486,33125,33128,True,་,False,ད
IF3ACC3E1,new,f7b2bfc49746469fb853a6f37e30dc36,33149,33151,True,་,False,བ
IF3ACC3E1,new,fba5d8cd32e74f7b8eda5f2e7d1439d5,33184,33212,True,་,False,པ
IF3ACC3E1,new,1244c5d5f8894bf697c33390d6122c01,33240,33246,True,་,False,ས
IF3ACC3E1,new,c34dff3e84bd47f1add9ff52a7636cb9,33326,33329,True,་,False,ལ
IF3ACC3E1,new,dc56665ec94b4eddab48f47767917ddd,33548,33554,True,་,False,ག
IF3ACC3E1,new,c8e9e4653d4c4292ba39883c168af546,33559,33565,True,་,False,ས
IF3ACC3E1,new,e91b035165cf4ea081cbff16c0545ed4,33570,33579,True,་,False,ལ
IF3ACC3E1,new,0f02ba98644c4bb69f07221f761294c5,33623,33630,True, ,False,ང
IF3ACC3E1,new,d2a57bc6294d4a8da304e933eecc7bd9,33873,33885,True,་,False,མ
IF3ACC3E1,new,12d832f73cf7466fb10224afbca2bf31,33975,33980,True,་,False,ད
IF3ACC3E1,new,6bcc16463f524df29ec7187d3d059ee9,34154,34159,True, ,False,མ
IF3ACC3E1,new,4f67c6f0c0bf41b8915f8320aaa1ade0,34234,34240,True,་,False,པ
IF3ACC3E1,new,aaecd41065d1489e9e28b22b2db432a6,34268,34291,True, ,False,ས
IF3ACC3E1,new,b3e07ebcd7b14d958128fff236688dd9,34453,34464,True,་,False,པ
IF3ACC3E1,new,6da3ae57b3f24907a6119adbf71343c3,34560,34566,True,་,False,པ
IF3ACC3E1,new,ed34bbca17ea484ba294f66a75a87010,34617,34634,True,་,False,ང
IF3ACC3E1,new,82ca984043574859a28d4d0debc6543d,34806,34809,True,་,False,ུ
IF3ACC3E1,new,5cef767660e44f27bae6048c78a4318b,34820,34823,True,་,False,ས
IF3ACC3E1,new,f507c74459ae46fdbc6e9f38c018d1e5,34842,34858,True,་,False,ས
IF3ACC3E1,new,250e0bf298674f6097fd179c4df23059,34881,34885,True,་,False,ས
IF3ACC3E1,new,95f5325b71aa41f498d95c103274e254,34986,34990,True, ,False,ོ
IF3ACC3E1,new,4c95b87a8d154b4fa5e622ec8f403134,34993,34996,True,་,False,ན
IF3ACC3E1,new,8666121e3ac94943b20c6f7cf8860b5f,35055,35063,True,་,False,ས
IF3ACC3E1,new,84b57291bdb948028b68b8e5103a0059,35068,35075,True,་,False,ོ
IF3ACC3E1,new,3f1d52bbd9b74214a00cf706297c4abd,35098,35101,True,་,False,ི
IF3ACC3E1,new,8bf838b335a74cfa918c2fc48c0abf7b,35130,35138,True,་,False,ན
IF3ACC3E1,new,107976435ecb4896a0479d5fa1feddd4,35177,35182,True,་,False,ར
IF3ACC3E1,new,442d2acb2fa64026bd99474b9f954776,35198,35208,True,་,False,ག
IF3ACC3E1,new,60e515499b174052ad170e685fa999dc,35256,35288,True,་,False,པ
IF3ACC3E1,new,fcdccfb6ecc645568f1079688bdb9b9c,35303,35318,True,་,False,ི
IF3ACC3E1,new,8078674520874c0d9a618cfa8d01c173,35329,35336,True,་,False,ོ
IF428CDDB,new,5f7d259e258a46a7b5ad7f3a65e89124,159427,159479,True,\n,False,པ
IF428CDDB,new,5cfb779f0e9f4e64a9913cdb2a7ab455,183913,183964,True,\n,False,པ
IF428CDDB,new,1c899db5443a404cb4f6d5fcde4e699f,229413,229483,True,\n,False,ག
IF6B54962,new,620f2faf4f96486285884e3d61181cfb,10109,10134,True,་,False,ས
IF6B54962,new,a7c10071cfab49339a0041fee1d5484f,10185,10210,True,་,False,པ
IF7A04537,new,2ed4fc68a2344bb197933dc892e8ed8f,7065,7129,True,་,False,ག
IF84B2E71,new,354d3e6d88c74e5c85c4ad2f53430b54,1998,2010,True, ,False,པ
IF84B2E71,new,6d804622d2db466f842807db2a34fb7c,22634,22645,True,་,False,མ
IF84B2E71,new,3fcd421e2a8a4aaf93f3a16d5fc2537d,28244,28283,True,\n,False,ྱ
IF85C9484,new,67abdc80605144a6ada157b809ea677c,6809,6837,False,༼,False,ས
IF85C9484,new,fe059347dfca487ba8ac0887a4b170aa,6860,6911,False,༼,False,ས
IFE0B60AA,new,0f7c7cd337e24559938e87345497c17e,18952,19063,True,\n,False,ག
IFE0B60AA,new,4702eac49ac940918b4706802980a470,19508,19611,True,\n,False,ག
IFE0B60AA,new,d3ce165cf2d547e79d7220bed22a8102,22184,22304,True,\n,False,ག
IFE0B60AA,new,b143c8e95ba9451d9e20a13253682a2a,23249,23360,True,\n,False,ག
IFE0B60AA,new,9044f8bc915b4e74a55feed05b96326c,23946,24051,True,\n,False,ི
IFF541F44,new,7e772423966c4999bca0826593a0d626,6621,6766,True,\n,False,ན
P000013,old,32d81dc84f274456bb294c7e3badbf9d,108505,108898,False,མ,True, 
P000017,old,b2af35204d9c4ebf922dada3926f07ef,2758,2776,True,\n,False,ལ
P000017,old,8ccd2f7c444b4c9cb7901ca5fd333fa0,57193,57430,False,ས,False,ས
P000017,old,47327d74067348a68f2c8654e44ed4e2,67799,67992,False,ྩ,False,ྒ
P000017,old,4020abc5fa4b4b51ac7e7f3e0d9a2237,68534,68607,False,ྣ,False,ོ
P000017,old,688840bc934f414cbeaabcb0ff6973fc,87775,87890,False,ྱ,False,ན
P000021,old,c60477a1f60b43e5a5f2646c90b83cb7,20597,21270,True,\n,False,ས
P000021,old,56cbe4905df24648938f0335aaccc712,190108,190373,True,\n,False,༡
P000021,old,2b2dbfb75023418eb08536e6ba99e183,190375,190408,False,མ,True,།
P000021,old,7dbf3f5202c949c1b15b1fb58d988da7,190723,190792,False,ཁ,True,།
P000021,old,597ab704f00b4650a6cfb689f34ee0ec,191646,191877,False,ར,True,།
P000021,old,cbb2f5c07d804393a2041e0afcc98c51,193384,193571,False,ས,True,།
P000021,old,76d7581d437641d684a07b7dc150a7cb,194935,195046,False,ར,True,།
P000021,old,eb4ee3b1eabf401f9c2716e803f05580,195242,195318,False,ད,True,།
P000021,old,de799f49a6254454b264041ae094a036,199000,199163,False,ཐ,True,།
P000021,old,8da5b6db15f14b39af3e0d3fb33660ef,202853,203085,False,ད,True,།
P000021,old,7d97f11ed95f4c0b9bbf0018dacbbde3,212396,212590,False,ཡ,True,།
P000021,old,dfc84d4219824f0389d8aeae77e28ab6,214688,215449,False,མ,True,་
P000021,old,61a96c4be0f74afea742592df2a13eab,215453,215472,True,་,False,ཅ
P000021,old,c4889887667443db8fb40dcf62e2e52a,219260,219342,False,ྲ,False,བ
P000021,old,0de5c12a8be54c20a96f9b0a51d230e5,220528,220648,False,ོ,False,ཞ
P000021,old,c033a42177e24c63869c4953664479b3,221261,221465,False,ག,False,ཞ
P000021,old,a8af1c26e344466288cb7faa04cad6ac,222003,222111,False,ན,False,ར
P000021,old,9dfab165680f467a978a302b75370e4b,224156,224702,False,ག,False,༤
P000021,old,983455619dbf411b9da120f3618aa310,224704,224705,False,ི,False,ག
P000021,old,460ef081b6f44db8b8e8df560040742e,224707,224724,False,ད,False,ྣ
P000021,old,fa9121343dd9439fa4158e19dc4645ad,224726,224727,True,་,False,འ
P000021,old,d008312213e141f29ed5dc94aa6fee3c,224729,224746,False,ྱ,False,ས
P000021,old,51f5af55fca14cc59eb664b37380d08e,224758,224874,False,ས,False,པ
P000021,old,fa5d6d4698264225adb23dd8127bd53a,225725,225807,False,ེ,False,ཚ
P000021,old,362c2266914b4299860e6bd33452ef7a,233174,233386,False,ག,False,བ
P000021,old,8710fe54e7ae4de0b7c1cdb5db2b3613,235456,235572,False,ྤ,False,ཨ
P000021,old,9931a86bf5e44039933edc6a34a57894,241308,241420,True,་,False,ས
P000021,old,2b26f153d3324a8cb316b81ca44444b2,241464,241607,False,ུ,True,་
P000021,old,3f3c511d12ca4ec88a680a7f8c130a39,243692,243762,False,ཆ,False,འ
P000021,old,c8dd888d933a45c8bcea48fd1b49cfe8,245045,245159,True,་,False,པ
P000021,old,ec3c0e8e96ba4d069d18b39f354c874c,250391,250497,True,་,False,པ
P000021,old,18ebc2a8a1844c81a5d943a4fedde583,251325,251418,True,་,False,ག
P000021,old,59211d939d0c4619806e7201f162b4c7,251724,251836,False,མ,False,ར
P000021,old,ebf71ad356ca418080eb4d6b86f92d9d,252743,252929,False,ཐ,False,ས
P000021,old,8bf8938621f94923ba52b6820a99f8be,255533,255615,False,ན,False,ལ
P000021,old,21b09e4c69a2462d82a1a0f5d063f30f,255895,256019,False,ར,False,ག
P000027,old,7871ca233197444986868d8f1bb5f9ed,14539,14645,True,\n,False,ན
P000027,old,9ce8b6b55e60475ba03971761495c79d,17300,17348,True, ,False,ན
P000027,old,6ed4e407dab241ceba3fb5ba5634d14f,18417,18570,False,ོ,True,།
P000027,old,ad1174d8c0f34c7a8844e59ccadb4e59,19573,19689,False,ི,True,།
P000027,old,90d9fbf90db447b1b8be18500aea71ad,20518,20715,True,་,False,ན
P000027,old,e541bc93d2bb41e1982b804acf1dad22,27197,27352,False,བ,False,ད
P000027,old,d3ca94b1846c49149e48b363bdf32037,29184,29481,False,ས,True,།
P000027,old,09f77a7156db43bcae31e802c51f079c,30825,31143,False,ལ,True,།
P000027,old,00c6c66baf6c4913a96cce5eed603fd9,32719,32998,False,པ,True, 
P000027,old,7fbfd1a61ab1492a9ceaed33a6caaef3,35212,35408,False,ཉ,True,་
P000027,old,5c8596ee3c2f4ff2a6d6ad6788ccfdb3,38714,38797,True, ,False,ྟ
P000027,old,61bdc85698a1475d9c86a2526de0d043,40213,40382,False,པ,False,ད
P000027,old,b232dfae5d1d4dad9e1a60f0a8603dda,43449,43605,False,མ,True,\n
P000027,old,d76aeb8845d444e8ab6a97b1a6bbb177,45606,45911,False,ག,True, 
P000027,old,ef575b7c0cca4d7788f15574a6c901e3,50399,50518,True,་,False,ང
P000027,old,07f2f861b570446ab8a428c413b735fe,51393,51477,False,ཉ,True,།
P000027,old,c5f115f5ba3c482e8dc0cbafa047f1cd,53143,53216,False,ོ,False,ད
P000027,old,2804a7bda6d443a4980f3cad14157fa9,55869,55956,False,པ,False,འ
P000027,old,91c3d1afa48c4b34ad7e1ace38ed82a8,57451,57568,True,་,False,ད
P000027,old,1624f57633334e46b2a9f15c9cb0871e,59072,59258,False,ཉ,False,ད
P000027,old,ff96bfd6fd6d4bc59a92441b1bd81909,60381,60505,False,༼,True,\n
P000027,old,12b6b6de0b744e7e88c28904548f9c1a,61035,61150,False,ི,True,\n
P000027,old,f7a9f20529ea48d2b47e4a4222fd4a06,61614,61697,False,མ,False,ེ
P000027,old,9c6a654fda9642bea475f64a7c7dd0d7,62260,62322,False,པ,True,\n
P000027,old,ddf1f73a2736455dbc81fba239a41799,63372,63434,False,ི,False,ག
P000027,old,d287f1dca9c24a3890890d0ed90692d9,64204,64268,False,ེ,True,་
P000027,old,4b0d7997e1814cd9a05e456b7a06abd8,65213,65274,False,བ,False,ཡ
P000027,old,6bda776a3c344fd6b68da29849f647b3,65779,65833,False,པ,True, 
P000027,old,e39cf26b3f684418aac425c2382bb47e,66186,66243,False,ེ,False,འ
P000027,old,9f47297caf0e458db9e9225bb55b7370,67896,68140,False,ི,False,ུ
P000027,old,94c4d7392b6c4447a337713f4cb3536b,68809,68926,True, ,False,ི
P000027,old,a9c16d2e9ad9417c923a852ba5686258,69533,69653,False,ད,False,ྱ
P000027,old,7d5a335b37084c7c8893ea412a1364be,70943,71033,True,་,False,མ
P000027,old,576373d6b8e74635853bc540a6bc4c08,71632,71762,False,བ,False,ྗ
P000028,old,e3cb1eb0fffe459a8acc058ecb45f2d0,252715,253023,True,\n,False,༡
P000028,old,d78b80900e98470184733214d61095d4,257884,257999,True,\n,False,༡
P000028,old,ba08f7a5ddda486b8843bdbd56ddda90,273041,273161,True,\n,False,༡
P000028,old,eb33e7d8986d4e7d8563318c12d5217e,274405,274522,True,\n,False,༡
P000028,old,9bd442153936408cbd15378ebc0e4fdb,276799,277036,True,\n,False,༡
P000028,old,5c8be998d2b04d009067710f345e6e3e,283117,283196,True,\n,False,༡
P000028,old,b38149b6a3a040d2aad5c5abce34ef9e,300243,300396,True,\n,False,༡
P000028,old,7905a1a1fc234ff58f16f4fedc7295c8,302627,302743,True,\n,False,༡
P000028,old,8cf4a8ba4acb40c892c45adfbe0aca4e,307340,307459,True,\n,False,༢
P000028,old,3a60e02959aa41e89ee67ec9e61f0fa9,309392,309505,True,\n,False,༢
P000028,old,51745418a6eb46fabc08276150954e22,310049,310166,True,\n,False,༢
P000028,old,c5abbe7c2ed946b58e8c1dd78dfb1966,313160,313260,True,\n,False,༢
P000028,old,25d1e2de3d2e490798443146c8d61839,314484,314660,True,\n,False,༢
P000028,old,8475838a688e4bd39efc38c2be5ec421,315762,315890,True,\n,False,༢
P000028,old,cc879cf902c9439a9cb0b8d2394b7c8e,316990,317106,True,\n,False,༢
P000028,old,e28833102c8b4531985f545e3bf4b920,319463,319582,True,\n,False,༢
P000028,old,e17dc34831ce4d1bba6fa688add54126,322217,322341,True,\n,False,༢
P000028,old,37d03b4d592846e4ab95c3042e620aec,324534,324649,True,\n,False,༢
P000028,old,3b72feced60244e285bd37d628a8d934,328316,328423,True,\n,False,༣
P000028,old,1dfd2d4fca9d4c88a107a1c195c45505,331806,331886,True,\n,False,༣
P000028,old,ddca26c6aa72424e8e0c164d8a50c500,359393,359520,True,\n,False,༣
P000028,old,17fc92e375b943669d74a44cab942b73,361135,361258,True,\n,False,༣
P000028,old,1babc4bb27e348d6b3bf8dd54c314b10,366064,366186,True,\n,False,༣
P000028,old,4387b0275d1545e1a655932a1182ad62,370781,371027,True,\n,False,༣
P000028,old,aad742748cd3434b88f21db1a075301f,372056,372173,True,\n,False,༣
P000028,old,d21bb3355a88496e82783c507430a7ab,381970,382023,True,\n,False,༣
P000028,old,e4ec4c0a9c2f496986be96ee6362e8a8,392256,392439,True,\n,False,༤
P000028,old,7fb45c9ae0c9453dab4bb51bff41c266,401083,401200,True,\n,False,༤
P000028,old,dd611e6f501a456ab89c787e832146fa,402509,402745,True,\n,False,༤
P000028,old,114d897985ee45e6bb73aa92f9c4b016,404986,405110,True,\n,False,༤
P000028,old,0152228a9b694d39820824d207df9d36,410420,410542,True,\n,False,༤
P000028,old,619ca646bfec445986b66a8dd2cdd2c7,416588,416705,True,\n,False,༤
P000028,old,6c095f7d577543b7a177dc7e6f7d10e1,418291,418409,True,\n,False,༤
P000028,old,744e87c1448e4ba59927a04ca3f4aa1f,422846,422956,True,\n,False,༤
P000028,old,2919c5c9b4f64f2cbcaeb9f7ed477840,430222,430468,True,\n,False,༥
P000028,old,a33adfa966814152be4132119c68eafa,432425,432539,True,\n,False,༥
P000028,old,a765d54031304e66948913481450dd6b,433581,433698,True,\n,False,༥
P000028,old,13fbaf446a104a308ffd5f55bee0cd39,435248,435365,True,\n,False,༥
P000028,old,9e14139fdc2d4228ae81a3edac595add,441062,441179,True,\n,False,༥
P000028,old,602652f40f3b4e3e970de88365fdb303,442921,443046,True,\n,False,༥
P000028,old,26361f3368a44f3bb151b8ec85d00c58,447530,447785,True,\n,False,༦
P000028,old,cbb362cca4f242abb6dedc7fe857d1e0,458220,458347,True,\n,False,༦
P000028,old,2662f4b0a58f4042967dec528b63ca9e,461056,461187,True,\n,False,༦
P000028,old,bbfb6c0c9e0643fb9fb4db470d18e13d,463283,463403,True,\n,False,༦
P000028,old,94e638d4454a4662987e792a35a6d4ff,464162,464395,True,\n,False,༦
P000028,old,851cbe0dd5744937bda812068d8a3a0a,468066,468195,True,\n,False,༦
P000028,old,e4377053e9484040b488cbb828963566,476368,476494,True,\n,False,༦
P000028,old,62b994c4206544bb92ae8f5490e11eb9,510174,510234,True,\n,False,༡
P000028,old,0e3c473f7b5c4d5d86f3c4d4ebcd8be5,511316,512082,True,་,False,༡
P000028,old,df95b60ced334610b24e606d9b616214,515307,515459,True,\n,False,༡
P000028,old,48c81e18c7db4362a0511dd11d199a41,516232,516468,True,\n,False,༢
P000028,old,c0fbd07005444267825f79eb15ecbfdc,517919,518036,True,\n,False,༢
P000028,old,305efb9c826345ba89a1df5cf0bd3905,518608,518722,True,\n,False,༢
P000028,old,d90d55fe725746b1bdb867f37b110130,519584,519863,True,\n,False,༢
P000028,old,73d66649128147d6b84c50a56e824c64,520800,520928,True,\n,False,༢
P000028,old,17f8d681516e428aa78829dc6a3f33dc,521663,521900,True,\n,False,༢
P000028,old,940f6f85f2504f96803236f446bf235d,522572,522696,True,\n,False,༢
P000028,old,7600fcc0a31d40c4b52f4f1a3ee405e8,522965,523189,True,\n,False,༣
P000028,old,0ca463cbbc8a4a2ca91b00734e5d27b3,524071,524224,True,\n,False,༣
P000028,old,50f91f38d4e644d4943614e4b28a23e4,525256,525384,True,\n,False,༣
P000028,old,572f3af76f924b6d8b2bf980e3507c9f,526078,526697,True,\n,False,༣
P000028,old,1ea6814f128c4a0ebb2a9fca3b5709b8,529374,529428,True,\n,False,༣
P000028,old,fffa645f7ee04e78a4254faad26dc883,530506,530689,True,\n,False,༤
P000028,old,d3e6929bb5834e02b9adfe306bd76368,531860,531977,True,\n,False,༤
P000028,old,f1849978590e4e50a7bbc783b8e02249,532486,532597,True,\n,False,༤
P000028,old,3af6614aa46945869902e9782fcaa5ed,533011,533132,True,\n,False,༤
P000028,old,d1f40c28668c47439b4ed190d61e224a,533430,533554,True,\n,False,༤
P000028,old,f01b24d6b59e4dbebffddee80f2c5fcb,534013,534135,True,\n,False,༤
P000028,old,1ba30f1c51fc4ebebc64a8987f3f2a8b,535425,535545,True,\n,False,༤
P000028,old,59bc28f4df1646e5ae1b53f5caee7150,537062,537180,True,\n,False,༤
P000028,old,fb83563568fa49de9cfcb75c079547ef,538242,538352,True,\n,False,༤
P000028,old,ba2be6f02ab749e989cfc4fd695d7119,538708,538949,True,\n,False,༥
P000028,old,584f955f6e174d62977987caeea37d8a,543831,544067,True,\n,False,༥
P000028,old,cb72e3a945834eadbf9fcd1ddbbbd8a5,545189,545306,True,\n,False,༥
P000044,old,9f5c874256ba42188fe4f98d07edaf5f,151082,151446,True,\n,False,བ
P000055,old,dd240632771841f4b8364f44d2678367,67985,68271,False,བ,True,།
P000055,old,da64c7276a5844aab539850693c8b9c2,92774,92854,True,།,False,ག
P000055,old,b16c8558b13047bf9aa31dfa61305e3c,159249,159377,True,\n,False,ོ
P000055,old,6ce316dc666940ebb8257d265d7b3cbe,160161,160286,False,བ,True,།
P000055,old,381de400b0ba4f3382d2ddb620967e41,160784,160868,False,ས,True,།
P000055,old,48bcd9c59f594bb5b413487b7736dd7d,161455,161770,False,ག,True,།
P000055,old,329546c413134a51ab34cb8282e30e97,163282,163401,False,ད,True,།
P000055,old,89a20852ff4a4e6d9a5b339eba83c501,165192,165264,False,བ,True,།
P000055,old,cc2be9c5098d4fae83e561854d837095,166535,166614,False,འ,True,།
P000055,old,598758c70dbc47b7a545dca9c91f2a55,167161,167364,False,ས,True,།
P000055,old,6055b4d8acc349fea73e17e0b349aa1b,169676,169797,False,མ,True,།
P000055,old,ee54aa7a4f5a4f13934d3ed4756986fd,171983,172065,False,ཇ,True,།
P000055,old,19fb9144b87f4012afb7d9aa9dfe6630,173314,173474,False,ག,True,།
P000055,old,da1717317e3f44beb5f2d466e84c5652,175032,175153,False,ལ,True,།
P000055,old,993b2346fcde4f9eaa25ad6ee8c2a173,176771,176968,False,བ,True,།
P000055,old,53bba6252f944617990bfaea3b9ad651,180042,180266,False,ས,True,།
P000055,old,1089f9c302c34fa5a68c6a5006dc8c9f,185225,185304,False,བ,True,།
P000055,old,702cbefa23d9446eaad5ac61d867a646,188293,188365,False,ཀ,True,།
P000055,old,9bf0c5417a4147ccbc7630bfbd26255c,189425,189505,False,ག,True,།
P000055,old,ddccf86a33474c7fb8de8679eb1a59ce,190484,190596,False,ར,True,།
P000055,old,c2ee013714d84df6bb0ff1605d7b3269,191672,191791,False,ཕ,True,།
P000055,old,0392411c426e4021829581560170c862,193206,193323,False,ད,True,།
P000055,old,1f91b6a3fd274c54934134188cd05cc1,194971,195091,False,ཁ,True,།
P000055,old,c9c5d95a0643450c97327d986bcdfe99,195585,195664,False,ད,True,།
P000055,old,a2a4e93571544d9a9abac8595093e02f,196195,196355,False,ཡ,True,།
P000055,old,369d9d72b2764b2597be125d4ace6782,198431,198605,False,ས,True,།
P000055,old,46f92c57b9d946edb9667d658ee26126,200797,200915,False,ཉ,True,།
P000055,old,5a96376e705740a5a614cc3c58e81811,201681,201801,False,ས,True,།
P000055,old,8eff774f775348a9af401338a653381d,203186,203302,False,ག,True,།
P000055,old,128c2f18414542bcacc826039c9d22cc,205102,205155,False,ས,True,།
P000055,old,f8d23cee85b9400d8259119441978d05,207299,207375,False,ཕ,True,།
P000055,old,9e2857c9d50c4163a75fe1607b7cdb20,208178,208259,False,ཁ,True,།
P000055,old,6ed0aabc0f58425fa8abc1cbe4786b63,210442,210511,False,ད,True,།
P000055,old,f9262b3af5784f38bb52d2d92920f290,210908,211022,False,ཤ,True,།
P000055,old,6534da9308d340a18772696ec49cba3e,213011,213137,False,ས,True,།
P000055,old,fa16b5b9268f4df6a0150f026b38f7d6,216640,216726,False,ར,True,།
P000055,old,08429cd73bea41beac70788236aca181,217431,217567,False,ཆ,True,།
P000055,old,857cf8efb64d4891a553256c0315a0fd,218250,218322,False,བ,True,།
P000055,old,256b43acfe794b30bf113e10f38ca651,221204,221271,False,ག,True,།
P000055,old,3f1cc19714fc4277a7e7d9c1f9e316bd,222614,222741,False,ཁ,True,།
P000055,old,732f31ea87d848068f29e97e2be80d0d,223409,223528,False,ག,True,།
P000055,old,cbf0637b300e4e8a9991c3236c072c54,225038,225186,False,མ,True,།
P000055,old,1a07c3c691a24479b3b9e0390f07fa45,226155,226225,False,མ,True,།
P000055,old,8f070868946045b99f3cd73f1f2b6a84,228343,228459,False,ར,True,།
P000055,old,98edeadaddf14c7794c5a1dcd4c79181,229769,229998,False,ས,True,།
P000055,old,9d5e4a8adc6942479ab3bbcea8141b60,231890,232005,False,ལ,True,།
P000055,old,b923f73a12eb4b7e998624343a32d6b2,234245,234394,False,ལ,True,།
P000055,old,b2c485be463e402d8cce03ca73e45eeb,235192,235308,False,ད,True,།
P000055,old,1eb86e90572945c18c43bac02df92a89,237887,237994,False,ཕ,True,།
P000055,old,99d916b7e3b8445fbfcc1ddac7d2b596,238765,238845,False,ལ,True,།
P000055,old,312bb340958a4bafa8262eee881f3685,239675,239752,False,ར,True,།
P000055,old,2d41d42e69314f3380c14c5656c8df3b,240567,240642,False,ས,True,།
P000055,old,29fa117adf324893b8bdef5ef2de21ee,241702,241846,False,ཕ,True,།
P000055,old,35843de4c0ce4dee80bcd069e8fec0a8,244544,244661,False,ར,True,།
P000055,old,6a8f8c0176d74d8f963ad6795f829a4c,245992,246119,False,བ,True,།
P000055,old,39b068e8cf4448a58fe3399eb6ece396,246976,247092,False,ར,True,།
P000055,old,b1085d84bac74251ab01e2dc07cfbfcf,249293,249399,False,ཨ,True,།
P000055,old,09eabfa86ede43f8ac6d68fd2c40b80f,250673,250826,False,ག,True,།
P000055,old,03028f383b8b4c2c8ad05c1e71fdbe59,251413,251489,False,ད,True,།
P000055,old,bef3014127ac4976a9da7901853bc25f,251744,251900,False,ད,True,།
P000055,old,ce5345ebb66f437a826c872e37445aa3,252845,252955,False,མ,True,།
P000055,old,221e0625534f4b3b88c43289ae7d007e,253888,254013,False,མ,True,།
P000055,old,9d648199c7db455cba063e8ea08d2e4b,254527,254642,False,ལ,True,།
P000055,old,de290113ba3646b7afc0f1da98fa98d3,255170,255244,False,བ,True,།
P000055,old,cb4cff33a1dc47ed9cc48b170414b986,256744,256865,False,ར,True,།
P000055,old,04616b31f8ba4ed1b9886af05fc281b8,258962,259085,False,ཁ,True,།
P000055,old,843d9b1659ee40a9a603d6b66d0bceb2,259778,259857,False,ད,True,།
P000055,old,748548bcc79748ecb6d83b01f4844dac,261452,261648,False,བ,True,།
P000055,old,c7453dfa532b4a73a2bf456e1e1a1e22,263079,263240,False,ཚ,True,།
P000055,old,c0cc03fd7b764342b1653d070a2c916f,265087,265195,False,མ,True,།
P000055,old,0c4835d8e6ff461ba967f248e2b2b31a,266480,266607,False,ས,True,།
P000055,old,d919b78085db4a24a6b570045ed658d5,269064,269180,False,ར,True,།
P000055,old,e47221bfcd6e42aab8f70ebd885eb568,269691,269764,False,ད,True,།
P000055,old,51652a90eeb64c7fb956a0b5f2e7a1df,270588,270733,False,ཁ,True,།
P000055,old,e37b2068535440549e8c84af6acc1484,272008,272093,False,ར,True,།
P000055,old,3f976465b373489582a068831a9a3454,273320,273478,False,ས,True,།
P000055,old,4ec268f5f17c4416a70a9ed187cfd9a0,274655,274775,False,ཁ,True,།
P000055,old,c44f3241ea654ad1b40c3099ca7a50c6,276235,276317,False,བ,True,།
P000055,old,e2e2b4f92fa74b7a979edfba876fd080,276799,276985,False,ཕ,True,།
P000055,old,cd346409a8b74609ac1984eff5f2d8e6,278184,278257,False,མ,True,།
P000055,old,805f683842be401085baccf7e04c9fd0,278665,278748,False,ཞ,True,།
P000055,old,fc368c0b04314323a78a1ba8d994120b,279203,279287,False,འ,True,།
P000055,old,22c27d73814a4337ae7a3fcef12a9e06,280353,280517,False,བ,True,།
P000055,old,f3347e1f42c7475ab91026be3579512e,282600,282760,False,ས,True,།
P000055,old,7c84992ee883427fb2b3526f8b0afbb4,285829,285950,False,ས,True,།
P000055,old,e1a3b2df84614406acfdf6d093a01edf,286778,286859,False,ཕ,True,།
P000055,old,8a44c87c9bfe46a2b510e082f57b829a,287627,287712,False,ད,True,།
P000055,old,7e9f5ecbde3e481280e6ffaac0caf49a,288637,288850,False,འ,True,།
P000055,old,5abe3ec446fc4c708069eef46309ceae,290299,290406,False,ས,True,།
P000055,old,05c78c054a0c48ef991cea79806110f1,291575,291694,False,ས,True,།
P000055,old,d123561418d846cdb822317c18f636fc,292908,293143,False,མ,True,།
P000055,old,7de1f9c74de1434793ec64061ba767ed,294293,294448,False,ཕ,True,།
P000055,old,409d4cd98c7a40b4a95432c8b84f7860,295165,295282,False,འ,True,།
P000055,old,4a3120ed25ef456e90d3f848a8159eb1,296260,296375,False,ཤ,True,།
P000055,old,3cc4b19966554529b8caa8a327f503f1,297787,297870,False,འ,True,།
P000055,old,f7f1c728c966484191315cfc020651df,298257,298410,False,ར,True,།
P000055,old,8352cfa7b82c465db76599fb2dcccb27,301124,301197,False,ལ,True,།
P000055,old,1ae6ae96f4794b4aaf4e17031b464a68,301945,302023,False,འ,True,།
P000055,old,2f50203e3a5f49ffa5cec047d2142e91,303010,303110,False,ས,True,།
P000067,old,9410aee6fe324a43bc1791d0d1c3c04d,395715,395798,True,\n,False,ར
P000067,old,896ff5bd89eb440cb333ed8a8110940b,397305,397458,True,\n,False,ོ
P000068,old,681930e3cc5041939b775a25bd06c45f,100458,100608,False,ི,False,ྲ
P000068,old,d2a12a139bea41cb8c0649ac577804f5,100634,100792,False,བ,False,ྱ
P000068,old,a936a6f1962d4c52b4a2f1fce245c205,130277,130391,False,ཤ,True,་
P000068,old,41138149138c449ebc15d72f24720010,131289,131705,False,ཤ,False,ད
P000068,old,e1f87ceb96714c2f90831d459b6897cd,132559,132734,False,ད,True,།
P000068,old,063ba5956bcb47baa467264ce5045de8,132938,133056,False,ག,True,།
P000068,old,48d29a61f98a427fa4105d45d8d0221f,136316,136480,False,ད,True, 
P000068,old,1b940bd8b4904b27b870c4e42484ca19,138676,139065,False,ེ,True,\n
P000068,old,90c96cf928244f78b12efa3aa6577045,139103,139383,False,ར,False,ར
P000068,old,424c582040af4fa09c1ddfc2efc60df2,139409,139524,True, ,False,ལ
P000068,old,d78a742daa00424893abf8355003cbb7,140553,140676,True,་,False,ག
P000068,old,5a9ec0a51c6b456abf83566eed96bd4b,142957,143130,False,ཅ,False,ས
P000068,old,173ae1dc365c4fa5a9166df47173ea5f,143917,144096,False,བ,False,ཕ
P000068,old,a15db7f104ea41d982e9beb49426e161,148672,148790,True,་,False,ད
P000068,old,8750300101d949d0b11a4cc818a6d186,152397,152576,False,ེ,False,ད
P000068,old,72031fb162374e7ba2c1ca92f92987d0,173784,173906,False,ི,False,ྱ
P000068,old,941d02c168bc4f668e2216c23c16e0ce,226850,226960,False,ཁ,False,འ
P000068,old,edd879e9deb240f38ca494c172e96b1a,228703,228817,False,ན,False,འ
P000068,old,92792a25ac2e48ccad0b127f6f658695,256911,257065,False,ད,False,ལ
P000068,old,dbe4dd97825248b0bed4a0dae85989e6,257096,257204,False,བ,False,ག
P000068,old,b011348add844dbb96ad53f52ca61d52,262217,262300,False,ེ,True,་
P000068,old,8fc368a23d0f4e57aadf7899a8137392,311475,311600,False,མ,False,མ
P000068,old,20ef0b68a38b4dc397bf17e60cefdc42,311620,311802,False,ས,False,ྔ
P000068,old,95db9f0a9d6d4a988b22ba1ddafc3158,312532,312823,True,།,False,ག
P000068,old,8bd625f9367c409a9254980848cac647,313004,313097,False,བ,False,ོ
P000068,old,25b5818197464586814327bfd3624563,314252,314397,False,ག,True,་
P000068,old,619ce1fd5ff5404ba90b02d79eeb4ac2,335295,335384,False,ཅ,True,་
P000068,old,37daafa3d22046a0b8d2df0d1e3be477,344079,344259,False,མ,True,་
P000068,old,1083a4a866014dd6b4662eb6f568032b,347372,347599,False,ཤ,False,ཤ
P000068,old,8aa05a9390bb431fa063e6ef6e0ec00e,347623,347759,True,་,False,ང
P000068,old,0171864562a1492195de753eff7c9663,347791,347934,False,ན,False,ས
P000068,old,65870e5f4dc945f9b4d099bd41d2652b,352487,352822,False,ྟ,False,ས
P000068,old,7a6110c4040945fe91dbd7a4c4ac95c2,355514,355732,False,ག,True,།
P000068,old,27485e4b828c4cbab821fe07406f5e0d,393543,393812,False,ི,False,ཀ
P000068,old,447a7ce1f40e46989468cc28da1e6a93,396897,396985,False,ི,False,ད
P000068,old,b1088311308d4ab5979b0a452df1bcbd,400857,401008,False,ན,True,་
P000068,old,c6f299a7521e48b0878cdc09a61155e1,401745,401887,False,ོ,False,ྱ
P000068,old,42e1b357d2fa4918b7864bcae67f2343,405367,405733,True,་,False,ོ
P000068,old,6ed2d8c54aa946f2a327f830ddc9ebf1,420624,421101,False,ས,True,\n
P000068,old,f807fa79ce1b4f9692a056b555d951ec,424385,424882,False,ོ,True,་
P000068,old,2cc4071abfaf44ecbab7dfc64ddc01db,424911,425030,False,ེ,False,ཙ
P000068,old,fa663fc9ff154cec901b4e0b132e7a3f,426154,426244,False,ོ,False,ེ
P000068,old,7b7eb058bb044e1090dbb6294d6f2c73,433690,433809,False,ག,False,ས
P000068,old,3c3acabd30bb4a958b9850f67dda3830,436498,436848,False,ོ,False,ི
P000068,old,aa5ffff11dbd4d1aa8603e31b682d74e,442683,442890,False,ྟ,False,ོ
P000068,old,7df24b2570f54ac094fd0c73681d0a6b,443852,443973,False,འ,False,ྱ
P000068,old,09bacfb2ac4f4249a41311a1f0a3efee,444016,444196,False,ི,False,ག
P000068,old,a8e395acbc0d428ea91b269961d47f52,446269,446440,True,་,False,ཆ
P000068,old,00341f4f55844cf69992c895bf1fe938,449002,449112,False,ག,True,་
P000068,old,026b0d4165dd4a05812bffafa3905f69,452119,452292,False,ས,True,་
P000068,old,24b8909ad4d3464f96f85de09fab531a,452617,452765,False,ང,False,ད
P000068,old,ead91553a2864dc8a2e5fd0aa7d64752,455604,455709,False,ན,True,་
P000068,old,cf18f7d4a2994c18b78fd8545abcff94,460410,460526,False,ར,False,འ
P000068,old,3489a0820bad4878877a065012ba610f,461174,461296,False,ུ,False,ད
P000068,old,3e3d274e21a94360b6976b59ae417032,463765,463918,False,ུ,False,ོ
P000068,old,1efde56615c54c73b96792a84de5f7aa,487066,487155,False,ི,False,ཆ
P000068,old,27fddcb04e624a9db1f6dfaf1db41224,496500,496616,False,ོ,True,་
P000068,old,f21e3b74f92643988803e12c321d91ef,497142,497248,True,་,False,ང
P000068,old,f266402b1e724c5e9f52aa09544292f8,497642,497953,False,ཡ,False,ཐ
P000068,old,3e406866b44d4046a534d0130dc2f402,497981,498166,False,ང,False,ྲ
P000068,old,3274f7add2e3456d9b4b48f58f34e872,498360,498600,False,འ,False,ི
P000068,old,e2a583299036453ca16f1241de966756,498628,498899,False,ྣ,False,ེ
P000068,old,351665a6df504f2c93e1db86c23b505e,499063,499294,False,ས,False,ྣ
P000068,old,2d0fa47c3b9f4feaa1450ca169dbc17e,499322,499530,False,ུ,False,ྱ
P000068,old,79314b150958455db12db9dd0b3b7bbb,499908,500033,False,ག,False,ས
P000068,old,0454f726ee96443898ed8f9812614cd0,501502,501634,False,ག,False,ས
P000068,old,8ffeb6623d934d74aa7177b26e763db0,504623,504743,True,་,False,ྟ
P000068,old,9548327e9ad3459bb26a07551fbab060,505363,505490,False,ང,False,ུ
P000068,old,13de0ef6883f4f7784b9fd7ec70272b2,506419,506572,False,ག,False,ད
P000068,old,f08481e072234c578c2148da292bbf3c,507177,507307,False,ུ,False,ད
P000068,old,658d0c45b17a430884504f9a8033d4e8,508016,508257,False,ང,True,་
P000068,old,e00a5b3a1f554bd9bd4578d30a4e893a,508455,509036,False,ྩ,False,ང
P000068,old,6f065f7fb12b4966b996d7171309fdce,515936,516124,False,ུ,False,ཐ
P000068,old,ee79d567ffbe4c1bb1cc6885badf4ec9,523954,524085,False,ག,False,ག
P000068,old,72dc3ee8cb844815ac340cb84dbd7ffd,531274,531478,False,ཟ,False,ེ
P000068,old,709c631cdef94a94825b3c12362fbfc1,535930,536191,False,ས,True,་
P000068,old,79ebd79596e14590b5ee4f61d27b16b4,537245,537369,False,ྱ,True,་
P000068,old,976dd30090f44b14891a04c97e867be7,537477,537738,False,ག,True,།
P000068,old,56f1cbf4937642a6bff323130d5bd35b,539279,539402,False,ར,False,ྗ
P000068,old,2d79d2c17bff456baf9a036404b6b129,544275,544396,False,ལ,False,ེ
P000068,old,8a0bb5c61a894835a498d9718f811d75,548492,548623,False,ད,False,ེ
P000068,old,80b46a0564ec4f6d8438019652a2ec90,550189,550330,False,༌,False,ག
P000068,old,25d79a7bb2ff468c8a80556930f7beb8,550680,550918,True,\n,False,ཐ
P000068,old,74f31609ee634e1e8a8573d9ad9cbff0,553314,553491,False,ལ,False,ཕ
P000068,old,82d17cd15d0446d89bf787062f98a220,555924,556149,False,འ,False,ྱ
P000068,old,23c712ea631c491280fe6d83d609a942,556371,556634,False,ར,False,ི
P000070,old,f6ae55849c7941d1895a5fdf56b00055,101166,101907,False,ད,True,།
P000070,old,3c828745ed4e4adbbf8e683564dffa58,102436,104351,False,ི,True,།
P000070,old,597fc80d1dfb4faa811d1d12647a1689,104453,105310,False,མ,True,།
P000070,old,7aadb4375ec24de78e8d3bb3af633dea,107227,107499,False,ྱ,True,།
P000071,old,1b586030386f4c7984ac59fefd4b5ada,77617,77631,False,ཞ,True,།
P000071,old,e23716a683fd41b3a44270d1011dc17a,78990,79107,False,ལ,True,།
P000071,old,6518facf3e7f478ba9e39ac7687e0a78,79543,79665,False,ད,True,།
P000071,old,3bf4c1ed60ec4c738f9b26e389ff5ed0,80873,81126,False,ས,True,།
P000071,old,fae4848ef2aa4e2eb375b8767b3d84f7,81846,82036,False,ད,True,།
P000071,old,d5cf3d1dd1374db2ab352d8a3a323afa,82882,82948,False,ས,True,།
P000071,old,d7cf85982d254c6e8ef49619def51b27,83229,83581,False,ད,True,།
P000071,old,57f6efca9054488984b21fc288578aee,84859,84988,False,ར,True,།
P000071,old,c13287de67174c84a126e59e35818824,85460,85584,False,ག,True,།
P000071,old,2bdcaa83c8cf46a385c5580533092ec2,94260,94418,False,ར,True,།
P000071,old,8df433dcaa3d4111ad9559234cdb8edf,95405,95553,False,ག,True,།
P000071,old,4c570081f6a8498b90a579943659dba1,96832,96985,False,ར,True,།
P000071,old,0e17f816bd424224baba2f1f97526d97,99859,99930,False,ད,True,།
P000071,old,f2d6749991834b94aa4eb827d89b9be9,108528,108603,False,ལ,True,།
P000071,old,5e974f517d2743f8a17329fbe1d2b6fc,113830,113979,False,ད,True,།
P000071,old,0487d24c02514bc7b0164c2b47012ff8,115085,115246,False,ང,True,།
P000071,old,3279478b394e4d0a93edd802052289e8,119635,119957,False,ཤ,True,།
P000071,old,8dce5d09bc114c7782fa6dc94895e2e7,123599,123754,False,ག,True,།
P000071,old,d985e80e2f3c417da20715bdd9927152,128879,129031,False,ག,True,།
P000071,old,d85862c26f5f4e82bb9f08fc61c524ab,133156,133298,False,ས,True,།
P000071,old,0242a19de55043a0a27d36d40daf7c0b,137349,137498,False,ན,True,།
P000071,old,fb970b0d00454960a973a72fd47e88c7,139805,139953,False,ག,True,།
P000071,old,c3fb62efeb0546e1880e4ea4f496de2a,143431,143593,False,ད,True,།
P000071,old,84127c2e215c41669cb06ebbc2ea8490,153164,153390,False,ཐ,True,།
P000071,old,4134233870754caeb99df2866d6344ad,154580,154659,False,ད,True,།
P000071,old,8b8b9969d2ec4c4f97ac277cd6bc0f1b,158565,158792,False,འ,True,།
P000071,old,b062ac44168a4abc904e8432c79012d4,160064,160134,False,ཤ,True,།
P000071,old,73d208d6b60f42db8f9e147f1f23d18b,162070,162136,False,མ,True,།
P000071,old,de93a10d661748ce9d3fb97329da459f,164231,164314,False,ལ,True,།
P000071,old,a378ce0e206849f1bfa8b8bb0ecb9bf1,170663,170778,False,ས,True,།
P000071,old,9ed0d6a4aa93415fbc4879e18987e40c,173978,174109,False,.,True,།
P000071,old,aac90817110743a68a321f5ec93e4699,176438,176597,False,ར,True,།
P000071,old,b44152080002445e9b785765dd4c5d90,183544,183624,False,ཆ,True,།
P000071,old,310e3708b86942cd947f719739dca795,197680,197742,False,ག,True,།
P000071,old,ac35cd4eee304bab977c2661c31ef220,200255,200350,False,ན,True,།
P000071,old,1fd6fcd987a34a4b83ac3dff2f0fb493,203229,203285,False,འ,True,།
P000071,old,17d3f55eb72244e2b209bc39421ed176,206484,206541,False,མ,True,།
P000071,old,9ee561db19b94d4f9f9b64b352d12e38,208035,208097,False,ཐ,True,།
P000071,old,31025ee632704e6ebbc20e122487a789,218768,218830,False,ཡ,True,།
P000071,old,d99ba5863e1044e7a936b587fb89d3f3,222591,222709,False,ས,True,།
P000071,old,e19b7826e9db4792b45c419b78b81ef7,223276,223424,False,ས,True,།
P000073,old,7f67d7425eda481194c8bb5c90585f06,508063,508476,False,ྱ,True, 
P000074,old,93a010ced9c3453f938821e5963163b3,56307,56548,False,ད,False,ི
P000074,old,bc3c23435a1e4fe6952fff87f1b9886d,56601,56745,True,།,False,ཅ
P000074,old,d1c7c2fe7e804dfeb86a0baf7618d48b,80228,80287,False,ར,False,ེ
P000074,old,e66a87aa311542a8ae189aadddcd9c87,113816,113970,True,་,False,ས
P000074,old,bfeb3cd3c0234591963349f807d49c38,199352,199592,False,ཞ,False,པ
P000074,old,80100d5f09dc47e6b77f58f67a0719e9,199852,200080,False,ན,True,་
P000074,old,f4fe902293dc4e9f93ddc2655bd05d7a,200201,200317,False,ེ,True,།
P000074,old,9da6a072bbc1436b924a8f6d6c21be07,209560,209615,True,་,False,པ
P000074,old,b4c876a207d248cfa1b62c899f44b746,209881,210046,False,ར,True,་
P000074,old,1a140ce7008e4db286f8a2dd998a0734,210564,210679,False,མ,True,་
P000074,old,72eba52e25cd48f1b90acd6414d23008,210921,211091,True,་,False,ས
P000074,old,d6f096718fcf431c9d43b3de5ff41bc4,211439,211492,False,ྱ,False,ར
P000074,old,40d3707086804bc4bdcbfedf879f60b7,212708,212881,True,་,False,ས
P000074,old,9eef64afd71342b39aca499b9920556b,213484,213651,False,བ,False,ྦ
P000074,old,b53901c44796498e9f4673a802c8ae6c,218932,219049,False,ཡ,False,ད
P000074,old,3e2af90c1aa34d079af88339548c84e6,219237,219298,False,ན,False,ུ
P000074,old,75bb3639dc8740418198ff89e3edaa24,238627,238684,False,ུ,False,༌
P000074,old,30310e018f4f4736be54af149279e21b,238802,238855,False,ས,False,འ
P000074,old,61b10ced823d4bc78d197355127e092a,239111,239165,False,ྔ,False,ལ
P000074,old,629c7dbc6f1d4204ac7d90ab7b6595c0,244990,245036,False,ོ,False,འ
P000074,old,f2766f04401546cb8bc057cdabf6ec0b,301121,301233,False,ཕ,False,ི
P000074,old,05aa189b2d3748579e91dbec04884acd,302706,302820,False,མ,False,མ
P000074,old,76d3ef4bb5864414829c9f4e9947bc54,303098,303214,False,ན,False,ཡ
P000074,old,8753afe6780844568aa6192ed64edd25,320041,320155,False,ཚ,False,ྱ
P000074,old,0bd487c3be9a4e00a90e4f9156694c6e,485751,485880,False,ད,False,ད
P000074,old,8e0797815e9b41de887b40ea7b7c17ac,644722,644842,False,མ,False,པ
P000074,old,59162b5bd5334852b89954e5fd9a9206,645085,645195,True, ,False,ི
P000074,old,b5b72805872f4bd89bf0951ca7142ba3,645453,645568,False,ི,True,་
P000074,old,9881caeb54cd413f9e857e582e66ce3e,645693,645797,False,ག,True,་
P000074,old,5f710068f4654dd184447509d191b729,645945,646055,False,ག,True,་
P000083,old,4767c6e454164bd78d9f07fa2c3a5e21,22254,22327,True,\n,False,ས
P000083,old,7c117a0b3ee94e02876f75c0b5d39ed1,26689,26986,True,\n,False,ད
P000083,old,34bbe50e802b4064b6ade1815a7d1571,40026,40165,True,\n,False,ས
P000083,old,73616b2ca4b74f6ba03f7812f3b613f9,40680,40799,True,\n,False,ུ
P000083,old,ad4f1dda5096438ab3a3ee3c464db8df,41492,41581,True,\n,False,ོ
P000083,old,41b4a2ad82fe478d816c164752311291,42518,42693,True,\n,False,ས
P000083,old,d3c82a0d799a4786a3c502bf8da9845d,43520,43590,True,\n,False,ེ
P000083,old,58763912325944e6bd86ed61f31363c0,46573,46674,True,\n,False,ྱ
P000083,old,d9369b2d14cc4b6fb1e0788ff25aee5a,47553,47695,True,\n,False,ག
P000083,old,1508e56562134f348c2218cee91c3209,48754,48993,True,\n,False,ན
P000083,old,a14ab731e58544e0ab7028e077ebde4a,50867,51002,True,\n,False,ས
P000083,old,cdbb41752f5844caa7f7458b22f1367b,52031,52114,True,\n,False,ི
P000083,old,38ac5b1773a145a087585ce67338ee07,52869,52932,True,\n,False,ྱ
P000083,old,dbe089f788f14698be1c6853efc721c0,54686,54797,True,\n,False,མ
P000083,old,bd855b3945dc4c2f8179f7658de8fc4d,55595,55879,True,\n,False,ན
P000083,old,cfdf0b83f614470bb90ffef87aefeb8c,57644,57782,True,\n,False,ྱ
P000083,old,263a3fca81874da3a1554f4f1ae44da7,58732,59049,True,\n,False,བ
P000083,old,ff963f5423c847349fe4987dd8f28f13,61157,61333,True,\n,False,ད
P000083,old,3084581fb4434fcc9745fd299ec128eb,63144,63291,True,\n,False,ར
P000083,old,6c82ebc2f57744b3b7768dcee78135a5,65549,65698,True,\n,False,ད
P000083,old,a4e4e583c03c4a6a92fe7db90edd8905,66865,67749,True,\n,False,ྱ
P000083,old,219ae644b90342ff96564f84d19203f4,74563,74709,True,\n,False,ད
P000083,old,44b37573bd73416ab6607a0abf9a4596,75927,76079,True,\n,False,ས
P000083,old,185e9ae57a6b43e0a58a1761547983cc,77798,78178,True,\n,False,ྟ
P000083,old,e512971e44084bebbcd1324c413dcccd,81476,81738,True,\n,False,ད
P000083,old,71216b17c38c4fca89bb8d6ae8878852,83041,83110,True,\n,False,བ
P000083,old,c554741a32cb4ca7ac443a16ed2e94b3,83518,83697,True,\n,False,ྱ
P000083,old,bab584c920b243709809d7f5efeeb839,84846,84911,True,\n,False,ས
P000083,old,9d0816c9bfac4aaa84731c4f1e84aa05,85417,85559,True,\n,False,ེ
P000083,old,5b96a8cdee0a442296e7a92fe2a27eda,89238,89357,True,\n,False,ལ
P000083,old,c222781c97d34d39ae828c2d53b692ac,90034,90174,True,\n,False,ྱ
P000083,old,818b710c4f444f78ae0285f71dd291ee,91010,91299,True,\n,False,ན
P000083,old,e460b05943c04c4f966e5bde86bdf4d9,94448,94588,True,\n,False,ར
P000083,old,3e04534856df4adb940c3cc5b6478cab,96883,97017,True,\n,False,ྱ
P000083,old,925c64716081407bbbbc56cca59f4f8a,102341,102409,False,པ,False,ུ
P000083,old,64262719b09b48e593e03b1c814504bd,103174,103283,False,ི,False,ྣ
P000083,old,e178f638eb5f4d9aac2d299788a47442,104685,104759,False,ན,True,་
P000083,old,b59250c892964b4f85417948eeda5b95,105342,106095,False,ལ,False,འ
P000083,old,b4629fa657e842a8a2b975ab22043cd8,107211,107355,True,་,False,ན
P000083,old,16fd7004f9e24818897c8b110c132a42,110860,111020,False,༼,False,མ
P000083,old,ddc284049df647e683cabec2038bacea,111904,112057,False,ྱ,False,བ
P000083,old,756a1f13538e445a98283874cec7be17,113600,113761,True,།,False,ཞ
P000083,old,037b24e1d6f04f7aaa76c346fd8eb82a,115223,115297,True,།,False,ྟ
P000083,old,f2592cd7896345eebb56302fcc533413,115916,115993,True,་,False,ཕ
P000083,old,d50ac5a720fc46ce83808e44b843c40d,116851,116917,False,ི,False,ཞ
P000083,old,d2fd16f706594e7085b6d21a92520f7b,117415,117491,False,ར,False,ང
P000083,old,172f27a95d1d45359f5e1e64e208d84c,118948,119022,True,་,False,བ
P000083,old,f3e00d0da8064bc3afa01f08eb9a5810,119609,119689,False,ཀ,False,བ
P000083,old,0a481a2cad09479cbc5e2f4953b09341,120412,120485,False,ོ,True,་
P000083,old,9f25fc258e0d409ca82d88a0294fb384,121361,121504,True,་,False,ེ
P000083,old,b74c995513404878a572377c42f70c6b,122882,123108,False,ང,False,ྲ
P000083,old,dce09963086844e9b10355b54d76558e,124706,124780,False,ད,False,ཞ
P000083,old,6a5ebf57eedc4cba89611000a958e592,125291,125463,False,བ,True,་
P000083,old,a335c995adbb459598efe2f70e6672f3,129753,129831,False,ྲ,False,ྤ
P000083,old,8389d425269f4ab99a70e0a30bc2a4c8,130213,130362,True,་,False,པ
P000083,old,cb3c4afd40b24f7792d02bdf5cef25ac,131729,132228,False,ྲ,False,ས
P000083,old,35dd84c072524fc884f5bbcc7926a88e,134584,134806,False,ེ,False,ྒ
P000083,old,d21558ea10a6487798dfb00c1ab5771e,135595,135770,False,ྲ,False,བ
P000083,old,71716987766f42adb8a6e6459a18c35c,136452,136639,False,ཐ,False,པ
P000083,old,7cad992babb640569dae562314197c4b,137493,137640,False,ར,False,ར
P000083,old,e58818d6cbf745faba1b5f734c80fc6a,138306,138925,False,པ,False,ས
P000083,old,57b5492a984245798f14fcceef0ccecb,144899,146166,False,ུ,False,མ
P000083,old,053e4db908d9428c998b3ef0fa4cd956,153811,153917,False,པ,False,ེ
P000083,old,234a97307b074d6a92bd6552c6a0a495,155737,155903,True,་,False,ས
P000083,old,1da1109638f3476098fbef9340747aa3,158925,159078,False,ྱ,False,ི
P000083,old,a769427974b34b2cad5e6772f5bd0480,161824,161933,True,་,False,ོ
P000083,old,883afdbbee0f476ab46f05c77620e81d,162490,162563,False,བ,False,མ
P000083,old,e91b195b06f34855ab09e9415209f192,164454,164550,False,ཐ,False,ལ
P000083,old,9774216001f2421fb26f54ce8b795b1a,165292,165404,True,་,False,ེ
P000083,old,99ba82aab7a04602bd3a85dba74c3154,166791,167092,False,མ,False,ོ
P000083,old,716cc8a9c8e047c4bc30e782aa91b42a,168832,168905,True,་,False,མ
P000083,old,0397d8d842f04b04bbf0774fe915c25e,169564,169713,False,ད,True,་
P000083,old,b13da49f073b42408db2077e6b2babc3,170242,170394,False,པ,False,ེ
P000083,old,40632da4805c4ffcb72c6c6e0687e304,171642,171823,False,ན,False,ེ
P000083,old,0f8cf3b6cb9a4d07bd2ad4568b7ea08b,173918,173981,False,ུ,False,ག
P000083,old,cc6de006a8d142339905b16df9296d46,176704,177050,False,ྟ,False,ས
P000083,old,9ecd78032f194173be7389e3048df5cc,181567,181642,False,པ,False,ན
P000083,old,41b9a5ced439429c865393f37fb20cac,182112,182298,False,ད,False,ང
P000083,old,3ea6abac9a694ce283768652b8e16928,182952,183026,False,ད,False,ས
P000083,old,7104d5deb5c542e2bbc5c0d65b38ce60,183455,183635,False,འ,False,ཚ
P000083,old,95df7cb5b75846d19ae29b83ab897fbb,184941,185638,False,ུ,False,ང
P000083,old,f447c42414f6464c831dede3c2b34035,189193,189456,False,ར,False,ྱ
P000083,old,f847554ba9f0495a93eb5ab6d1b0c0ae,191761,192077,False,ུ,False,བ
P000083,old,9524d34bac584d30a8681063a5386f2b,193420,193533,False,ར,False,ི
P000083,old,9109d1a66a99430ea2060405a522b15f,194008,194157,True,་,False,ར
P000083,old,b499773c9a8f4f278ee318cf4febf36c,194953,195663,False,མ,False,ས
P000083,old,ea8b72c27cdf4969b8e22b12e4332918,197851,197965,False,པ,False,ྱ
P000083,old,a0fb92d995e849d7a8db940625daae0c,198622,198693,True,་,False,ན
P000083,old,48e5ff44580b4df8b0a6079e10c0b7d5,198984,199349,False,ག,False,ཁ
P000083,old,34b49dce733c46e8b10935916005f701,200688,200839,False,ན,False,ཞ
P000083,old,2ef9aebf99bc47faa24c816533724b73,201816,201895,False,ཆ,False,ྱ
P000083,old,5fc6b6d47a464c608a2e0b722b7653b4,202609,202901,False,བ,True,་
P000083,old,ca6c293dd7a747d8885208c688e404d1,204014,204173,False,ོ,False,ད
P000083,old,aec63a37de86464387f81e446a7347fc,204857,205024,False,བ,False,ར
P000083,old,10b1dadfea794b1abe4c085d9c8bcad4,205865,206013,False,བ,False,འ
P000083,old,1ef2c453578d43f2a43771f151fdac6f,207007,207176,False,ཅ,False,ྗ
P000083,old,6269672c62ab4822b813675968dbc07c,208711,208786,True,་,False,ར
P000083,old,8ede752503954736bc266faad1e2efbc,209203,209790,False,ས,True,་
P000083,old,02c73b0048964ba09fdd7f28bbdf601a,211355,211456,False,ད,True,་
P000083,old,d6eba0033ef640d8b51a10225a320764,212065,212132,True,་,False,ས
P000083,old,0791228ec5694d69b3fb3400a1824f7b,212575,213240,False,ུ,True,་
P000083,old,ffc01184733f4d688876e19bd7721bb5,214951,215174,False,པ,False,ོ
P000083,old,f3656c3b5a6649bbb63b3627a3c3f1e0,215890,215972,False,བ,False,ས
P000083,old,818785d384214cecba435407fe032cc1,216325,217146,False,ད,False,འ
P000083,old,205939bd516f47f493e377ac2ee0de43,219765,220152,False,ྡ,False,ག
P000083,old,d27607b7078d4165859c5ae3cf51360a,221034,221144,False,ུ,True,་
P000083,old,2109f95a446f4850a992ca344684d3b6,221490,221845,False,ྟ,False,ྙ
P000083,old,de1b3b40d7b046ba8136d85f790acffb,222716,223325,False,ད,False,ེ
P000083,old,64ff377efe7641a68a347e0943eefb9c,224756,225157,False,ཟ,False,བ
P000083,old,e25b87d6f8e346cfa02a95f0f838f57d,226278,226616,False,ལ,True,་
P000083,old,e420be4b0bc443a6a37d0e05fd8ae79d,228399,228576,False,ཤ,False,ོ
P000083,old,ca833a8e23f948fc98ae2a04fd8c1153,229567,229779,True,་,False,ན
P000083,old,09df8dacd2bf4ab38b21e0c2811b0b6a,231413,231563,False,འ,False,ར
P000083,old,5de1162511454604af47eb046300a317,232125,232263,False,ོ,True,་
P000083,old,015cc7aaa5b84957ba1ffc710c1c1ef1,233171,233242,False,ད,False,མ
P000083,old,142b0a11fdad4344a6fc68496e523abc,233733,233889,False,ྔ,True,་
P000083,old,e3a0308bd72d4904a68d1c85294bc9d6,237262,237334,False,འ,False,ྒ
P000083,old,dac7e0acc63a4026b201c15693586210,237866,237999,False,ཤ,True,་
P000083,old,0b5a9bcea3114ea0a92a8c1d0c9cd333,238512,238656,False,ུ,False,ཀ
P000083,old,afe6e9d712c647d8b95e5e2eaa3527be,239043,239222,False,ོ,False,ང
P000083,old,522bf835fc924d8abf709956b8fe1573,239760,240038,True,་,False,ང
P000083,old,8a84311fbf92433ba3b689a6ae8e5151,240736,240978,False,ཉ,False,ི
P000083,old,b2937aa114024b60986645c8408e9513,241723,242043,False,ཀ,False,ུ
P000083,old,b7a255e90c894f60adbf341729b3df4e,243197,243440,False,ོ,False,ི
P000083,old,96eeea9f390f4df1a00fc7c10f1f3c2f,245906,246120,True,་,False,བ
P000083,old,c1b6f500e08b4220b0f943d9f4de8f61,246996,247142,True,་,False,འ
P000083,old,b9cfdd51431a4d31bb2826b406f6bb1f,247640,247777,False,ད,False,ས
P000083,old,723a396260b84e9180e379e0e1002379,248621,248692,False,ག,False,ི
P000083,old,6aeb871d32944f239e512f511fb16c93,249549,249692,False,ྱ,False,ལ
P000083,old,b3692e347de04edba869ae96dac6fcfa,251172,251440,False,ད,False,ྲ
P000083,old,676d1f63b03748b3992c7715ca5c09fc,253583,253850,False,ོ,False,ང
P000083,old,d3da30a9b01640068e4d1dcac3af4c6b,254930,255013,False,པ,False,ི
P000083,old,f57b316c77f6485b8acfdbd9b1db9dc6,255509,255839,False,ི,False,ོ
P000083,old,eec0bd6b803e476b82b3036e4ba1cb15,257444,257515,True,་,False,མ
P000083,old,2c95ca69f9914e04b357267efaec40e0,258778,258920,False,འ,True,་
P000083,old,68fbdd1aa6a748e9b5e42f82d119966e,259964,260038,False,འ,False,ས
P000083,old,72d2439c6a414a7592b35579ea17f563,260293,260446,True,་,False,ཕ
P000083,old,9a9716d495be43bb987eddce24012368,261049,261351,False,ྱ,True,་
P000083,old,414206de0ad34e6c8743f0604de99237,262474,262913,False,ད,False,ས
P000083,old,3a9324d0202141bf8d38ca6dd7b66ada,264742,264851,False,ཉ,False,ཉ
P000083,old,fbee424ea9e8480abe2929addbc57d68,265807,265995,False,པ,False,ི
P000083,old,d2fd04fbb3df4c3b9cd36cd909d5ca1e,267043,267188,False,ས,False,ད
P000083,old,59d9145842ae4510bd6a0efe1376611e,268038,268143,False,ད,False,འ
P000083,old,512243bd416c4403a56113121ee7bc22,268997,269267,True,་,False,ས
P000083,old,27e944945d4844e9aed64269d7da90c2,270437,270515,True,་,False,ར
P000083,old,1a4cb4d5d6b34f0a922176f83663e214,271518,271590,False,ཚ,False,ེ
P000083,old,1fdb437a1ee048be9e3e6b563e07c3a6,271916,272141,False,ས,False,ྷ
P000083,old,d8e73e32f44e4fc294ea91d778d4beaf,273278,273350,False,༽,False,ྱ
P000083,old,df539c7cc0f94febae2b7f9686b40cc3,273678,273787,False,པ,True,་
P000083,old,d8c63df784a445ac8ac9e70bb9c4ebdd,274370,274440,False,ང,False,ར
P000083,old,80e934a8463f4774b90c88bd51e63ab5,274760,274840,True,་,False,ལ
P000083,old,6a9848bbdebc42cd8196db97a7fc37b2,275322,275394,False,ན,False,ས
P000083,old,95f0c7f067364a4f8c3765825a93e2a9,275752,275983,False,ར,False,མ
P000083,old,8f5412d0c17a47c8ab3b013f70eda7f6,277529,277673,False,ི,False,མ
P000083,old,cffab0ad798e4e83ae78be8423cf2dab,278539,278685,True,་,False,ས
P000083,old,49a57c9fbd2c4ae6906f02486e6ac7be,279238,279382,False,ི,True,་
P000083,old,4788c12110594cdd9f47910a884784a0,279955,280103,False,ས,False,ས
P000083,old,d403d3d7ee514e87bf10ada3cfd5bd8b,280558,280702,True,་,False,ད
P000083,old,9093a420af234bf9aa2c714ea3b15639,281384,281542,False,མ,True,་
P000083,old,5339d24b1c9348a499452cb6c6a07476,282150,282221,False,མ,False,ི
P000083,old,13f1ceed13514a41ac81208e28d5b463,282558,283401,True,་,False,ད
P000083,old,6486746a56bb4fd78c285c08ee14a065,285447,285593,False,ི,True,་
P000083,old,6a05245fac5548a7af50aac45bc3940a,286079,286238,False,ོ,False,ང
P000083,old,6fce5c589e554958aa04266c24dccf20,286931,287601,False,ྦ,False,མ
P000083,old,12800aebd1a144adb3c9807308d6ef1a,290095,290851,False,བ,False,ྱ
P000083,old,4bedc6258773456e8e5f72421e10c250,293722,293846,False,ྱ,False,ེ
P000083,old,f2e0ab5617ba462d8580d303fabd30f1,294589,295929,True,་,False,ི
P000083,old,a9c34ce9d0e247a7acadaf73e24aa933,299753,300043,False,ད,False,ན
P000083,old,edb9b87ff3004ada93dedb02d43ef3e2,301328,301539,False,ུ,False,ཟ
P000083,old,91ef11fcfd0343bb95a6a49632a82d9c,302451,302719,False,མ,True,་
P000083,old,4c44192afa394785b11e6d7b8814db47,314252,314447,False,མ,False,ུ
P000085,old,9c8e82bb5f31484ca091372303631d69,686316,686435,False,ཆ,False,ར
P000101,old,77c8d901317a4589854ee1dd5085aa4e,107144,107636,False,ཞ,False,ལ
P000101,old,6a58da9287104787925eec3f223caf60,257688,257803,False,ེ,False,འ
P000101,old,b85cdb31beb14b50b69050591e7f0ad5,401063,401182,False,མ,False,ླ
P000111,old,9718724994634965ac687d3d17eab327,114753,114903,False,ས,False,ག
P000117,old,12187ad7c25149109c3e159485c32efa,2630,2782,False,ུ,False,ི
P000117,old,a640082f1cd147c5b2e14384068ede3a,2784,2942,False,ལ,False,ལ
P000117,old,0dd9da73f1784d65b491b6a69abfeb81,2944,3095,False,ས,False,ལ
P000117,old,153a13a482544e1887df49d27e9f2b94,3097,3254,False,ས,False,ལ
P000117,old,4f18f80893ea4aed982cada59110b058,3256,3421,False,ས,False,ལ
P000117,old,26258d6cb7f448cda4ab0e4b4b1387ea,3423,3586,False,ས,False,ལ
P000117,old,fda1933e111548b1ad899f968d342b6f,3588,3740,False,ས,False,ལ
P000117,old,b7161d88bd2a4bdcbf2289340aa6606e,3742,3899,False,ས,False,ལ
P000117,old,21f089fe226d4947b5af758055320bb8,3901,4058,False,ས,False,ལ
P000117,old,20610c7820be4ee8ab061089b0e5c12a,4060,4211,False,ས,False,ལ
P000117,old,e957ff8045e54cfa8324ab3700ee4153,4213,4368,False,ས,True,་
P000117,old,ad39c13233ae410e8b4ea9afc450a9b1,4370,4531,False,ྲ,True,་
P000117,old,a42be74dd6864a5683c13eff893f49d8,4533,4686,False,ྲ,True,་
P000117,old,644658c7d32b4537809202ddbb394a1d,4688,4836,False,ྲ,True,་
P000117,old,4835b4bec6bb478695c9759d01c07390,4838,4992,False,ྲ,True,་
P000117,old,f423b63b8f064bd8abd5be5a66cc4120,4994,5146,False,ྲ,True,་
P000117,old,f102e567fe624c088f32f204e244f1ed,5148,5297,False,ྲ,True,་
P000117,old,5d9ac1fcba214c2f8a589cb20dd1fa7b,5299,5448,False,ྲ,True,་
P000117,old,93684efba72a453f8a71a58f6ca5cdf6,5450,5605,False,ྲ,True,་
P000117,old,4c7d8bcd35134e32ba4aa7987ebb7644,5607,5767,False,ྲ,True,་
P000117,old,5035b1830bd64830968f8af6f1e54b57,5769,5924,False,ྲ,True,་
P000117,old,7e504a5ee3f34107a7e04b4271fdbfc2,5926,6078,False,ྲ,True,་
P000117,old,4eaea511e6f247a588db884a5fb89686,6080,6231,False,ྲ,True,་
P000117,old,d02178d921cd4a8bbf5292d8db7012f8,6233,6382,False,ྲ,True,་
P000117,old,797f7fcd641e4fda874a16f3c121d4ec,6384,6537,False,ྲ,True,་
P000117,old,9b148d7698ed45de97ef73bab1496c02,6539,6692,False,ྲ,True,་
P000117,old,76f7a6b55f2b40cdb4ea95cb2c04fa88,6694,6850,False,ྲ,True,་
P000117,old,b64c02324c6b4d52976640f63f8f9fc7,6852,7008,False,ྲ,True,་
P000117,old,af4d6a37c2b9455584cf267cabd60396,7010,7171,False,ྲ,True,་
P000117,old,400dc61a79354653b7ddff890159c6a5,7173,7323,False,ྲ,True,་
P000117,old,31b7da4ef509479495a88a4660a16bb6,7325,7475,False,ྲ,True,་
P000117,old,d44dc225c0464a2382d8a6fc101fc3c4,7477,7630,False,ྲ,True,་
P000117,old,1a6e50921c6443a39f432284ccb2a5e4,7632,7775,False,ྲ,True,་
P000117,old,4f59e623495e44e580e0c70669572ef3,7777,7938,False,ྲ,True,་
P000117,old,f6bb2bee449c4ecbbf5da34d9fe9bdf4,7940,8107,False,ྲ,True,་
P000117,old,66cf679ff5174642bc359d4fef37ee92,8109,8274,False,ྲ,True,་
P000117,old,011e67147032459cab04302c087221a7,8276,8430,False,ྲ,True,་
P000117,old,abb880d9362240068e904217576f9b1a,8432,8593,False,ྲ,True,་
P000117,old,36ff4c044f6743beb2587dbb46760319,8595,8756,False,ྲ,False,བ
P000117,old,bce02c9b7dc04d66a2ba69fef7ab0fe2,8758,8916,False,འ,False,ུ
P000117,old,47a02ba73c0841739c5a96d7c1fc7f7b,8918,9076,True,་,False,ཟ
P000117,old,2ac9139cfdb2462684f8879cf45e5b4b,9078,9226,False,ད,False,ོ
P000117,old,f3046287c9da4732b6f89373c7ecf150,9357,9529,True,།,False,ག
P000117,old,59955e23f14a4de9a2752b8b6f1c855c,12789,12948,False,ད,True,་
P000117,old,82d54ad59af545e6ae94406e806d697a,13588,13740,False,ཡ,True,་
P000117,old,752202c4f3554e9d84321650f66532a8,14512,14670,False,ྟ,True,་
P000117,old,07486819fb004661a6970cfa8712e4d0,21968,22121,False,ྟ,True,་
P000117,old,234f81e884f9421f9298f81af457d07e,25219,25377,False,ག,True,་
P000117,old,0a49e72343e440d4b1600f21ff2ec94c,27965,28123,False,ཆ,True,་
P000117,old,bb2121c474f14a16ad7aef3ea8172132,30626,30778,False,འ,True,་
P000117,old,20b8c60247a2406bb82f813ee6624d01,31632,31788,False,ཆ,False,ས
P000117,old,4539856ccce94163a2f0ddb89add2135,33050,33212,False,ུ,False,ས
P000117,old,da8fab16cea94d31916c38a38d9223a1,36408,36562,False,པ,False,ས
P000117,old,e79588d19936453db89da15f03fcaa0e,37523,37670,False,ན,False,ལ
P000117,old,c2d90ed1248247b4b915feb8f1e8e322,38674,38829,False,པ,False,ས
P000117,old,2456e88dd2fa4855b69137643db790fe,39869,40022,False,པ,False,ས
P000117,old,fef7513b276b43e9be861e6266da7658,40733,40883,False,ས,False,ས
P000117,old,add36883497a46f2a98af8c4b9426a19,41602,41752,False,ར,False,ས
P000117,old,a10dbc15cf004795bc3956628c455b04,42655,42811,False,ལ,False,ས
P000117,old,c9cfaee27a3a433eaac334ece35da2f5,44014,44175,False,ད,False,ས
P000117,old,944b17acd48448628756e872ef729225,45213,45369,True,་,False,ས
P000117,old,574cb6de911d40b6b0587c9aca1af3f4,47727,47880,False,ན,False,ས
P000117,old,336dfda9eec24b8a927800b2e0773231,48681,48833,False,ུ,False,ས
P000117,old,304297eed4d44e81a114f07d17b66d18,50392,50542,False,ར,False,ས
P000117,old,3ceaa8f2e7f3465dbb890eecc81b7d48,51196,51350,False,ན,False,ས
P000117,old,187e519561ef4733bc6538bf6e1a59e7,52428,52582,False,ྱ,False,ས
P000117,old,ff5f370dfadf4a07af8a918fccb9d05a,53551,53708,False,ྱ,False,ས
P000117,old,6c8dc525c8654fc39d87266a8b3339b4,55762,55919,False,ྱ,False,ས
P000117,old,ba89b4bedf97445f9e74eb4b9d56fa50,56769,56931,False,ྱ,False,ས
P000117,old,37636f711f8b43d4a6a22465a8fbed0a,57944,58095,False,ྱ,False,ས
P000117,old,dc67476114a244bab90930a8ffd3573c,59406,59557,False,ྱ,False,ས
P000117,old,7de442c538bf4f80a7e186cd89ae2523,60705,60859,False,མ,False,ས
P000117,old,1925e13f0a434c84ae74956c38a738ee,61466,61610,False,པ,False,ས
P000117,old,cb2cbc50f2c541518b459acc7e67a18e,63507,63669,False,ལ,False,ས
P000117,old,e324d2feb613459bbeefb1d63c69754a,65198,65366,False,ྩ,False,ས
P000117,old,f1b03895919b48a2bad0cb8e7f3f2fd6,66338,66504,False,ྟ,False,ས
P000117,old,d54a39db7e404707a364c48cd79ff2c4,67548,67703,True,་,False,ས
P000117,old,1b925ff354774f439c5da409e297975d,67971,68133,True,་,False,ས
P000117,old,2e4449aded5b4b13adcba8f7203089eb,68799,68961,False,ི,True,་
P000117,old,df37e14075a440968fbb89c8a16a0ce0,69767,69926,True,་,False,ལ
P000117,old,63a5fab563024b68b1a7ee68366c8f63,70467,70626,False,ལ,False,ོ
P000117,old,de228f75faf24f95991e831817e26a1e,71578,71727,False,ཅ,False,ན
P000123,old,ddbf5c7e331a4746b431f6dbe0edaa66,348661,348708,True,\n,False,༌
P000127,old,b45a3daab6f14eba948c6190e97102e4,155585,155649,False,ག,True, 
P000127,old,2dc856ef79c14ecc96d1525c8b545728,156570,156886,True,\n,False,ོ
P000128,old,a3078024369f4425b36c813d2e0fdf71,1295,1423,True,\n,False,ུ
P000128,old,1388ee1c8add418b94cb7b4792fc5d3e,1459,1682,False,ར,True,།
P000128,old,6fded39f2f0c4d77a612fc2ce0777ff9,2269,4359,False,ན,True,།
P000128,old,da7ccc216b0646e0bb7ba08f99ec94a4,4679,5126,False,ར,True,།
P000128,old,8900960508c3417f9608cac11864b8c0,5139,5379,False,ཨ,True,།
P000128,old,424f4fe088fe4102a4665c8b4e94d104,6301,6379,False,ས,True,།
P000128,old,ae6706d695b44c00a7ea63f3f5e27988,6401,6475,False,ར,True,།
P000128,old,8a2caba871fa4ae8ad74c98c1868edf0,6867,7016,False,ར,True,།
P000128,old,a55b4d9e6a524b68aa42dbf8f51c7996,7337,7481,False,ག,True,།
P000128,old,62f8727d75ec40e6a5ab0baa42915342,7572,7726,False,ག,True,།
P000128,old,6944f6809f994dd6af0879014a51b836,7802,8068,False,ར,True,།
P000128,old,e76e9b332f7441129556779edcb560c5,8513,8621,False,ཅ,True,།
P000128,old,89c1fcf72dfa440182a5713da4f65757,8693,8844,False,ས,True,།
P000128,old,43f8bf0d105941aca73fd936aebdf8eb,8921,9068,False,ར,True,།
P000128,old,0468d1d7e78c4681bf337a9682347c10,9141,9285,False,བ,True,།
P000128,old,187c6d69ccba4752967b6719aad165ff,9356,10304,False,ད,True,།
P000128,old,f84225f5e15e49bdbf1357d5fca715ab,10490,10875,False,བ,True,།
P000128,old,edfb387c9288444b8325106a2edf69c0,10901,11253,False,ས,True,།
P000128,old,c14d8ab7cca14ac492dc6c3ea0758449,11296,12085,False,ཕ,True,།
P000128,old,68fb39283b88418f9976695da0b0f265,12119,12264,False,འ,True,།
P000128,old,519c765f3af741fa925d3461a78d3a76,12609,12834,False,ཐ,True,།
P000128,old,46ebae0cae7b45cc838267bf427fc69b,12890,13037,False,འ,True,།
P000128,old,0d008a4f5d5c43ccac5d9c168508bc6b,13093,13320,False,ཡ,True,།
P000128,old,106a42ebc4ea4969b081a717b77ddd75,13374,13521,False,ཐ,True,།
P000128,old,cec6a21386af4aefad89ffd203ad7332,13633,13736,False,ཨ,True,།
P000128,old,c957107223334dd6be42774931780399,15219,15297,False,ས,True,།
P000128,old,c01c489aa145452dac317d683b8582eb,15602,15676,False,ར,True,།
P000128,old,143d3e8afbba4aec9889f90592a2846f,16516,16665,False,ར,True,།
P000128,old,cd6ea4db8ba04e48b354c7542eca17fc,17963,18107,False,ག,True,།
P000128,old,bc408ff39dfa4f26adb43b9898b33893,19498,19652,False,ག,True,།
P000128,old,91bb40d82a3d46ea9b2f2c503fca47a4,22212,22443,False,ར,True,།
P000128,old,923a65a4d38a4b2cb4ee08bd4a0b13a6,25899,26042,False,ཅ,True,།
P000128,old,4e0093b9a77e45b2ae5837e660d7d5d5,27926,28077,False,ས,True,།
P000128,old,8076c701ec8f4ad098d561c49e31fc16,30320,30467,False,ར,True,།
P000128,old,59033d2996b74b1dbc23437febd5f232,32129,32273,False,བ,True,།
P000128,old,81eaa51bb21a4c54b9b146a33a2a3853,33962,34910,False,ད,True,།
P000128,old,7d6d34bea2d44a9db0469af0aaa9173f,59100,59485,False,བ,True,།
P000128,old,a9bbc6ab30a64dc2b2af667d9e5b839f,61497,61849,False,ས,True,།
P000128,old,28c7d177f3204d80b070f6c05f5cc6b2,64039,64829,False,ཕ,True,།
P000128,old,23c8aaff192c455f9c1f372fcb568137,68231,68376,False,འ,True,།
P000128,old,308b025d5e6a4575bd0863fb90d36488,70266,70491,False,ཐ,True,།
P000128,old,e838060a3f5c4506bb4fae783b99f469,71859,72006,False,འ,True,།
P000128,old,e4e1dc63c1414c4dae2f6e20b962c6fb,74291,74518,False,ཡ,True,།
P000128,old,a1b71640fa1844a992489964a5d192fa,75429,75576,False,ཐ,True,།
P000128,old,7ed89fbef26d4e84a8df3031fa85c500,76121,76224,False,ཨ,True,།
P000128,old,2c59d2eb083d4de9af5bc58f03f4d173,80627,81000,False,༈,True,།
P000128,old,e262fe5d9bd2418c930b5ca4e716ea06,81652,81730,False,ས,True,།
P000128,old,a68d4e7f37f040e6b688aa46c9b57dc9,82036,82110,False,ར,True,།
P000128,old,b3502e50263e40319658940af1646f4c,83008,83157,False,ར,True,།
P000128,old,5915cc9324094487b69eb63d75ec742f,84285,84429,False,ག,True,།
P000128,old,28ccaa81c655443e88271b82ac33ef6c,85502,85655,False,ཟ,True,།
P000128,old,09fc2060beb54c69adc22c6d7342358b,87136,87366,False,ར,True,།
P000128,old,da64d70d4f5f48699857d12f2ed1b980,88919,89062,False,ཅ,True,།
P000128,old,86296baa1b0947049a26e40bc8a7f17a,90191,90342,False,ས,True,།
P000128,old,0f2733c5d42344e78291412933501bf3,91165,91312,False,ར,True,།
P000128,old,5a4adb74bf46471c98e1820118a7843c,92073,92217,False,བ,True,།
P000128,old,86fdb2d370454b11985cb6814c3f99a3,93295,93531,False,༡,True,།
P000128,old,99e02d0460d0477ca4ba960b86c2a52c,94514,94590,False,༢,True,།
P000128,old,ba977ec8e1c64c6a9a48c5ceee2bd37b,95834,95909,False,༣,True,།
P000128,old,56af3b3af3604488a8f64462af9b6793,96313,96386,False,༤,True,།
P000128,old,6e92eecca54f4de4b5f616ed368565f5,96712,96786,False,༥,True,།
P000128,old,9c1d78402f7f4b60ae7bdf653cb31b61,97106,97184,False,༦,True,།
P000128,old,a42a9d958a484992bc9cd3476f296b3a,97431,97581,False,༧,True,།
P000128,old,a45a154c691343ee8e3792ce7f6add8c,98534,98730,False,༨,True,།
P000128,old,e2820be26cdd4a7da43dbdd3db6f35a6,102318,102721,False,བ,True,།
P000128,old,f6e5f5d61ed941a3a6dd12e3b83e62d8,104515,104867,False,ས,True,།
P000128,old,df47282e25eb4e6cb1b198aea9872917,106658,107479,False,༡,True,།
P000128,old,2095e27cc099463b8ecc03da2dda2a15,110909,111054,False,འ,True,།
P000128,old,f1abf6029ff94ebcae21ff479c32a035,112259,112484,False,ཐ,True,།
P000128,old,62e513ab11254887be5924306a9932ac,113136,113283,False,འ,True,།
P000128,old,a005367594bb450ea87e93c5ea2c20df,113953,114180,False,ཡ,True,།
P000128,old,717c3553c9744ad1b838022f59a5c36d,115090,115237,False,ཐ,True,།
P000128,old,44e0974ca0cc4606939dfbccf1919033,115787,115890,False,ཨ,True,།
P000132,old,622fa5283e674c99ababe93ced276a41,44617,44738,True,\n,False,ེ
P000132,old,e5fcbdc8995f4a3897c815b6b60afe77,46558,46674,False,ག,True,།
P000132,old,f9c95696e1624bfa9b306a00fb76601a,47586,47742,False,ས,True,།
P000132,old,1098b4151e234783b998a8a38199d119,50801,50912,False,བ,True,།
P000132,old,07a8ba89496f4adeae0533dd42a98fa9,52903,53055,False,ཆ,True,།
P000132,old,92a2995a0ba54688a4429fcdb3de6b15,54975,55136,False,བ,True,།
P000132,old,ae08550aa3de43a192cf0996b0f538b8,56968,57249,False,འ,True,།
P000132,old,0d8d6eeefdb64790bf2af7af68eaa1d5,58458,58699,False,ཆ,True,།
P000132,old,0e64d94041b843f4ada36b33b58d45c1,60497,60619,False,ད,True,།
P000132,old,b22a7db61f8d43d6884c5fbdaaaa2b74,62138,62376,False,ཆ,True,།
P000132,old,90b66b31257a4e0c978a00fee2ba73fe,63835,63921,False,ཟ,True,།
P000132,old,9ab526e0ff4b450b99a0bf262c40f46e,64980,65093,False,ང,True,།
P000132,old,539ff858889f4ab2aada5ddec5d4dcee,66459,66532,False,མ,True,།
P000132,old,e65d810a9a51465fb1d31b04b117bcc5,67335,67443,False,ད,True,།
P000132,old,ccd85b46983f426b97520d2c52a7bd5f,68312,68370,False,ང,True,།
P000132,old,66045176affa4181b5146ef06db4a4e3,69155,69306,False,ད,True,།
P000132,old,e0a1cb4746034ee9957442a0b7438cb4,71728,71844,False,མ,True,།
P000132,old,844a670eb09544b39866766d41ac5180,72462,72580,False,ག,True,།
P000132,old,97315c951c924f449735659b564c6f07,73936,74248,False,འ,True,།
P000132,old,778f97cbb13044808661147d4ccfc786,78114,78187,False,མ,True,།
P000132,old,463e12e1576b4ea790cfc78e44842c1d,78783,79008,False,ད,True,།
P000132,old,c8d143de1c3745e990ef8f202cf8fa54,80436,80592,False,ས,True,།
P000132,old,e01a17e2e4914c7095ed9cfcf433de86,81656,81843,False,ཕ,True,།
P000132,old,32f38694fe4543af91a3f177beb0204d,82617,82728,False,ཐ,True,།
P000132,old,a6cb8e3b36cc4c7389a2facacaad540b,83219,83297,False,ད,True,།
P000132,old,b8dfd86478c342b09ab95de31a1b2ab3,87924,88077,False,ལ,True,།
P000132,old,6136273b208f40398987cfbb4ee0f254,89889,89962,False,ར,True,།
P000132,old,402816250d0e448aa3fb841fbec2f58d,90715,90784,False,ག,True,།
P000132,old,0d1bcdcad08e4c68a36c5dd7fd8eb822,91986,92063,False,ས,True,།
P000132,old,741a5d9a5fe740928347e958f5d1e64c,99584,99661,False,ས,True,།
P000132,old,14ae53bbc74b4a6b9329a0a5b15558ad,100319,100635,False,ཆ,True,།
P000132,old,5379232fc40241c2a8a53e503d344fd9,102577,102665,False,ཕ,True,།
P000132,old,992103b77663461b96fa89acc7f643c9,104461,104730,False,བ,True,།
P000132,old,4ce0b0a4ecdf4cf79c6ff89ccdd32dfc,107234,107313,False,ག,True,།
P000132,old,a28c1f459d71443bb16f3a6676af5b6c,109828,109889,False,ཡ,True,།
P000132,old,63fbad3796d444f893d8accc78d065b9,112670,112731,False,ར,True,།
P000132,old,02a3e0c13b2e4a76a7ef17153cce43ea,113504,113570,True,་,False,ར
P000132,old,fbc266f7a38840bd8c2dd0813c3c8514,114010,114084,False,ེ,False,བ
P000132,old,118ce64f83cd414dbe2ba73d0e2f771a,114532,114648,False,ུ,False,ས
P000132,old,678f38034d5941eb9fc10993090bdbac,115224,115298,False,ང,False,ཟ
P000132,old,85c77b69931a42fba80b9067c2dbb35b,119269,119376,False,ན,False,ཡ
P000132,old,094627143aac4c9882b38db288378114,122596,122674,False,ི,False,བ
P000132,old,3952e7678f4e4ee983d3b0cf4e4cf0ff,122985,123055,False,ན,True,།
P000132,old,8ba356a4a2c84673928edd505c46e5e6,124438,124519,True,་,False,ས
P000132,old,848cd2d9e6b8451fa7cb56a3dc02b21a,125200,125278,False,ེ,False,ྟ
P000132,old,9d5cc564e4a442519fa06d6b11348ab0,125899,125977,False,ར,False,ྟ
P000132,old,c2de2ddfaff844f6847d365d9465a328,126314,126428,True,་,False,ྣ
P000132,old,2f7629f3841d4c638da873fb754ef14a,128649,128726,True,་,False,ླ
P000132,old,63d8f0d6fdf44160af4e97cad5bdb327,129457,129535,False,ས,False,བ
P000132,old,0d156d57d3344c53b7204d3eacbd666a,129944,130112,False,ག,False,ང
P000132,old,47d04e31ef5b4c27a4a2979104f63aeb,135213,135334,False,ཚ,False,ད
P000132,old,38da69d2386949f8a025f86c11225d97,136686,136848,False,ྲ,False,ད
P000132,old,cd1644a1798d455c8c6ea62918025b83,140756,140870,True,་,False,ར
P000132,old,b35e352f5d4f4dac932f3c00b1f182fa,143105,143182,False,ུ,False,ག
P000132,old,ce0adc6fa68e4649a5c35575178be342,144998,145068,False,ུ,False,ག
P000132,old,9efe4a6ac5b7476d8664d5da232e0175,146900,146977,False,ྱ,False,ད
P000132,old,b2be384229ea4d249f1b2094c4dfb80e,148403,148521,False,ེ,False,བ
P000132,old,91f0f47e343a4d2dad3315992e630761,152107,152181,False,ས,True,།
P000132,old,aa77c1122ea84519a1356f077666855b,152946,153021,False,ས,False,ོ
P000132,old,7f1d751605a142f7a150b43068a09bb4,154909,154989,False,ུ,False,ྤ
P000132,old,adf06fba225d4ae788bc1a3ee97b36f2,155902,156102,False,ར,False,ུ
P000144,old,075106ddfb1d4e169e7017750b13b168,58665,58721,True,\n,False,ས
P000144,old,2a6a7c3a36144516b9fb6932e5c277a9,59336,59430,False,པ,False,པ
P000144,old,f993f7fee11f4cd4a7050fb0f906d4b8,60904,61081,True,།,False,ར
P000144,old,538790f97758487481cb1e0608234a3b,61083,61085,False,ོ,True,་
P000144,old,59f7d298292c435e9888c78a54fa6a35,61757,61971,False,ོ,False,ཤ
P000144,old,861fc62e19df454b9b6a3937b3e6f4c3,63478,63735,False,ས,False,ྱ
P000144,old,b24578f770374e2faf316484f92bf2ab,65707,65944,True,།,False,ྱ
P000144,old,9d22bfa6cf5f48c99f3e93b1ffba39a5,67272,67540,False,ད,True,་
P000144,old,fe20f8d9319d4ba1ae8debcfe8c7bec3,70292,70538,True,་,False,ཀ
P000144,old,db66680cb4d641ada7a67b0f73170d06,71502,71621,False,ག,False,ཁ
P000144,old,59000f5fe3f84b4f8eb5c810a3cbb7a3,74791,75063,False,ག,False,ས
P000144,old,b579e4f0ec354d12bc430fd77a52b063,78418,78543,False,ད,False,པ
P000144,old,e0cf1e70bb8049109964fcf4b642e190,88434,88813,True,་,False,ག
P000144,old,191bde74876843218f96b5196a1e1c12,91855,92145,False,ོ,False,འ
P000144,old,817722c44f544dafbab5c3e0f2459532,93995,94085,True,།,False,བ
P000144,old,da024dac6fee4406a73faf5593ae68cb,94087,94103,False,ུ,False,ན
P000144,old,8fea313587d148e3b8a58524594c4733,94105,94107,False,ར,False,མ
P000144,old,7422228bb55d40a5bdf9cbb338a65b5c,95745,95853,False,ོ,True,་
P000144,old,5cccad435f07453890538c4f192c4d40,96407,96465,False,མ,True,་
P000144,old,4a4f293c58424b27b35de0fdde08230b,96712,96884,False,ོ,False,ས
P000144,old,0bba1b6ef61d4c32890c8428511c1373,97271,97353,False,བ,False,ི
P000144,old,ee863107f247466780ed085c1e499d54,97781,97891,False,བ,True,་
P000144,old,2e44d5c93ad841d891c5e5f88588893e,97945,98026,True,་,False,ར
P000144,old,2d35841352b640c296e5399eab585435,98557,98605,True,་,False,ང
P000144,old,6bd88efa747847128271358721d67de0,99684,99837,False,བ,False,བ
P000144,old,b38448f01d8c4f58be5c16786cbd0475,100844,100960,False,ན,False,ད
P000144,old,e669e783f5e240beab7b86cf1b78077f,101787,101984,False,ཀ,False,ར
P000144,old,8d71dcf00c2946c2a634af4e98feae36,104213,104446,False,ག,False,ས
P000144,old,66ef5c8fb2b24f26a36e1b1906ce1159,107620,107736,False,ྱ,False,ོ
P000144,old,ed756870d4cd44689264fbde9b980db2,107833,107939,False,ན,True,་
P000144,old,55d091049adb44edb804894b60cae427,108499,108677,False,བ,False,འ
P000144,old,2cd14330dbf34a2aa502fadaa71f6ed2,109621,109720,False,ོ,True,\n
P000144,old,d5a6ade4f6c0480187b3b0841831b2db,110520,110817,False,ེ,False,ཉ
P000144,old,326ed5296247444e93ccfb3d6a9936d7,112161,112478,True,་,False,ལ
P000144,old,aff6637c08d94afe880bccaaa8988d26,113250,113431,False,པ,False,ི
P000144,old,fb0999cb6a2046c6bca2832ef69e7e2d,114060,114340,False,ད,False,ི
P000144,old,8c4b503919294292876083c2f0c38523,115935,115994,False,ལ,False,ི
P000144,old,bf81c9813bc041e0b0cc6ed09bd35aa3,116566,116762,False,མ,True,་
P000144,old,5c4cd7a122374814bfb813853d14b46c,120081,120164,False,བ,False,མ
P000144,old,0e8d9796ddba4e2ab49e7774bb65cfe2,121571,121741,False,བ,False,ྱ
P000144,old,0e48a663c9a445e098f63540390ea4dc,122311,122459,False,ན,False,ས
P000144,old,549db134e895495b818952db90172b8c,123396,123518,True,་,False,ཕ
P000144,old,664ee0ddacb0460784b9d5e6e43a787e,124823,124978,False,ལ,True,།
P000144,old,b5b56031f8e3450a8ab65c161bae641b,126989,127294,True,་,False,མ
P000144,old,d672aec40a0546068536cc1d6fff8603,128741,128891,False,ུ,False,ད
P000144,old,1994161cea374276b882518f000f845a,131814,131933,True,་,False,བ
P000144,old,65d24708ffc54d1aa42dd1393305ad97,132808,132892,False,ང,False,ད
P000144,old,a1ec6d36edc145f5af8036bc7ad3955f,134571,134673,False,ྲ,False,ད
P000144,old,7b9dd6656cce4202a5d28dc50e9ccbcb,135374,135520,False,མ,True,་
P000144,old,24cad558d8a14eeb8cf26ef4e2e5836a,136605,136699,False,ན,False,པ
P000144,old,61c272c384744d39ba63180bc3405c58,137339,137426,False,ི,True,་
P000144,old,2318cc8e29474a99af4a85abdf4bfac8,138922,139039,False,ན,False,ེ
P000144,old,f0a404509cfc48dabbf0726f3597a248,140552,140738,False,བ,True, 
P000144,old,e3ea1fc569874960b150a15b11871bb9,141860,141982,True,་,False,ཏ
P000144,old,d532d87d697f4b45adc536d287c49a36,142511,142626,True,་,False,མ
P000144,old,fd3e36c34dc44bb6ac5c46df35f5d8a6,143093,143176,True,་,False,ད
P000144,old,56d48c89fcc24d7bb7f5bdaf74f96dbc,143742,143804,False,ད,False,ས
P000144,old,68446bef96634da586a17b2b06fc2a70,144678,144795,False,པ,False,ར
P000144,old,7ab9a1040770447d82ccde44c258ddbc,144852,144914,False,པ,False,ཉ
P000144,old,7a2ff954a7384d18b531768f138dbd25,145691,145755,False,ྱ,False,མ
P000144,old,e0b7ed917992412ea2ec0cdfa7cf01d0,146420,146666,False,ས,False,མ
P000144,old,5b569fa9070a4754be9363b11bc0c6e5,146709,146770,True,་,False,ས
P000144,old,07f4fc79ebda44cdbdf092d95e53b606,147594,147650,False,འ,True,་
P000144,old,c671b09f7dc14af0a13a2fbfa871c858,147695,147752,False,ྟ,False,ཞ
P000144,old,899fcf2073ee48978960bf55e58954fc,148573,148705,False,འ,True,་
P000144,old,fc8b27c464d642e1b5d797ce63849aac,149387,149632,False,པ,False,ས
P000144,old,8659c8f4d56a4b4ebf3de261549b6727,150295,150411,False,ས,False,ཡ
P000144,old,84b0aba1788145f1bbef31f485413db0,151021,151141,False,ཇ,False,ཡ
P000144,old,6f0a82b94e4e4d4f8ab6236106533c9e,152430,152521,False,ྱ,False,ང
P000144,old,bb3f0fe040b04c328b46649c85e5168a,153119,153178,False,ོ,False,ད
P000144,old,9199041e084c4c2a86fdfce2c1ccc1d6,161417,161765,True,་,False,ི
P000144,old,6640d7492e964170a424d3549e768af3,161785,161934,True,་,False,ོ
P000144,old,407ce3cd8de249469a2f3e8b35138d33,166033,166159,False,ི,True,་
P000144,old,f49ce3e068e64bc2a98d8a50de1e1bd6,166282,166572,False,ཀ,False,ན
P000144,old,961df153c3994884a2db9471f1489bd6,167223,167404,True,་,False,ེ
P000144,old,a4f002d8e2b8454b920606557c8bab75,168051,168276,False,མ,False,ན
P000144,old,9b3246ff3bea4738aa98b827e5cce132,169147,169249,True,་,False,ི
P000144,old,1dac13a3edfb411382ce1ed2155b3f37,169315,169472,False,ག,True,་
P000144,old,7843d9332f8c497283f28b05aaf140ae,169541,169601,False,ང,True,་
P000144,old,4b47a29d3bfe443197c596ed9b7d0d16,170133,170292,False,ུ,False,ྲ
P000144,old,688c796c9de44b439146b898b62ec0bf,173280,173732,True,་,False,ཁ
P000144,old,365c15d1c1274ff494740fd04b380748,229436,229557,False,ོ,True,་
P000144,old,dfb69170d0704b87a45d0edc023a210e,229861,230205,False,ས,True,་
P000144,old,0e46f41b5a2a4c478c28c0ec15509dd0,230258,230374,False,ག,False,ས
P000144,old,27b7ad4cf9044fb88af9facb06d313b8,241681,243400,False,ྟ,True,་
P000144,old,022103dc607a41e69f6a4667865cbe8a,246626,247748,True,་,False,ག
P000145,old,3bb8cc66a6da472ea0216c310ea2f26e,218473,218595,True,།,False,ག
P000145,old,69f4cf81227d4ad2901da6ee4c723d6b,219537,219647,True,།,False,ག
P000145,old,6a8025cf32bc4b67a3856357f37f3a8d,243516,243666,True,།,False,ག
P000145,old,0683f0dd14364a64bbdba44f1f2ad184,245784,246010,True,།,False,ག
P000145,old,b7e4140b5cc747db9033b4a2c8f2f478,246276,246509,True,།,False,ག
P000151,old,f8aacb5b48dc41e6b02cd6de20baa00e,39608,39746,True,\n,False,ས
P000151,old,5fdd2e51f45d46c099b2b236618f5507,50379,51891,True,།,False,ག
P000151,old,8b85b8dfcac144539701438694bf422b,53397,53627,False,པ,True,།
P000151,old,9a58530c8ce64338b1260b5ff437129e,72695,72777,False,ག,False,ྱ
P000151,old,43cd24ca65334e72b1c30fc0955f7066,74379,74444,False,ག,False,བ
P000151,old,b6f05b617f964ff9adfdc48717e4155d,77687,77742,False,ས,True,་
P000151,old,59714dd6fe1f4df1a1c25008b06ac63a,78128,78364,False,ལ,True,་
P000151,old,a4400d527e084743b0a8dbc8196cccee,80292,80513,False,ུ,True,།
P000151,old,137f465a95b844d9951d0e2d6dc62b65,84295,84631,False,འ,False,ུ
P000151,old,1e9be3fd72e8481bb685890aa071aa4e,86050,86303,True,་,False,ན
P000151,old,70d058e17a4340cebfb37b0a54cfdcd6,96833,97020,False,ན,False,ོ
P000151,old,109874a664d644f18513c6525b5093b5,97805,97998,False,ི,True,་
P000151,old,8a2d3127e0db4b8086a604dcb7ec5029,98097,98212,False,ོ,False,ེ
P000151,old,7d2bdc6888df496596c309789aa14f31,98576,98709,False,ག,False,ཟ
P000151,old,8b575c8c5bce45e095df03444470a288,99034,99316,False,ྱ,True,།
P000151,old,d4046684f3454888bf002b94c293ea8c,100410,100648,False,ར,True,།
P000151,old,ea8f006b147c401099c776466183913c,107305,109467,False,ར,False,ན
P000151,old,022c2171c17940fd8b0419484688cab9,109469,109715,True,།,False,ྟ
P000151,old,f3c3cbe2adf14b1a92b4ca34d1be2397,110782,110847,False,ུ,False,མ
P000151,old,f2a367b07ce2480596ded8b0b9140c5e,111035,111544,False,ན,False,ུ
P000151,old,a7c795bcf51747f8b3afc82278cd9748,112255,112334,True,་,False,ི
P000151,old,506ff093f91541328e1d0a42618d9f9c,113848,113942,False,ྟ,False,འ
P000151,old,947c78e170b444cc893537ee9624d60c,114755,114881,False,ཅ,False,ང
P000151,old,38c2636fcab1435cb73e4f89c3d4b7a5,115027,115544,True,་,False,ད
P000151,old,0a3bfd18f520490ea26a83f2e292e1cb,130139,130255,False,བ,False,མ
P000151,old,4cc4fdd2fae84ff1bff4dadc72442abd,130557,130640,True,་,False,ར
P000151,old,47d21b6bdcc443619c565ed809c245af,130667,130752,False,ལ,False,ན
P000151,old,5073b748275940988c361b6121befdbe,130834,130893,False,ཏ,False,མ
P000151,old,35ee627687474da4a47571d1eff1a642,131155,131317,True,་,False,ས
P000151,old,169d3164fed442cca31dc4cb0156ab8c,131855,132024,False,ཕ,True,་
P000151,old,33739b661f6a490aa0366c278bf48d28,133067,133224,False,ས,True,་
P000151,old,1cc3c477247a4af38de2f8153cf4708b,133683,133846,False,ེ,False,ར
P000151,old,d67decde100242e8b11129824c8f86d4,134231,134388,True,།,False,འ
P000151,old,d8cbb195200a4445a559f991e438d1a7,134609,134758,False,ང,False,ད
P000151,old,c5c5c58014464b899491a058262702e3,134944,135024,True,\n,False,ས
P000151,old,5ab18aec06684dd1badc1a6b621ec7fe,136083,136156,False,ཁ,False,ས
P000151,old,ab55dd64b3fb40229b362017bc58732a,148907,149030,True,།,False,ི
P000151,old,345fbd0b1f5142faab2b0ddd42c02a7b,152428,152560,False,ར,False,ྤ
P000151,old,779d2b247faa413eb296081fe42e11f0,152801,153048,False,ོ,False,ལ
P000151,old,548266d3ad3c42b2bc248b8a602a2c81,154266,154387,False,ྱ,False,ི
P000151,old,9512920cb5324c6a91cb0744612c42da,155223,155468,False,པ,False,ཕ
P000151,old,e4786d67563943698e805f640e1e5596,156212,156340,False,ེ,False,མ
P000151,old,497ac7013bae4270af88bc564e9fbf1f,157061,157434,False,ད,False,༼
P000151,old,b7b7880f529243b5b9b3c91b5e761934,157901,158021,False,བ,True,་
P000151,old,06d504c2920b46d38d9ea034353dbef3,158101,158257,False,མ,False,ན
P000151,old,076b9745b302416f95bbc5d9a1188d39,158612,158760,False,བ,False,ོ
P000151,old,c5cff52b45be4338ad1e7692df2fcc5b,159019,159482,False,འ,False,ད
P000151,old,cb64a4129ba24783a67aaa5adfb413af,170526,170830,False,མ,False,ན
P000151,old,56f836324faf467ab2413b91cab3eb79,171309,171465,False,ུ,False,ལ
P000151,old,9268b1b1ebab4884b093fd696911e55d,173364,173678,False,ི,True,་
P000151,old,000a852e499e4fe39254994170da5387,173844,175652,False,ར,False,ཡ
P000151,old,734d2df7566d48909c8d3a73a7b4acdf,179407,179533,True,་,False,ི
P000151,old,be32f937b46c4a1ba9d10694e0dda1e0,181137,181268,False,ཤ,False,ར
P000151,old,8ab2043c39084b3ea22463318a7734f5,182777,183042,False,ཡ,True,་
P000151,old,c5b40a4c76004c3698a962b14474a941,184849,184971,False,པ,False,ག
P000151,old,33cb7b7be9774a37865a593fb93685df,197876,198006,False,ཁ,True,་
P000151,old,f734510209b44b4cbeb603c10df1ff91,198865,198924,False,ུ,True,།
P000151,old,3e4da27f9a5340c4ab44c5c2044b6b88,204394,205007,False,ང,False,བ
P000151,old,84c9cbc5ab994f51896ac57a7d3c9ce0,205806,206046,False,ན,False,ན
P000151,old,51a5cf1799814e8ab637eb423f3893da,206159,206763,False,ྱ,True,\n
P000151,old,ef87d1c1c5134bf099d6b85f4dfc2e42,207070,208078,False,ག,False,ི
P000151,old,29772ada3f2b46d387d8ae4b0a43573b,208386,209269,False,ས,False,ྱ
P000151,old,1fe5814d71804bb3a0b635a82f59149d,210751,211475,False,ག,True,\n
P000151,old,d0595342527c40dfa905c6f7ed4e3ed4,211780,212503,False,ལ,True,་
P000151,old,49c4cbcb28e743f58418714cc4b1c1f9,214901,215319,False,ན,True,\n
P000151,old,fff70bcb31eb49c1b197ad3bd4a20ad8,215591,215718,True,།,False,ས
P000151,old,e967f36c2bd3443d9c22f2b2a6b48688,216671,216794,False,ལ,False,འ
P000151,old,f9d1761aef5446eaab717f46b8102a55,217888,218360,False,ག,True,།
P000151,old,6fe2e79a6f9a442884ff9b0eae359b6a,220188,220733,False,འ,False,བ
P000151,old,8fe9eab57c924328b358f81851909014,222520,223473,True,།,False,ྱ
P000151,old,84a08be75ab5479fb175825a2ad01a4b,231221,231478,False,ཞ,False,བ
P000151,old,76130a9bc0aa49fba430aae34494445a,231887,232391,False,ད,False,ས
P000151,old,3203f10eae144e12970146003b1c77e4,233686,234006,False,ཐ,False,བ
P000151,old,2e185cfe38b145078fad06403aa3aed5,234605,234668,False,ྟ,False,ོ
P000151,old,ca3b0539bbaa4a22a6d805841b9bbea9,234670,234727,True,་,False,ི
P000151,old,2ece6196bc3f42e0b68d868a26c23d15,235043,235266,False,བ,False,ལ
P000151,old,a8b114f8d400496e8f105218862b166b,235589,236237,True,་,False,ཅ
P000151,old,51b151611371410cbe8b4dc3aa77c1da,236278,236429,True,་,False,ད
P000151,old,67a327830f664500874a86fec9be2f8a,238132,238460,False,ལ,False,ྒ
P000151,old,1f41e9b6d79542c9a486ee4b4bd9d55f,244770,245166,False,བ,True,་
P000151,old,498be4d07c43406fa9e3a56100c9577d,246490,246801,False,ོ,True,།
P000151,old,3e0db089df3c420cb1a5613bf5d7b371,254835,254951,False,ཚ,False,བ
P000151,old,6017aa56530c4055a0e8c1255d7ab722,256575,256822,False,ས,False,ང
P000151,old,589e550c30b74141b5389969d0b36e9a,257459,257698,False,ད,True,་
P000151,old,03587e8ce2cc4b88aed2aaa91f60a316,258355,258590,True,་,False,ྣ
P000151,old,cf1bdc759a894de8950a926557d8c52f,258969,259204,False,ྲ,True,་
P000151,old,a489bfba59844fa2a263e3f9be264d91,259473,259713,False,ང,False,ས
P000151,old,d670745c0cb8498a95ef77ad0bba047a,260010,260378,False,ོ,False,ན
P000151,old,b0560ca3eff147e7a41aa14ff02e267f,260592,260713,False,ཁ,True,་
P000151,old,72b3ffc686f643029a6868756d2e569b,261071,261135,True, ,False,ྱ
P000151,old,e98d18dd75ac4b4789098084097c7d5c,261172,261263,False,ས,True,་
P000151,old,a095763863f2409ba968dc02966af052,261445,261873,False,ི,False,ག
P000151,old,bf6277289f9042eaaf11e87a071a6755,275707,275865,False,ོ,False,ཅ
P000151,old,928d822ee49244278bbf43cbff4b5a12,279062,281016,True,་,False,པ
P000151,old,a6d668dcf40845e0b6e156fb52e56101,299945,300564,False,ླ,True,\n
P000151,old,c518341690ac45e7840879f37b9c9689,302034,302146,False,བ,True,་
P000151,old,80f95f3c2f07452fb2327e226863f1c6,313458,313594,False,ཐ,True,་
P000151,old,4b9cc78311964a309eff7c34e95190d0,319038,319123,False,ར,True,་
P000151,old,09f635b7d7714ee9a5abf8dae8ef19a2,447872,447933,False,ང,False,བ
P000151,old,74df6a05db2f4a278f39b089e3b24934,447974,448032,True,་,False,ལ
P000151,old,6b0884acd857426894b42893e2bc91fc,448514,448760,True,་,False,བ
P000151,old,303229147b0645beb66a2f50f4335d4b,449047,449525,False,༼,False,ྲ
P000151,old,d1420cb5807745b0bc73882ba184e44a,451751,452108,False,ཆ,False,ན
P000151,old,cfce88e13fe549c791f41bce58982173,453267,453450,False,ུ,True,་
P000151,old,b26e978863314495a9ae5798a0551134,454088,455126,False,ང,True,་
P000151,old,68b4e42c5f2c41a4bb855aa57c2c2b99,457430,458248,False,ཟ,False,ི
P000151,old,05268e47726f4bc8b6f4deaf3d752f2d,461059,461365,True,་,False,ང
P000151,old,5ee756ca9c67472e8b9d1a5b0e1e2fe4,463089,463328,False,ི,False,འ
P000151,old,1ddcbbf842364ed49197bacb550e1b01,463514,463631,False,མ,True,་
P000151,old,71349498347d4c02b4c00483a9ab49a8,463835,463964,False,ན,False,ཅ
P000151,old,0b84297a1316423da33437f2f5eea0ec,464092,464396,True,་,False,པ
P000151,old,1747e3fd69904bb3b46ac1246006aa4c,464606,464794,False,བ,False,ག
P000151,old,eec2eacdc7f34824beea8cb856577a7b,465029,465398,False,ག,False,བ
P000151,old,0723b29d911a459ea0635488167ad035,465658,465815,False,ཞ,False,ུ
P000151,old,749c606ab46b4d46bfb2681abf3d5938,465848,465987,False,ོ,False,བ
P000151,old,6c59300851064f24995b17e2fff3d068,466031,466215,False,ོ,False,ོ
P000151,old,3a109a4e0a5d497a9b8db4634baf91ee,466260,466570,False,ྱ,False,མ
P000151,old,38f0350e6c9a4c58a0874b896f91f15c,466925,467226,False,ུ,False,ན
P000151,old,f16a82af5e3a4b749be023530d37a5de,467358,467607,False,ུ,False,ད
P000151,old,0cc245cdd666413b9d011255fc03b522,469341,469481,False,ས,False,ྣ
P000151,old,85a2a669aca540548d676fe96b5e7c7d,471569,471811,False,ེ,False,ོ
P000151,old,b1300fc4b2674e17810686f79f0ec94c,472647,473264,False,ུ,True,།
P000151,old,5c340fe0bb78454f8fced2747b9bf0f8,474292,474663,False,ང,True,་
P000151,old,b4e276f64f424d19af28bd0a6e32043a,476859,477106,True,་,False,ན
P000151,old,e8f204a65b7b46d3b346a51270f6c00d,477136,477255,False,ི,True,་
P000151,old,37931fd39b034652ab31dab5b8f6ce8a,482084,482207,False,ོ,False,ེ
P000151,old,95b782a899bf4fdba1f94f61dda2e336,482635,482763,True, ,False,ད
P000151,old,3e84449ebb224db48e12c4ba95507a83,483062,483188,True,་,False,ོ
P000151,old,09792ec57ad840f3afb13ef3cf99d18c,486684,486805,True, ,False,ད
P000151,old,3676676b42994c9eb89970e64be94312,488374,488497,False,ན,False,ཡ
P000151,old,af0c7fa5a6854ad499ca0a617e57ed65,488645,488765,False,ཀ,True,་
P000151,old,671965e5ccde48799c53eb88e1f11ed3,488916,489039,False,མ,False,ཀ
P000151,old,1c75a8bb889f48fb9b23539510b6193c,489151,489284,True,\n,False,ང
P000151,old,68b9ed4fa7584851a549a99e628d5928,489449,489587,True,\n,False,ལ
P000151,old,b51bcfbb929c49459422df46507cc7d6,489732,490334,False,ི,False,ོ
P000151,old,2ac0f6d18dd6432aba34258a3788d123,498334,498574,True,་,False,ད
P000151,old,aab7f9f6428942f6b9420c535cc6d077,499000,499369,True,།,False,ར
P000151,old,b0f5f7e3a2af405b949d682536cb35c8,502090,502201,False,འ,False,ཉ
P000151,old,a77dd9731b5443bb8e5f18a6704ade26,502560,502683,True,་,False,ག
P000151,old,e2c52c2477794b06a5363575918ad3ea,503080,503212,False,ག,False,ག
P000151,old,305893ae3c3a4acf95c1fdea1bdb7b98,503267,503386,True,།,False,མ
P000151,old,a0a02c125b0d4976ba6d5dbdb83dead3,503439,503558,False,ཕ,True,་
P000151,old,002eea33d64a43a3a2077b334e76fcf0,503560,504060,False,ེ,False,ལ
P000151,old,94723236654d46b98a4be89a3ffe19cd,504800,504925,False,ྱ,True,་
P000151,old,642537e31d584c15a64a777260211a3b,506428,506678,True, ,False,ད
P000153,old,36e30670258d4fbfb44ff8a181517963,472,574,True,\n,False,ཡ
P000153,old,c26e00b841334e5fa65d795f02805099,576,587,False,ས,True,།
P000153,old,254e42e510eb4d83954ad26e82bdc149,5733,5915,False,ག,True,།
P000153,old,cc294016afe34725a5d0c0776490881e,7259,7421,False,ག,True, 
P000153,old,772b4e8dbf754aa08e9407aad95aecee,8275,8431,False,ག,True,།
P000153,old,97ab12aa94ed41e781ecf703fa60fa44,9218,9370,False,ད,True,\n
P000153,old,f1b69364b01b49d8864bdb6136d57381,11856,12121,False,ོ,False,ཞ
P000153,old,491dc28ba2ae46c5bec2434d676fe31f,12921,13041,False,ར,False,ལ
P000153,old,cf8230bc349346069ff092f21246a352,14603,14784,False,ྱ,False,ང
P000153,old,7f50e80e14824d66a4d8ca38690555d8,18286,18408,True, ,False,ི
P000153,old,c338fc551bb9456098ee47228545faba,18968,19244,False,ན,True,་
P000153,old,27c580605cbc484497d84db596b256c3,20676,20818,True,་,False,ལ
P000153,old,5935fa9feaa749cc888f9c459237d0cc,21617,21815,False,ེ,False,ོ
P000153,old,61c637c1862243539273cc47a385ec41,22221,22292,False,འ,False,པ
P000153,old,a28fbb67a1e5433895373df8f9971200,22773,22848,True,་,False,ཅ
P000153,old,8afdecc0233d4f4794f5fd2254146a02,23147,23223,False,ན,True,་
P000153,old,18959bc5b1ba4bb192a78ce61a4fb8ed,24519,24674,False,ང,True,་
P000153,old,d0e8fe304e5642b9bf5a94400c9458a5,25552,25707,False,ུ,False,ར
P000153,old,20d19ebb0b094453adc451eb7c19e95f,26399,26478,False,ག,True,་
P000153,old,c52f0d68b4404a0a90ad433a8b31ded2,26681,26794,False,ྒ,False,མ
P000153,old,2af8dcc0bfda492f8a441a388c561dd4,27058,27138,False,བ,False,ས
P000153,old,88f31a18078f42329b01caa303394f6d,27622,27698,True,་,False,ར
P000153,old,e235c363473748e2aad787c1e574a1a4,28459,28528,False,པ,False,ོ
P000153,old,c9307ecaf8a04101ad440ab4b5c98452,28914,29143,False,ེ,False,འ
P000153,old,7e8c8e623813488d82a5b39f14e2248d,33671,33742,True,་,False,ཞ
P000153,old,cc286a9fe9804e8d8384a55786ce61e1,34306,34460,False,ོ,False,ད
P000153,old,34181b6cf67c4a24afd38a90d48feaea,37750,37863,False,བ,False,ོ
P000153,old,427272ec83de4de3a2bc094cf557b259,41581,41660,False,ས,True,་
P000153,old,bd98e688aeca413eae8c5ddcfc9360ae,42048,42123,False,ི,False,ྱ
P000153,old,f2f9dd9ba8374f8b812aea086b42f45c,44331,44412,False,ས,False,ག
P000153,old,5c2f47215e7341c89abfa94fceef0afc,45081,45237,True,་,False,ད
P000153,old,e1fae706733f42ad80e06f9a67d1fbf3,45710,45780,False,ག,False,ྲ
P000153,old,c848aabfb12f4653882d6f4e0583cff6,46244,46360,True,་,False,ག
P000153,old,0bac45836feb42c89f50582c9bbf2daf,46789,46938,False,ཚ,True,་
P000153,old,18d3053d499741dab5daa5112ed96dc7,47715,47781,True,་,False,ེ
P000153,old,e7b476ddc6e4409f8b3ec0e9d64c43d3,48426,48498,False,ག,True,་
P000153,old,2f0b26ffabf34f668ec9b13029573418,50624,50850,False,ས,False,ག
P000153,old,9e895b2a551a45d6bf90926a030df6f4,53078,53228,True,་,False,ར
P000153,old,797ff3b5fc964590ae8de824c8959036,55702,55823,False,ར,False,ྱ
P000153,old,b474377ad2904b6189febc5beca60ce8,60844,60915,False,ཞ,True,་
P000153,old,95a9f7e3e2b1435bb8081ce1cf409f79,62347,62465,True,།,False,ས
P000153,old,bcb492bfa01a433b9abeca35cf9177a0,63715,63821,False,ད,True,་
P000153,old,0378c41d82444d3688728dc442d272cd,64232,64305,True,་,False,ར
P000153,old,0cb23ea7ceb54b30b1e58f25bef573c4,64499,64607,False,ད,True,་
P000153,old,6c4a8066ec3e493080665f97e8d840cf,64827,64904,False,འ,False,ན
P000153,old,8b0f6626fa32442d86103e45047b0983,65655,65732,False,ད,True,་
P000153,old,f6e955506bdb4300bbd6cb6f5fb7fd3a,66978,67091,False,འ,False,ག
P000153,old,c986d58c235444dbb531fb8dd10ba8d2,67681,67756,False,ང,False,ྗ
P000153,old,260d237b13ba4180bbd54590ae9cdb82,68907,69015,False,ྦ,False,ུ
P000153,old,254d0f4dbdee48bc93ab601ba0382c9c,69669,69810,False,ྱ,False,ག
P000153,old,d5b12f43551043d18aaea09520856036,70869,70944,False,ང,True,་
P000153,old,7efd96240c5b409586c9e1266454e4d8,71178,71254,True,་,False,ྗ
P000153,old,9aa6a61798e54b12837581634fed92d3,72112,72284,False,ས,False,འ
P000153,old,531d5a8f018d4456bf51327d144f66be,72805,73030,False,ས,True,་
P000153,old,f3ca99b336274b06bb5b687dbc28e311,73870,74025,False,ོ,False,ཞ
P000153,old,38b18efcf5c5434fadea4ee58afb54b4,74731,74840,False,ཞ,True,་
P000153,old,fa16275da6294a398b04b7d1cf00d6fd,75914,75988,False,ང,False,ུ
P000153,old,15fe48d855984d5ab31b294cd441290d,77908,78021,False,ས,False,ི
P000153,old,a1283a36532c477daa1f696c052b41c3,79912,79987,False,ར,True,་
P000153,old,f7088fa5d9594574aecbd8ef9b1537d0,80990,81103,True, ,False,ང
P000153,old,2d08353b47bd4683a9b715bcebf700bd,81584,81731,False,ེ,False,ང
P000153,old,455e4551667f4cee8ee7a90f6390b214,84944,85021,True,་,False,ང
P000153,old,85d08eb90e6a456c88987ccca6a6c594,89866,89941,False,ཡ,False,པ
P000153,old,023c6aa3e1b24b21a6a4257ee4834227,90614,90767,True,་,False,ུ
P000153,old,f2b114cb97c1471881c3d50f810813a0,91458,91725,True,་,False,ར
P000153,old,8fd9e68d75734bdfbe32b52249254235,92405,92625,False,ར,False,ཉ
P000153,old,8e0215b62cd941bb9d973dc2f9f44870,93382,93484,False,ད,False,ལ
P000153,old,0c69c704fd0846ef8d99dbaaad62a4d8,95971,96050,False,བ,False,ཚ
P000153,old,59b16ad041774a01880c5d62cc29c0a0,98068,98282,True,་,False,ལ
P000153,old,cfe8b0924fb84dcb8f7c368ac8e9ec62,99465,99545,False,ེ,False,ར
P000153,old,1297f30d51284027b3189690b1669bd5,106208,106338,False,ང,False,ས
P000153,old,38e8b27ec8e84904b5c9ab20fc4ac9d6,106797,107035,False,ང,False,ུ
P000153,old,5a4d101fd6ea46cf91c0ad6b23d84069,109287,109540,False,ོ,True,་
P000153,old,c95257652a864cd1b6ee1965d1d93c2b,110380,110454,False,ད,False,ང
P000153,old,d6d5399b08ee4b91b3ab4ac6e1d48812,111981,112150,False,ྱ,False,ས
P000153,old,5fb15f6b1e8a43f59a4b552cfeff17fb,113542,113748,False,ྒ,False,འ
P000153,old,a97b2a444f08456ab51239277a545e89,117987,118188,True,་,False,ས
P000153,old,792dae91c422491ba6c0d6b227b9a9d4,120399,120568,False,ག,False,འ
P000153,old,5d8430c1192548b897341e5831011bb0,123723,123844,True,།,False,ལ
P000153,old,d4fd1cc9357a434190086f0b879cb2e1,124671,124783,True, ,False,ས
P000153,old,e0eb4db890874f8fb15537066ba4c465,126278,126516,False,འ,True,་
P000153,old,0d5d030508314973a0da8a2d06954da1,129026,129224,True,་,False,ཉ
P000153,old,f3c3177b5d8b4e68990a736d53628fc3,130449,130529,False,ཆ,False,ྱ
P000153,old,323a1c66a9b8479aa9d6226ecc57133a,139228,139351,False,ུ,False,ག
P000153,old,da9b90a558514ab29d80277dfe22b684,143535,143617,False,ད,False,ེ
P000153,old,15a6053347fb4ed88634f820d9147db4,144292,144371,True,།,False,ས
P000153,old,b04a138bb78a4b1f849d8a74c66b431e,145395,145474,True,།,False,པ
P000153,old,a7d94191426c40e684db10d32d932de4,153943,154134,False,ེ,False,པ
P000153,old,a78f1e7bf87f430d9c3b3514ec15b88c,156951,157118,False,ཐ,True,་
P000153,old,e723838850bf4d6fbc4fc7018e2451ac,158154,158303,False,ུ,False,ས
P000153,old,ee5963f98dc347f49293813debec5e68,158984,159146,True,་,False,ར
P000153,old,7e99e22455d343c88435753e7a4ab4d4,160208,160548,False,ཀ,False,ན
P000153,old,10e885c6a92a48579945d4390da5948a,161382,161546,False,ཞ,False,མ
P000153,old,a505ced9a3a04dcf81980920cee625fc,162400,162557,False,པ,False,བ
P000153,old,8e08218e93ce43a49e4a05e691c6d454,163445,163497,False,ས,True,\n
P000155,old,73b4a302d5564337adfe0243802f8e54,63604,63671,False,ང,False,མ
P000155,old,69a9fefaa77247cab38614eee9426dc3,82686,82744,False,༌,False,ཟ
P000155,old,5bf8b1185e9448e7847c9c5c4f7248ac,88461,88533,True,་,False,ད
P000155,old,92ea22c2b0bc457a8885d948c8333a06,153803,153951,False,ྔ,False,པ
P000161,old,c999021b0dde4ef6968db2b7d9e62500,173896,173996,False,),True,།
P000161,old,c75739744b144ed9995d184521259b86,188516,188651,True,།,False,ན
P000161,old,68192b35fd75414fa2091e3d4479b29e,188653,188691,True,་,False,ད
P000161,old,51285dc5d785401d8f98c7176fa0a3fa,320973,321339,False,ན,True, 
P000161,old,7e5835650dd34e6f9a5c9aa3c7c23cff,447103,447218,True,\n,False,ད
P000161,old,b0a31e667b804315a3c91daa76bd1348,448277,448457,False,ང,True, 
P000161,old,f5ed0ece0a1e4554a420ede24603f05b,449374,449557,False,ང,False,ད
P000161,old,bcc2548af0884918850afb4058eb33a0,450036,450183,False,ར,False,ོ
P000161,old,8f7e1971638c402ea642c43f29d1e273,450706,450854,False,པ,True, 
P000161,old,00ea98060db24b1c90171ab594f70051,453295,453444,False,ས,False,ལ
P000161,old,4f24e332f4044bdcb41882b4e82fd6ea,453979,454058,True,།,False,ུ
P000161,old,4d39cc3524ba4f7ebb0a9ff603f9d012,454906,455086,False,ས,False,མ
P000161,old,fbcb0b707f2741b69c8387e99b5f5945,455727,455884,False,ས,True,།
P000161,old,1e8ed47a45174586b345e025f2b8ae07,457679,457853,True, ,False,ི
P000161,old,714fdf0e1307444baf6b88b1774cb9c3,458351,458501,False,ྟ,False,ུ
P000161,old,29b6e3bbf5e74f75962054e544e4713b,458944,459203,True, ,False,ཆ
P000161,old,1f254e6678f646f18f84a9d81eeca44c,460205,460460,False,པ,True,་
P000161,old,99ab6fb532434abea15d712349c17635,461620,461803,False,ག,False,ཆ
P000161,old,3751c725625b4d8fb5eac8abec62c928,462653,462877,True,།,False,པ
P000161,old,0a4240045a04485fa480d72c94cb19aa,463799,463961,False,ོ,False,ར
P000161,old,70a4c130924e4a9b9ae7c00375eb2c70,464664,464976,True,་,False,ག
P000161,old,a53c2db56da34d4e9f7ff5ccaa6c99d4,465817,466148,False,༌,False,མ
P000161,old,a1b25bfc303746348f80b08eb26a5783,466702,466951,False,ཅ,True,་
P000161,old,736afff66bd64e2e847687c5536677dc,467478,467788,False,ད,False,ེ
P000161,old,a625a8eebbca4a7084b0bdd5d926b39e,468480,468626,False,ེ,True,\n
P000161,old,c8d151c8bfca4ad48c00df342c67be08,469304,469428,False,ས,False,ྱ
P000161,old,6e0d899d719c4b1e8885021de9c8b878,469748,469896,False,ར,True, 
P000161,old,d622fa3d30594c91b00e4b5c2daf4c8d,470710,470861,False,ར,True, 
P000161,old,f4801896b35849c0ac8ec5642cdfcce5,471249,471416,True,།,False,ཆ
P000161,old,628fc754f09f46aaa817ed61f503d4a7,472125,472464,False,པ,False,ད
P000161,old,a57749ab67fe403abdf0fe504aa65d24,473348,473559,False,པ,True,\n
P000161,old,ce3354b15d444ac18c1b4d55abfa17b0,474498,474648,False,ད,True,།
P000161,old,32cb8a8ff1964c759f9625fbe6645418,475635,475867,False,ད,True,།
P000161,old,f6c15d50ef874abd802468ed9dc401cf,476411,476561,False,པ,True, 
P000161,old,cb43df4640394542b5fc0b4ec0910326,477151,477220,False,ག,False,པ
P000161,old,5503c1b3a0fd478ea59632e37baca1a9,477392,477622,False,ན,True,་
P000161,old,470b50afd2f448e29228706c14773ffd,478690,478881,False,ས,True, 
P000161,old,64d3c61d163648e9a30a67bc8e672c8d,479489,479633,False,བ,False,༌
P000161,old,a5b36532e0094ad2930bc4a2a5671f21,480358,480494,False,ི,False,ཏ
P000161,old,344852a6ff0a4c2c8050223b0f262dc6,480729,480882,True, ,False,ད
P000161,old,b9cfc0fff6964850ac55d34f60b1a365,482302,482447,True,་,False,ེ
P000161,old,6ef40ae162bb4c008a42ec98f82b29a0,482937,483081,False,ོ,False,ྱ
P000161,old,056db66a80e846c698a28613f0bde443,483525,483728,True,་,False,ད
P000161,old,6e34e6d6615d4a4c8f2a6135f8f64d5e,485777,486010,True,་,False,ེ
P000161,old,b2eb9c5a52ba4650b45719bdb0aa70d3,486472,486629,False,བ,False,ི
P000161,old,27b72535425046e0b642d81eed5f0ffb,487123,487317,False,མ,True,།
P000161,old,a500785e553f4b4caf8c670741c78687,488116,488274,False,ོ,False,འ
P000161,old,f6207651cbb546059748f0a4962bf913,488713,488923,False,ར,True,\n
P000161,old,6c6f421eeedf4fbeaf7b48fc68fef284,489417,489488,False,ལ,False,ས
P000161,old,784fa4f13b97415091fe127f7d6a8443,490486,490745,False,ས,False,ས
P000161,old,e0ed317b99b145aca507f5dccd00e3b5,491526,491683,False,ག,False,ས
P000161,old,cd60d30428524cd8b57c692937308f9d,492068,492206,True,\n,False,ས
P000161,old,7f62c1c11ffb4acba6c124f0ad631ab8,492445,492583,False,ི,False,ན
P000161,old,6fb5435315d2418c92b7e9164b465f02,493311,493460,False,ཡ,True, 
P000161,old,cf37d0697a814e3a9dac0b3ec545ad18,494046,494171,False,ར,True,།
P000161,old,68c734ac11574eab8503073dc1903b2c,494386,494529,False,ཏ,True,།
P000161,old,6eea01863c2f4e53b5b5da8bc412bbd9,495464,495595,False,བ,False,ར
P000161,old,5c48b629c2714d149347496cb361e171,495850,495967,True,་,False,ས
P000161,old,d8028aa8830345b496642ff660e7206b,496131,496273,True,་,False,ས
P000161,old,4aec20084c194e95922f01f5158b20ea,496862,497006,False,ི,True,\n
P000161,old,81ed7c6a3d684c0897c695fb60028a92,497279,497341,False,ས,False,ཡ
P000161,old,119d9bf16d154a789dd9d2ca914509d8,497628,497782,False,འ,True, 
P000161,old,58ebf89c5e664475a5ee323ed4020277,498757,498906,False,བ,True,།
P000161,old,4addeb1bdd7f4572b9f92111954f6ce4,499580,499741,False,ུ,False,ད
P000161,old,26b6e0ae68f141ec89305431cc65e024,500223,500367,False,ས,True, 
P000161,old,fb4460dde52f4e32bff43fc102cf0c92,500608,500678,False,ྱ,False,༌
P000161,old,16d2feef38f448449700efcd3d072c07,501447,501699,False,ི,False,ོ
P000161,old,f7483f5c65d14ca8a49f537e84968321,502255,502471,False,ཐ,True,\n
P000161,old,e040b2d6a86a47998c8f90677b3e8a49,503093,503169,False,ན,False,ད
P000161,old,fd868c09e38247af9bbcb4b12563e3d9,503359,503480,False,ར,True,།
P000161,old,e100b970fc384ba4b21072bf3fc2ecac,503953,504096,False,ས,False,ལ
P000161,old,a9d50a5cda90418abfa09d91fd9a9af4,504584,504652,False,ས,False,ང
P000161,old,b753b0f86a88411db66357c69cba1238,505159,505354,False,ས,False,ི
P000161,old,c9d28c8167e340d99fb80671dd36c2be,505993,506113,True,་,False,ག
P000161,old,6b4f4cb1ee7244a3914d40dbedb81154,506405,506629,False,ི,False,ི
P000161,old,e997c2e2b8d94c9bbe66fe95e5f96c72,507223,507342,False,ན,False,ད
P000161,old,6cf1b866544e4c22912bd6da8f1fd855,508737,508980,False,ར,True,\n
P000161,old,9da8e079f68a4611abe716c50e08cc03,510747,510896,False,ཟ,False,ལ
P000161,old,093c0bdfdfe04d26912553f5bdc8b841,511378,511512,False,མ,True,་
P000161,old,331728c192f742d9932ac442bb6901f3,511931,512057,False,མ,False,ི
P000161,old,5be6513594da4a98a520c6f07d12c579,512416,512536,False,ག,False,ྟ
P000161,old,697297d8edec4c6fba62eb9f7a4720ec,513025,513161,False,ཡ,False,ལ
P000161,old,61e911d2d07a48239750ae332e0ed96e,513396,513528,False,ལ,True,།
P000161,old,e9162fa90d3247c7a1e42a4af90dccb2,513987,514141,False,བ,True,་
P000161,old,c933a0e6a9234d5bac9ed2e017ac4de2,514433,514551,False,ན,False,ེ
P000161,old,76245f7622d44b069a0028166a92428a,515535,515678,True,་,False,ག
P000161,old,7e43fae6b27f4ac1ae98201d72d1f1ea,516019,516287,False,ི,False,ོ
P000161,old,7965b1511df74e00ac44eef7736b2079,517307,517417,True,།,False,ཚ
P000161,old,0ef73e75b2294c26b1ec2a902fcffbc9,518722,518864,True,་,False,ྒ
P000161,old,20cfb670216343868cb0689bda99e598,519212,519356,True,་,False,ག
P000161,old,130da4eb077142a9b9429b44de38cf97,519754,519900,False,ཕ,True,་
P000161,old,cfbeec71215043a0b423ba3b6f089a7b,520413,520536,False,མ,False,ང
P000161,old,2465307bab064f1fbb455d89fb21313e,520653,520799,False,ད,False,ང
P000161,old,06cb66e91e7a490690f721d173956f2d,521185,521308,False,ཡ,False,ི
P000161,old,9d087a6971bb47ccbb55e51c6d8e5026,521728,521880,True,་,False,ས
P000161,old,89d9b517b841489887347aa331d34afa,522365,522501,False,འ,False,ཞ
P000164,old,589ffae0a8d34611bf2d20f9eb55d001,18269,18566,True,\n,False,ད
P000164,old,8822b3bd383a4f0985c1faf85d197936,25677,26218,True,\n,False,ཡ
P000164,old,7230b1bbce384e42abbd645d065ad217,45813,45932,True,\n,False,ུ
P000164,old,a9b08ba074ce40399b8e771f7cba9004,47566,47739,True,\n,False,ས
P000164,old,5a815cc8b1724a1dbeb4b8ed7b6eaab0,48565,48635,True,\n,False,ེ
P000164,old,397f5cdd7e454653b5160dff70c9b31e,61502,61602,True,\n,False,ྱ
P000164,old,b9fd4588bb9b49e49699705b8a36d18e,62903,63046,True,\n,False,ག
P000164,old,de9981cd52e64556aa05ea96ce80a6f7,68490,68573,True,\n,False,ི
P000164,old,b0e5c75abe1e4180a27e231a9658823a,69377,69441,True,\n,False,ྱ
P000164,old,9e9aedd30da84093a8791a1fb44afe52,72528,72639,True,\n,False,མ
P000164,old,ee96e0fbf88440b1a0dbf1fcd8d6ff7d,73418,73700,True,\n,False,ན
P000164,old,f79356c28e2749a4a7cfb593a458af8b,77112,77250,True,\n,False,ྱ
P000164,old,804476af8b2946f785483055931f031a,78344,78663,True,\n,False,བ
P000164,old,d38f1fae13604a6b9d57a6b4e3e02845,81085,81263,True,\n,False,ད
P000164,old,7ce92e9b46c74392b3345526bb2f2107,83825,83972,True,\n,False,ར
P000164,old,d687aa17adb7491f99b38b73756ff698,84980,85133,True,\n,False,ས
P000164,old,bb131abc3b7c4e2dad0fbae3e60667a8,88882,89031,True,\n,False,ད
P000164,old,b58d730e46224656b5cad4fa59a57ae0,93456,94337,True,\n,False,ྱ
P000164,old,db45180e88df4414899ec569fbac98db,103840,103985,True,\n,False,ད
P000164,old,2136a2d92147461d9185151ae31147f6,107625,108006,True,\n,False,ྟ
P000164,old,ede10f23d98a4e12b49c18aeb08afb79,113796,114058,True,\n,False,ད
P000164,old,ba5c8dd354744d999efd064cb80615fe,116516,116583,True,\n,False,བ
P000164,old,40e3ec060fb5479aa0e0504da654892f,117223,117403,True,\n,False,ྱ
P000164,old,4d9d51b8155e49dabe2de052f1b97594,118678,118743,True,\n,False,ས
P000164,old,f01c05225c7c49c6a88195d792d5b33c,127800,127919,True,\n,False,ལ
P000164,old,010528734d7b4948bde644a19ae6d83d,128751,128892,True,\n,False,ྱ
P000164,old,04fdb7040d3c41bc9488d15b5a1f0571,129712,130003,True,\n,False,ན
P000164,old,2e248cb9120d4333a3ff62ee9a6cc816,133404,133546,True,\n,False,ར
P000164,old,49b139d028e749cf9430448611ffb37e,139956,140090,True,\n,False,ྱ
P000164,old,63d27a7f8f994816a152e7ac632b6f47,148034,148102,True,\n,False,ི
P000164,old,a470ea700ecd4108a3b5cde4b8832848,152584,152692,True,\n,False,བ
P000164,old,5234fc5233594b1299cf12cf90c32a96,153172,153247,True,\n,False,ས
P000164,old,1f1a525f493a46edb2d12f0813efb90c,153998,154751,True,\n,False,ྱ
P000164,old,b634bb03ddab43db960a9d39d76171ec,154841,154914,True,\n,False,ག
P000164,old,6f92eac307c34339a162bf79e96a7046,159982,160135,True,\n,False,ལ
P000164,old,2745e1eb1f7340e5ac1b4d90412ae096,168660,168734,True,\n,False,ད
P000164,old,3dc2944c03fb4ed980b4355d93eca3e8,170446,170527,True,\n,False,ད
P000164,old,292c43ca4f2145688145f14666f70da8,170876,170930,True,\n,False,ད
P000164,old,304611fedaff44ccafa780dd35c7a51f,171200,171266,True,\n,False,ལ
P000164,old,e7dc887ea78b478991dce1cdef44b9a0,171961,172037,True,\n,False,ལ
P000164,old,64ebe253d10347df8358bc4f728294e1,174641,174714,True,\n,False,ི
P000164,old,2599669bd54d4208af762efcddca1bbd,175373,175453,True,\n,False,ག
P000164,old,37cc304f222a494781dee2e031db939b,176597,176670,True,\n,False,ོ
P000164,old,cc645f680d3548a9bade07048b8bb341,177929,178073,True,\n,False,ན
P000164,old,b3301ef647e94b809478506e21d6b3a2,179961,180187,True,\n,False,ལ
P000164,old,1c440eb5d3ca4d239ccf3985caecb4b6,184101,184175,True,\n,False,ི
P000164,old,97a61d0779f8405c96c6bb266bbf1f5a,195219,195297,True,\n,False,ད
P000164,old,812ae8f6f21f4a258b6076fdce118db2,198154,198655,True,\n,False,ར
P000164,old,5120ca07563a4f69a422e86a584682f1,202044,202266,True,\n,False,བ
P000164,old,f30c6917e42543d7a864c86ce66ea395,203129,203304,True,\n,False,བ
P000164,old,0f39e0cfb0f24be5a36e3f53d0e5db57,205095,205241,True,\n,False,བ
P000164,old,88d3ef499b694cc2be9f6d11f503308e,214154,215418,True,\n,False,ལ
P000164,old,ea346d09666a4e3cbd1d1b9015bcfde7,227783,227891,True,\n,False,ི
P000164,old,758e6a12f910416b9639afca77d0bb6c,230352,230517,True,\n,False,ད
P000164,old,6b236b09f3094d22b6d37c2db3b903de,235207,235358,True,\n,False,ས
P000164,old,3fedf63a7a3246039a366a4079381525,240785,240894,True,\n,False,བ
P000164,old,0736d94502414b7ba46d8c91707bef2b,241532,241605,True,\n,False,ི
P000164,old,5cd88b4288a74bfea18a802a71353a26,243724,243821,True,\n,False,ྱ
P000164,old,41707d8f8b72450090621d6250eb9ff4,250380,250681,True,\n,False,ན
P000164,old,bc7b740b9a9f4a128be3f68830689324,252568,252641,True,\n,False,ྱ
P000164,old,e20d9522b94d487ba83c97b6994dfb4b,253311,253460,True,\n,False,ས
P000164,old,e89ca94640204f1e919a26ad899c0f3e,254856,255009,True,\n,False,བ
P000164,old,d6d5a9f148a54d939f7261a08fd6531b,256478,256656,True,\n,False,ུ
P000164,old,180e2210dcdb45b0ad9bdc1daa37dfc9,260478,260542,True,\n,False,ི
P000164,old,f88934bc037a4d33a8b293d6003630d8,264282,264627,True,\n,False,ས
P000164,old,ee47568c8c704945a2a6fca9759764bf,268577,268719,True,\n,False,ར
P000164,old,2840fe37479e49479479fe5420a39275,269337,269412,True,\n,False,ི
P000164,old,bff87019c9c84aacb12c0eecee518ca1,269877,270063,True,\n,False,ས
P000164,old,8979c5d6154447558e2d03ffb708c6ca,272062,272137,True,\n,False,ད
P000164,old,345a3e7b9e414eb093023efd4ed43136,273054,273233,True,\n,False,ས
P000164,old,39e4b6f49a504ea7a1f793bf58dbd776,280388,280650,True,\n,False,བ
P000164,old,f6ca354c561c44ff999394af1b97b15d,283609,283925,True,\n,False,ྱ
P000164,old,b2bd854463d94256b25260da66de7adc,285288,285400,True,\n,False,ི
P000164,old,cd6279bc1da742fabefeb9a8dda43e78,285908,286059,True,\n,False,ས
P000164,old,4fecbed1b3cf4263983b9c7cdc3acb0a,297057,297766,True,\n,False,བ
P000164,old,1a398031a7694b899f27f19ee7e2b7c6,300423,300536,True,\n,False,ར
P000164,old,3d87f19668504dcba5bacacf6400cddf,301932,302003,True,\n,False,ི
P000164,old,64314a031a86410f966e9b1e69916727,302272,302637,True,\n,False,ན
P000164,old,5d9d8883e8d34a37a3cef2f4ce84778d,305042,305193,True,\n,False,ས
P000164,old,3e48e4cf1a3e45759dd02456d066dba3,306418,306497,True,\n,False,བ
P000164,old,a00fb7ae83864983a4abc60f7400e9eb,309543,309838,True,\n,False,ལ
P000164,old,9227b7bf37d7424b981c83cefbe670ed,312005,312165,True,\n,False,ར
P000164,old,13d25d9dc9d542d698ecccf57c16ac34,312837,313005,True,\n,False,ལ
P000164,old,7545ae5b6370466ab077a8907db46b8c,315212,315360,True,\n,False,ར
P000164,old,f440e2f27b2a4f54a2318edccd429224,316816,316983,True,\n,False,བ
P000164,old,3fbac6b9bb6245c5a573b5554555cad7,319387,319462,True,\n,False,ོ
P000164,old,5d65c6ad0b124e68938afb98cf439761,320229,320820,True,\n,False,ར
P000164,old,5d20d2039e52461caa160c97bff849b1,322621,322720,True,\n,False,ེ
P000164,old,e9aaa2dc60c74e1f8799122c3a260099,323561,323628,True,\n,False,ར
P000164,old,5bd9b779b7c0415bab3c0e13d5eb18d9,324014,324677,True,\n,False,ག
P000164,old,d96fb4b8f68b420b992f1000402eddd8,327438,327663,True,\n,False,ྱ
P000164,old,fd91e2e6fe7642e68c0b416acaedfb97,328401,328481,True,\n,False,བ
P000164,old,928ade2929dc4c95bbfa2ee5a3bdde4c,328902,329723,True,\n,False,ད
P000164,old,039bb13eefc94d57b56a3d277c3cbb42,332543,332928,True,\n,False,ག
P000164,old,0a17529b5ed74694b75fe6fbf697a457,333970,334078,True,\n,False,བ
P000164,old,c3b587b6c9d74480adc865fa727759b9,334517,334873,True,\n,False,ར
P000164,old,a8a90eb859824d619330447bdffa0e40,335849,336457,True,\n,False,ས
P000164,old,3bc67e3cab3f46d5879959cd8758f9da,338298,338697,True,\n,False,མ
P000164,old,09acaa7631ea4e46b80b45a629a714f9,340047,340385,True,\n,False,ར
P000164,old,daf304f68f384b96a33b088931d30aa6,342509,342686,True,\n,False,ྱ
P000164,old,a49b56c97d794254a0457fb96e3af381,344428,344639,True,\n,False,ས
P000164,old,a1345aefcba44373bf5eb8cfdbb23a0d,347464,347614,True,\n,False,ར
P000164,old,83f4488349a64cfa82e4f22ba139af24,348672,348810,True,\n,False,ག
P000164,old,d6477706bd39473fbbfc4b239ca87320,350458,350529,True,\n,False,ར
P000164,old,6b1ed4fa711e455b9ffb2431110bf650,351820,351978,True,\n,False,ག
P000164,old,0b780bd8d0f44c3aa090253949a3d071,355959,356030,True,\n,False,ད
P000164,old,3491b53c38624318b5450ab1c825a41a,356565,356698,True,\n,False,མ
P000164,old,85c2d1ef02f946f89e01ed64cb149106,357541,357685,True,\n,False,ོ
P000164,old,3f4a4befcb24487fa6fa1ed2d760aa1b,358277,358455,True,\n,False,ྱ
P000164,old,85bbf1648b184b0cbfa14cfe33f548bd,359126,359404,True,\n,False,ར
P000164,old,c68fff26c61d446ea2a88380d9f922a0,360807,361047,True,\n,False,ན
P000164,old,ac3718b314ab4bf39f6c370f72555f71,362130,362449,True,\n,False,ག
P000164,old,8215a8792c5543a0b86530ad028fb946,363966,364209,True,\n,False,བ
P000164,old,f3946e37db39451aab498beb2aff0878,365261,365636,True,\n,False,ར
P000164,old,0ae96d6f5c1f45e7a7a4a9d5a1e03f85,367135,367349,True,\n,False,ན
P000164,old,4e0655ee302f4644a00d153330b4c1f7,368817,368964,True,\n,False,ས
P000164,old,8ead7a6553ab4d58b2ef402af17715d3,370106,370243,True,\n,False,ས
P000164,old,eac68dd58c0c4bdfa3ec8b61e713e774,373609,373751,True,\n,False,ས
P000164,old,dabec277834b43e089506e5ddc365606,376132,376401,True,\n,False,ན
P000164,old,a41ba45920e547e783bdceb49f634460,379525,379718,True,\n,False,ར
P000164,old,6dc56655f3f045328c2deefeaa4abb8d,380843,381111,True,\n,False,ལ
P000164,old,88912e25ad1f4c0dbb53c40dc649333e,382949,383277,True,\n,False,ལ
P000164,old,56e4942c483849f9a288a0f6a07fa38a,385259,385330,True,\n,False,ར
P000164,old,5c74ce6640234422a9952c5aa39d4414,386961,387103,True,\n,False,ད
P000164,old,8f2fc39fba964d7891b198733aef8712,388567,388641,True,\n,False,ི
P000164,old,2a69f2871ff64549a91634c552ecf1b4,389205,389358,True,\n,False,ད
P000164,old,3b730a7d10ac4823a2f2ae8a15258aa7,389985,390286,True,\n,False,བ
P000164,old,ed930478e2e7484995a2081e89352988,392000,392443,True,\n,False,བ
P000164,old,0efe7d2401a641888972ea51041e8cb9,396215,396323,True,\n,False,ེ
P000164,old,f5141851e2b8474495caaad3f90a8eeb,397179,397251,True,\n,False,ན
P000164,old,e1b0d685b60f4a67a6299e3668050a6a,400103,400249,True,\n,False,ར
P000164,old,c872002869bf4b68ba99c5a756941f8a,401099,401204,True,\n,False,བ
P000164,old,bd57490827734029a850a43fce0ac5bb,402407,402677,True,\n,False,ལ
P000164,old,819128e38c61400ca97afbe70dcf5d51,405813,405886,True,\n,False,ར
P000164,old,0b2d60d03b7342dda97246d5fe9e847a,406531,406755,True,\n,False,ར
P000164,old,9c6c52c2da9a4092a7aafbde66e9dc95,408106,408178,True,\n,False,ར
P000164,old,8b562cfe599f4d32a3fef697ace41a6e,408563,408672,True,\n,False,ག
P000164,old,e1609e8a192e41e69be19ae4968c5ac0,409704,409774,True,\n,False,ྱ
P000164,old,4aa5f247819c47e79619a5b6e0096c68,410344,410424,True,\n,False,ན
P000164,old,5c8be5b970854f8d9a7f92199be7bbd3,411325,411396,True,\n,False,ག
P000164,old,71a018fb9d574a538d6aac72c32a527a,412249,412481,True,\n,False,ག
P000164,old,7e676300041741b193fae5cdae5725b5,415448,415593,True,\n,False,ལ
P000164,old,e62e2f65919245c787578583a1fc140c,416525,416672,True,\n,False,བ
P000164,old,bff85c92aa8b4c198de6bf48502586ae,417259,417403,True,\n,False,ར
P000164,old,0653fa54b8a642a3b96266cae77f5fb1,418338,418488,True,\n,False,ན
P000164,old,41825e19ac2b4ddd87293bbbe69e2f58,419010,419156,True,\n,False,ལ
P000164,old,15cf33f773fc4457b92b367c68eeb6c6,419950,420108,True,\n,False,ར
P000164,old,f0a1b10264fe47529d14fdf59599fe21,421361,422206,True,\n,False,ལ
P000164,old,d8426e028dd648d3ba2fe62bcbc8532c,425287,425436,True,\n,False,ར
P000164,old,fca240c926db4c319865f990aa636211,426189,426348,True,\n,False,ར
P000164,old,028997f6fffe46f193397ae324d332f7,427522,428189,True,\n,False,བ
P000164,old,8f961f1927c54e8ba7732977ef58d3d1,438635,438739,True,\n,False,ན
P000164,old,6636fea57d4d42d598e7ba4dcfeb83da,440772,442116,True,\n,False,ི
P000164,old,8e303af2eaf946ed8b7ce4bf1dd20fd3,446858,447148,True,\n,False,ག
P000164,old,a22608b6fbd848c58dd01d79c67f874f,448860,449072,True,\n,False,ཡ
P000164,old,4576bb09a6b94e2ca26a46c7f49d94ae,450183,450450,True,\n,False,ོ
P000164,old,b0e9467be06244bca1fbf7b86213cf99,461836,462011,True,\n,False,ན
P000164,old,dd668ba5079d4dc18a6cd79716ed40a2,462383,463590,True,\n,False,ཡ
P000170,old,3336eb1ab08146e28daaedba212fbe8d,76512,76637,True,་,False,ཏ
P000175,old,408aba3696be45e1a921265bf2e62281,56034,56109,False,འ,True, 
P000175,old,410f364bd27242219cf29d6ab2d7e024,56757,56836,True,\n,False,ད
P000175,old,7280544c4774407e941dfe6e4b3bbc85,57505,57603,False,ཞ,True,་
P000175,old,47b1317f2fcc478083257759e03c76a8,58285,58460,False,ང,False,ཇ
P000175,old,565fbc4ea05c4b4cb44a66f7f796677f,61209,61359,False,ག,False,ུ
P000175,old,00b084aa35844740b13e822e1dcb3b03,62933,63082,True,་,False,ས
P000175,old,b10737e5bd864254b16bbaeda31cd221,66116,66354,False,ཅ,False,ལ
P000175,old,4669928af0ee425184cb290160af9bc7,67594,67719,False,མ,True,་
P000175,old,adfcbcc6757647e09edccffedd801d65,70302,70485,True,་,False,ཆ
P000175,old,25ef00afb37443838007f8fbf48a7002,71910,72135,False,ཛ,False,པ
P000175,old,b32c33ad5dcf4a9b8b5c1c217a4dd1df,73174,73335,True,་,False,ར
P000175,old,415ae0b84b49463cb6c8b825496e85cf,75831,75948,False,ར,False,ང
P000175,old,ec9586d473b9461590dcac349b95e9bc,78036,78286,False,ུ,False,ཡ
P000175,old,4e90023c53a7406981d43d1ed2f70206,78953,79116,False,ཞ,False,ག
P000175,old,fc2ab74bbeb0442d9de3a6ae0166a6d4,80024,80169,False,ོ,True,།
P000175,old,87c8f939f43a4b54ac3720f096e031ab,80889,81035,False,ོ,False,ཡ
P000175,old,145dad5c7b2b4e26b16c0e0157f8a902,81714,81837,False,༼,False,ུ
P000175,old,00567268274248a2bbdb3af6bf33d94b,83137,83211,False,ལ,True,\n
P000175,old,cdba226034b94a229ae0da9061b075ac,85473,85640,True,།,False,ེ
P000175,old,f57af0158fce4e89bf450efbd81dbe19,91285,91341,True,་,False,ན
P000175,old,040622bc94e642ea8ca618a0dc4a4b83,91707,91761,False,ང,True,་
P000175,old,4bdec2ddf907437cb9e1ac9b7cfe7b3d,91931,92071,True,།,False,ཀ
P000175,old,88d1b8f7d233419a98b567d4859d7008,92666,92733,False,ུ,True, 
P000175,old,d0cd6ca53af74126aaba3f64a87dcc21,93103,93174,False,ཐ,False,ག
P000175,old,fe7266e84434484cab570413c6267c4b,93550,93611,False,བ,True,་
P000175,old,c1f27ba237234a728809b10be1b40d18,93818,93878,False,ས,False,འ
P000175,old,bcfb562d06ab4f60b722a408b81ff180,94122,94273,False,པ,True, 
P000175,old,336ee8f757684946a58ea38dec02373f,94683,94740,True,་,False,ས
P000175,old,8dc24ab67054457cb59184af1057425f,95048,95104,False,ོ,False,བ
P000175,old,57d8432c8d304fd78be52be99a1871ac,95873,96105,False,ུ,True,\n
P000175,old,97a8064cdb9947b7ba194aa12e29ba5a,97887,97964,False,ུ,True, 
P000175,old,d8d8f5dccbb345ef827d5a1c8f6d4d0c,98347,98416,False,པ,True, 
P000175,old,7eaf4a92db434d7096dc3610f636b3a2,98737,98806,False,ོ,True,།
P000175,old,6b731ae718244fea8a6f8f910ee1e454,99706,99828,False,ས,True,་
P000175,old,ac7a37306cb4441d94186bb4fee2902a,100918,100990,False,ང,True, 
P000175,old,487b06c8b7f8449e8015a797373249d8,101325,101392,False,ཅ,False,ེ
P000175,old,cbb87b3713f845708ae114013b4086d5,101689,101846,False,ས,True,།
P000175,old,69ebd418e29e485f913a6bd267edf561,104004,104077,False,ཆ,True,།
P000175,old,8f2ceded8ee14e03aaacdba16bb054cf,105255,105364,False,ད,False,ད
P000175,old,1bdfca3539244c6cb07ce8c0a41dcf4a,105916,106052,False,ི,False,ེ
P000175,old,cbe0ca7d08be465b881ee07954317b8b,106516,106670,True,\n,False,ེ
P000175,old,72f3d6023d3440ef9fcb0da05ff3ee1b,107192,107337,False,བ,True, 
P000175,old,05fe14beaabd4c0c83f50c1b1f607a8c,107913,108028,True,་,False,ལ
P000175,old,48a6c5e01e2a496290e7f9bc0e93552b,108030,108061,False,ག,False,ས
P000175,old,8a874d9b77f445a8997224f7a905bde1,108915,109059,False,ོ,True,།
P000175,old,7aa82824c3224062988fc8f2efd50a84,109549,109662,True,་,False,ི
P000175,old,333a8cd117c64692bc0f16a3e708abac,111542,111758,True,\n,False,ུ
P000175,old,b3ccf5da3fbd417d9a66c856e38c44af,112901,112974,False,པ,False,ལ
P000175,old,dc5bb1f40fea4713b7b329d5186aa78d,113268,113421,True,།,False,བ
P000175,old,6a047e8d186d483a858ba47849742f2e,114232,114310,False,ས,True,་
P000175,old,c0d1e85dad2f4d068666ba3e493256c5,114695,114852,False,ོ,True, 
P000175,old,d22176f2642d4d828fdb4cee1293d3d3,115627,115821,True,་,False,མ
P000175,old,e3b73223fe0e469ca01b955c36433970,116726,116883,False,ག,False,བ
P000175,old,3bb60568d2954fe39f4af899590f3d9e,117815,117983,False,མ,False,ྷ
P000175,old,f7793e63f5d94e91a3181bd5183c1c96,118705,118776,True, ,False,ས
P000175,old,94d864b919344fe79b3d19f6bc734ed2,119144,119216,False,ས,True,།
P000175,old,c6e4f7544fe9437aacae0acb08983507,120135,120284,False,ག,False,ཉ
P000175,old,2a402efd794e420282874e7cb839d63f,121744,121892,False,འ,True, 
P000175,old,931f4ea2a6534428a0bea52a06ebd10d,122738,122884,False,ར,True, 
P000175,old,8b1759802c0042858b3319221f779cf1,123438,123559,False,ད,True, 
P000175,old,f3251144d70a4605ba8592858969ed73,124085,124223,True, ,False,མ
P000175,old,a6e1bf6560fa49738744043fc17c014c,124871,124938,False,ོ,True, 
P000175,old,4595455075ab434f9c7f9256cf91e212,128199,128343,False,ི,True,\n
P000175,old,ee8b2a4894514210817e286822decb3a,129348,129436,False,ི,False,བ
P000175,old,2fcef7647a4740c78de1c7b16bfbd62c,130444,130575,False,ི,False,ག
P000175,old,80d07543d77240f0802aa19456df7df0,131131,131247,True,།,False,མ
P000175,old,aab0dc513c094304b2005711df24a679,131770,131912,False,ི,False,ཀ
P000175,old,ea4c0f19a3b34b42ab9d167ce6971040,133572,133714,False,ང,True,\n
P000175,old,f4286c509d13423cb2d556db125cae56,135723,135785,False,ོ,False,ན
P000175,old,9fbfb4e4d4144c238402106c3afee7ff,137887,138033,False,པ,False,ང
P000175,old,6bf3c3942b794d37867fe69ded72bd02,138777,138926,False,ྗ,True,།
P000175,old,0373589e94e44faaa95f77ab9c44e7d2,139860,139936,False,པ,True,་
P000175,old,96f19fa7d1164f259e3bb2d40f8f298a,141435,141519,False,ར,False,ས
P000175,old,ac9c844c217146ad8b2413381c3c4891,142862,143006,False,མ,True,\n
P000175,old,826a63b948d141eab280be86cd75de3d,148168,148286,False,ར,False,ྱ
P000175,old,2c9e579b628f4b84a43075045c016533,149812,149953,False,ག,True, 
P000175,old,af71b18d07b34715ac924257a726a62e,152157,152230,False,༌,False,ྷ
P000175,old,d8de359490fa407da62e9998d6aed25c,152517,152593,False,ན,True, 
P000175,old,67ab41d90d334f55bf3e11fdce6fc2d0,153520,153642,True,་,False,ད
P000175,old,973926203a324903b6e863928e07932d,154552,154696,False,ོ,True,\n
P000175,old,5b63968c1e7d41d2ab5159b8af2ea8e0,156413,156522,True,\n,False,ི
P000175,old,070604c7bbe54cdcafee385a617ee93c,159106,159217,True,་,False,བ
P000175,old,c0daee6b955149f899da418724f03396,159843,159963,False,ག,False,ལ
P000175,old,669451733a02471197423811c0f87577,160680,160845,False,ཡ,False,མ
P000175,old,7ae7b88cd30f43e6b4a838beb11fa0e1,161689,161746,False,ད,True,་
P000175,old,3331fcbc3ccd4caab7a999edcb8502ca,162138,162199,False,འ,False,ང
P000175,old,3301d7c96ba048ba808f86aa3d93eab3,163566,163693,False,ག,False,ི
P000175,old,08b19afa607f4aa6b6709cc8eb57edc4,167738,167796,True,་,False,ག
P000175,old,1fcbcf3ad0ef420dacbb130d1b4efbae,168278,168332,False,ག,True,་
P000175,old,7a71c2e5d8dd40978a73e405d0e06e37,171422,171548,False,ེ,False,ང
P000175,old,535518a30e1b402fa8f7edc084b06b45,172499,172619,False,བ,False,འ
P000175,old,646338e317e24472a5e848477dbeded5,173231,173367,True,་,False,བ
P000175,old,6146a3f362bb48038823b10ca0b9535e,174100,174231,False,ན,True,།
P000175,old,4b69d6da6d89434c97d1041384475f69,174886,175040,False,ཆ,False,ས
P000175,old,37f596b2dbfa4994bf92dd0c0a812c57,175967,176019,False,ྱ,True,་
P000175,old,768d220ed5764bd5a09e1175c5147d3a,177329,177409,False,ད,True,\n
P000175,old,b36bc99497bb4a50a2176677fe162e87,177615,177688,False,ར,True,།
P000175,old,5933a05897ab4c518464abf0f6f22392,178226,178369,True,།,False,ང
P000175,old,06165f799ca243ca8b3ac1341b483d7a,179053,179171,False,པ,True,་
P000175,old,1f34b8fc025d4f53be7372da58630253,179969,180059,True,་,False,ད
P000175,old,cc25260b380f4993b2257b34176cad13,180463,180519,False,ེ,False,ུ
P000175,old,b6d013cf5b8d4e6c993cd7478f986572,181080,181221,False,ན,False,ན
P000175,old,c96ab0e279634cd7a21e86277971a854,182013,182092,False,ད,False,ད
P000175,old,33ae6db708f342659ddf4075d6825405,183189,183331,False,ང,True,།
P000175,old,48728bc8528f46199d1d34fdeff5c298,184955,185061,False,པ,True,།
P000175,old,c085463f1d8047b7b36d030397993320,185893,185965,False,ས,True,།
P000175,old,9873056973464d2da2e4dc7a6e01b747,186379,186449,False,ཞ,False,འ
P000175,old,65d659aa1f364c33af0c77abecb6b0ed,186826,186972,False,ས,True, 
P000175,old,d58b6de95bea48eebe3fe13eda5ea0c1,187887,188033,False,ོ,True,།
P000175,old,30a33bbdded94002bece7ae91ec5bf33,189386,189538,False,ོ,True, 
P000175,old,b106dd89b6504de29b6f10c069eb0759,190365,190501,False,ག,True,།
P000175,old,a889e429b5b846939cb4978b4e7e0332,194645,194826,False,ཧ,True,\n
P000175,old,6091d235f77d492484550211141126c2,197258,197437,True,་,False,ལ
P000175,old,336aaedd07cc4ff292143ce99314e484,198781,198961,False,ཕ,True,་
P000175,old,56ef74030e23499c8e9976808a14bcc3,200215,200300,False,ས,False,ོ
P000175,old,f6a7a16a1fef4db088dffd1bee0f83f4,201395,201485,False,ྣ,False,ད
P000175,old,c3eac2927b4546e3b2c6650cfc0f8b4e,201961,202050,False,ས,True,་
P000175,old,98ae339c8ab24f8abd567b9b7c43e308,204285,204455,False,འ,False,ད
P000175,old,a21df839a161499eb4ef804b0f156433,205175,205268,True,།,False,ི
P000175,old,e84ce6e868fb4dbf9670ceb73bdf436b,205737,205823,True,་,False,ལ
P000175,old,fa0e5ad1525546bcabb72fe8d47c4e84,206654,206833,False,ྱ,False,ི
P000175,old,f51eb743ecb14c11ae2d1263bca97419,207805,207981,False,ྐ,False,ང
P000175,old,db1ba6b665ea49259a17332c8d0a6547,209608,209786,False,ྦ,False,མ
P000175,old,499dcf773b4545d3a03b563e022e7ddb,211786,211970,False,པ,False,ྱ
P000175,old,4cd081819cd74d78b4b45c1e111702f4,212725,212812,False,ར,False,ད
P000175,old,43f63d523eab4b92b86a6dc857f0e2de,213750,213845,False,པ,False,ྒ
P000175,old,f03c11931e0c45509d048a7624ac3f86,214194,214382,False,ི,False,ད
P000175,old,0a6928ea378f48eb84c8a885ddbd8707,215088,215268,False,ས,False,ི
P000175,old,b6445b731f2441508d5776ba860e26db,215976,216155,False,ར,False,འ
P000175,old,1c4c1f89e0434f8799d54810d791bcff,217723,217909,False,ད,False,ག
P000175,old,7c4ff47ed4654377b74b0b0b6d6f29d5,218665,218844,False,པ,True,་
P000175,old,06f455e8b3894181a364ca1d46699b2e,219608,219790,True,་,False,པ
P000175,old,c2e78ca43eb3465cae33ea09a0fd2e5c,220470,220653,False,བ,False,ར
P000175,old,60bf4385c5514fecaf1d16007c92efab,221667,222023,False,ས,False,ེ
P000175,old,98938503ed454106876f7fc5f49c4588,231972,232138,True,་,False,བ
P000175,old,cc43aa97ce6146a29652d90a1f970926,232727,232949,False,བ,False,པ
P000175,old,26719a2a20ef4e0aa5c473b1a4e60825,235983,236295,False,ས,False,ི
P000175,old,524bb2f5a34d42d7850a778c8605eddb,238489,238531,False,བ,False,པ
P000175,old,74302144a77947d889f387cd04945aa0,238573,238752,False,ལ,True,་
P000175,old,27b47cd96b6640bcac098c34898e0d43,239548,239720,False,པ,False,པ
P000175,old,9e81762bc486453ca44f9c225e2c413e,240530,240712,False,ང,False,ུ
P000175,old,5a239ab633e1412782664ef90bcd577c,245883,246145,False,ི,False,ང
P000175,old,0f8a0d9cafbd489d883f8cf625734baf,246864,247044,False,པ,False,ད
P000175,old,4ea8dd15087a48678b5cdda62fd20cba,247610,247775,False,བ,False,ད
P000175,old,312616e3891c44ea9b40a32896e3bd1c,248610,248790,True,་,False,ྱ
P000175,old,1836b400be9a42beaf98a8ca6d6a7f6d,250165,250341,False,ུ,False,བ
P000175,old,7b0973b1deb04bab882f21f4047d8267,252816,252909,False,ས,False,པ
P000175,old,91007fd80ba74620bc3cb37adaf59aa1,254396,254573,False,ག,False,ས
P000175,old,d01d27b7e3954019ac0bd95b0b9a8835,255070,255157,False,ར,False,ྱ
P000175,old,26bac7b37a68465a9edc594d77b07c74,255528,255607,False,ས,False,ཤ
P000175,old,2685b3ae59d24450b2557c06e07fe432,258806,258983,False,པ,False,ེ
P000175,old,69411cd60f61467985c3339cecb2297f,259812,259892,True,་,False,བ
P000175,old,fb2a387f0b3141e39722bb4f7567fbf3,260255,260441,False,འ,False,ེ
P000175,old,71fb94c9b58a4aa3b382fc14212d4820,261232,261312,True,་,False,ི
P000175,old,d6f0364ed4794a5982271e6db3cf50ea,261671,261850,True,་,False,ྒ
P000175,old,543ba849066d47639a837f7e00f93f8b,263023,263157,True,་,False,ག
P000175,old,b140bbbab430428eb0e2d33df525acd7,263923,264102,False,བ,False,ཟ
P000175,old,454aa4c24bf04d6ba14ae35a9cbf0391,265663,265803,False,ི,True,་
P000175,old,4c22fd7d25d04ed78e01701e74ac53b2,267494,267664,False,མ,False,ཐ
P000175,old,6820dbed227a4fa1bb87f5303d98d2e8,268578,268760,False,ས,False,ན
P000175,old,c6bba69f80c24433bea7f8ab12f6af4e,269756,269924,True,་,False,ོ
P000175,old,f874051db4f74ef295833e6a92068482,270624,270814,False,པ,True, 
P000175,old,47887ff738b24a32a57cba9d69d471d0,271596,271769,False,ས,False,ྱ
P000175,old,1d3c06f031924f84bc32cd67e741d7dd,273345,273528,False,ཐ,False,ྙ
P000175,old,d78a62bcda63429082cfd04c0e0ba3c1,274327,274510,False,ཉ,False,འ
P000175,old,dd2b9a0afdd04c0ba4694bc60f7e421b,275143,275327,False,ི,False,ུ
P000175,old,9051690058c14c0fa62043d415dd75dc,275842,275932,False,ང,False,ས
P000175,old,a8b9aaea647b4f55ab986a609bb7738e,276433,276609,False,ན,False,ཉ
P000175,old,5604d47997194abf99c6ad408b9cca6c,277632,277726,True,་,False,བ
P000175,old,953e8150edb9417b8a9c9142a8b07b1d,278220,278411,False,ག,True,་
P000175,old,90d467bbc1ac4e1d88782348a0db0863,279947,280080,False,ྦ,False,ོ
P000175,old,e45a013da8684334bdade9f392d5a51f,281877,282017,False,ང,True,་
P000175,old,e007590f4896460aad2b1665985ff7aa,284541,284632,False,མ,False,ི
P000175,old,8d68c3ee7de9468c87b4d7940acdf306,286089,286173,True,་,False,ུ
P000175,old,4035dab0e456490d8d3afc890b95bcbf,286595,286771,False,འ,False,ང
P000175,old,479e7fc20d9549a9970e985a25b77978,287275,287368,False,ི,False,ང
P000175,old,7aeb78b84da84cbe859e0dc494db24f7,287894,287983,True,་,False,ས
P000175,old,bafaebc76a084d298cb08fc8010dde54,288892,288977,False,ྱ,False,ི
P000175,old,8a910ae5170849c48f85133df89c2463,289441,289613,False,མ,True,་
P000175,old,89353578c8cb4e088512fa9e76fafe24,290014,290104,False,ད,False,ཉ
P000175,old,c5969ddbad6f4f298dc5206d747b19cf,290990,291074,True,།,False,ཞ
P000175,old,17842cba5d564f7aa8c2fc1ca943c2ef,291909,292087,False,ག,False,ག
P000175,old,1267c6e5d7f44cbfa38d9fe248e0d5f7,292642,292821,False,ི,True,་
P000175,old,db0eeea536b744539d8316abc0e793e3,294058,294224,True,་,False,ི
P000175,old,f9c57c384d5c4833a36ffbba70871699,295822,295901,True,་,False,ས
P000175,old,ddbe4405b9ec420d8a4c6491425acc51,296453,296544,True,་,False,མ
P000175,old,be1658c10ce64e80b43bb65f3acca60b,298409,298538,True,་,False,ན
P000175,old,0c929285587149219509c5b2ee3fd0a7,298921,299097,False,ྱ,False,ད
P000175,old,44d3a854af4f4d3b975311d3ed9d0d4f,299785,299932,False,ི,True,་
P000175,old,4868adaf6120410fb29757ac84dcac6a,300306,300457,False,ྱ,True,།
P000175,old,429aa7e162dd48778d0cbd25fcd454e7,305448,305719,False,པ,False,ན
P000175,old,5df68303fe394636aa122a5450f046f6,306978,307122,False,འ,False,ཚ
P000175,old,cc98bf0a1ce34d52938d6a2e6cd83b52,307659,307800,True,་,False,འ
P000175,old,5cf3403b3d224d16885041421e33fddc,308290,308446,False,མ,False,བ
P000175,old,c2cf37fa6d6644c895d6ac559d228abd,309362,309501,False,བ,False,ེ
P000175,old,9893c948e14e4db5ac7b8103ddf55e92,310583,310731,False,ི,False,༽
P000175,old,d958fac2036f4003add3e59a10b5c33b,312481,312626,False,ཀ,True,་
P000175,old,aac7b4f8c82a43f8bc0afc757050b4be,313238,313389,False,ས,True,།
P000175,old,b732cf8dcb0e4574bef3c9d4f7e65f6d,314343,314482,False,ག,True,་
P000175,old,7f000b710d6947a88a0fed8942581e87,315079,315226,False,ད,True,་
P000175,old,ea366f53e2d14dba923d10d42e71fe92,317670,317821,False,ར,True,།
P000175,old,d0fbdd10f6df4d88a2c8d89b9c64c88f,318630,318772,True,་,False,ས
P000175,old,32a67e4b32ff44169e494bdbe70f31c2,320162,320294,False,ས,False,ས
P000175,old,954cdf2bf9ed409db2e7a92c6604864e,323384,323526,False,ར,False,ས
P000175,old,040f5885e76b4516bf1fedcab879e1d8,325085,325231,False,པ,False,པ
P000175,old,0b8a3590e5354e0e8242deb94dee8553,326333,326484,False,ལ,True,།
P000175,old,b2d566ff74e24e7eb87cce15d3c33f42,327264,327420,True,་,False,ང
P000175,old,1ec3d397230d4da693cb8b82a9ce22f4,328068,328205,True,་,False,པ
P000175,old,cd42a1962b9d4fd5b0adbbd0f402dc03,329341,329483,False,ང,False,ས
P000175,old,0db8669752574cbd939593a7ec52886c,330286,330421,False,ས,True,་
P000175,old,74ecfed90f41435ca07a834de0ab7a3e,331938,332083,False,ཟ,False,ལ
P000175,old,4b93979d021941cd9481885ee8c64a49,333371,333520,False,ད,False,ན
P000175,old,8c809290294044a3972516763303d82a,334248,334395,False,ྲ,True,་
P000175,old,18fbc53b7e454df595bfd313da5abbb7,335006,335156,False,ང,False,ི
P000175,old,68d8b440a93a4cbd90a57ecdc22f31f9,337704,337853,False,བ,False,ན
P000175,old,fd01d32fac1649399d3dacfecae7ef21,340593,340746,False,མ,False,ཇ
P000175,old,d7fd3c6deb5d4ecfb4b1aa91bd9bb719,341954,342096,False,ས,False,ས
P000175,old,b499ae1110b9494898d2dbf881225768,344572,344727,False,ཐ,False,མ
P000175,old,3cea6800ab8b43a1bb8bccc8dc40f763,345497,345678,True,་,False,བ
P000175,old,baf8a8708b4843b799a4e285f520af2d,346583,346763,False,བ,True,་
P000175,old,f06fd56c1b3749eca1311347918a161a,347977,348155,False,པ,False,ྣ
P000175,old,176e1010bd0748398405c047947b02ae,349126,349244,False,ི,False,ན
P000175,old,6a161f7fdd0746f796052fe83bd3286d,350483,350604,False,ཆ,False,ཐ
P000175,old,43047d36dbc0496c9797974e9fb58874,351235,351384,True,་,False,ན
P000175,old,10a9ad10b47648e8816aec916abe47d0,352384,352496,False,ས,False,ད
P000175,old,e539efc5100d427ba7700fea12a9670f,352965,353085,False,ད,False,ག
P000175,old,ec2f651d56de4c29b334efd5a4f9dcae,354546,354677,False,ྱ,False,ོ
P000175,old,247e95a18ca7452db35e95f28ed14936,356004,356119,False,ད,False,ི
P000179,old,590c82854d8e4644b9e72bf1c9670931,347,505,True,\n,False,༢
P000179,old,2bb136a26dc24f3a9654e2db8b9b08e6,24365,24521,True,\n,False,༢
P000179,old,9c07b714da4d46bcb2c4aea13d283cb1,28304,28455,True,\n,False,༢
P000179,old,37b03c5896474db8b40e9c90fae0b52e,28860,29019,True,\n,False,༢
P000179,old,05d6344cc46b4b85b40dc7ad1b65f1ea,29757,29838,True,\n,False,༢
P000179,old,61e7290b2f8b452da28f57b07438e46b,30262,30411,True,\n,False,༢
P000179,old,a7bd648031744d58abbffdb6833ebe57,31600,31675,True,\n,False,༢
P000179,old,6df7129c577b4f3ebc5281c8c48d0d90,32182,32325,True,\n,False,༢
P000179,old,7284b0f8a8964f0198d7c5bb792fa52d,33841,33991,True,\n,False,༢
P000179,old,93c29dd9b28b4963957aa11297a1f93e,38031,38107,True,\n,False,༣
P000179,old,42454fc579dc4a8ea8c33426446cc5e9,38550,38721,True,\n,False,༣
P000179,old,cc4b06731fc945598288eebe0bca8c24,40031,40111,True,\n,False,༣
P000179,old,064ae255e50d496d8894176fd7402f5b,40646,40806,True,\n,False,༣
P000179,old,b89663ca3fa24c879d0dd6406619cb00,44481,44555,True,\n,False,༣
P000179,old,194eca2631464cf3b742a0d2e24a30a9,45651,45726,False,ད,False,ད
P000179,old,dd361aa23ab849d1ba21c2e0fc4dd26f,45901,46056,False,ོ,False,ན
P000179,old,2428a649104447758c82b28473a90271,46579,46654,False,ྱ,False,བ
P000179,old,29cfa13bc5d84303a5fb294f95e9f3de,46987,47060,False,ག,False,ྱ
P000179,old,7c93666273da48569ccf825d4e64879d,47774,48077,False,ག,True,་
P000179,old,d0a01a3a718d4d6083b2ef050b342063,49430,49586,False,མ,False,ག
P000179,old,614f6bf5546448f4b3e95c8da9657a76,51829,51989,True,་,False,ར
P000179,old,8bb7c5cc7b304900aa78bdd300c87146,52538,52689,False,ས,True,་
P000179,old,f7bfcac72d864126b109dbd1d6fba279,53017,53171,False,ེ,False,ན
P000179,old,7c77ad44cfd64393b39ca96ec15d4561,53731,53884,True,་,False,ི
P000179,old,d9abbe20bbab44ab88b3d92c5d9f602f,57197,57346,False,ག,False,བ
P000179,old,0efd05027f7947de8ffb28f4a7fa15a0,58198,58348,False,ཀ,True,།
P000179,old,4dce65a27f9a480999a6c27676aa040e,59134,59301,False,༽,False,ོ
P000179,old,b576219c3fac4e6aa7e3bea1d5af164d,59718,59877,True,་,False,༤
P000179,old,06861f9ddada4b58a87dc15b4ce6f852,60282,60441,False,ད,False,ག
P000179,old,646f0fb9b6ed4eafa4381cf057116027,62563,62706,False,ན,False,ི
P000179,old,96bc0ec2434944fca36c070c59776d72,63781,63855,False,ྟ,False,༽
P000179,old,19c974744aa547358c7edd43e1c02b85,64390,64536,False,མ,True, 
P000179,old,40e12384a9334ee5a381a16e61029bef,65414,65563,False,ྱ,False,ི
P000179,old,ed948393e3854d3bbf2913cf01b66d5f,66119,66269,False,ཞ,False,མ
P000179,old,f1e798ee67714bb0aaf562eddc669e1e,66738,66813,False,ད,False,ད
P000179,old,9a2d449a26ed4127b7bd4ef06eac851d,67066,67145,False,ང,False,པ
P000179,old,639f8a6b9b07461da01b88242bbb656e,67783,67939,True,་,False,ྱ
P000179,old,982d426382544b049c4a18b3a87a6c21,69810,69969,False,ལ,True,་
P000179,old,2a37601e91504e5d9fb2936595e8877f,70816,70882,False,ལ,True,་
P000179,old,39ce7c27463e4ff1a1a2f3c89cdd3f85,71404,71475,False,ཉ,False,ན
P000179,old,3d2c623cbce84375928621297aa91fc5,86080,86231,False,ཏ,False,ོ
P000179,old,8d5eecf5914a4f2f85ea75c96b951b3d,88005,88154,False,ཞ,False,འ
P000179,old,0f996284d5b144eda46faabf0309a189,89525,89675,True,་,False,ྲ
P000179,old,1bbf2d51a8e34bd187487c2088c6ee81,90583,90828,True,་,False,ན
P000179,old,b3e8cfa06c2f4c8a9fb4b4d98766a41f,91492,91726,False,ས,True,་
P000179,old,3949f3b4d5b248779640c4fbf6f14302,93058,93237,False,པ,False,པ
P000179,old,a2faa172877e48909e67a19a5ccacbaa,94325,94568,True, ,False,ར
P000179,old,02ec9b8025e04d5b846af1bce8ae18b2,95431,95560,False,ད,False,ྱ
P000179,old,60334da09c1943d6918e2d145ae71979,95922,96043,True,་,False,བ
P000179,old,47b8e3ff5b2f478c9b5728dd0ec18490,96720,96825,False,མ,False,འ
P000179,old,1554663fba32478680037573c8a24828,97291,97397,True,་,False,ཕ
P000179,old,141788957ac6455b9e376f6e60febef9,97792,98007,False,ད,False,ར
P000179,old,f10cab17efb246d49c924c65f345d586,99240,99449,False,ྲ,False,ེ
P000179,old,11f3f30a65e64a52a930684adfe76545,105563,105782,False,ཏ,False,ང
P000179,old,28675325a17f4e84bef380246cc83f49,106527,106745,False,ྲ,False,ི
P000179,old,2ce3a881ac344801b09b5310d2800d2f,113374,113588,False,ད,True,་
P000179,old,9b2d72bbf78c4fc294f1059b9608d0a9,115841,116047,False,པ,False,བ
P000179,old,b34d328af8a74db28313fa6bb1be57bf,117776,117981,False,པ,False,ས
P000179,old,377e8b4437eb4b759c1a740a5c2936b6,121951,122027,True, ,False,མ
P000179,old,f6f8b53282244088ab394d3e43550001,122232,122352,False,ྙ,False,ཀ
P000179,old,fb683fd6a29340bc8d3c9e775c24f2e3,124662,124922,False,ཉ,True,་
P000179,old,8522a915087b4f9f8219a2c841b6f892,178437,178625,False,ང,False,ི
P000179,old,8052a8c8a6144bf58a295e58d879b625,179302,179361,False,པ,False,བ
P000179,old,6f59a48660d442919de48ec37203d7f1,179596,179853,False,ག,False,ད
P000179,old,dda3f87e0f594fce809f96e59331d8e2,182812,182939,False,ག,True,་
P000179,old,2f01242f42d64af0b9a224c32d8c4312,183269,183393,False,ི,False,ར
P000179,old,4dcf8c1b020d453e971f284a3ce7a0cc,183666,183901,False,ས,True,་
P000179,old,aed6ed3583504f4992873b2f76c671e3,184616,184744,True,་,False,ེ
P000179,old,b1840e2c48264bc8a763539f5c2600c9,184953,185066,False,པ,False,ག
P000179,old,1fe40ce6df2245cebacd240ec3400298,185349,185460,False,ས,False,ི
P000179,old,28697845ea924db5bf11c413cc18c89a,185774,186000,False,ང,False,པ
P000179,old,e30c9410091f46e3850022b0b21004a8,186535,186764,False,༡,True,་
P000179,old,d026553dc9204d1cb61fc149af0f1d57,187109,187355,False,ོ,True,་
P000179,old,e81f668de177479ba14c5c7433c81589,190742,190930,False,ི,False,ེ
P000179,old,cab8f8b3207d4e62b3bb785bb3a8ed07,191784,191845,False,ག,False,ད
P000179,old,e7d1b851bf5044cc994cf5810d560342,192219,192467,False,ཡ,True,་
P000179,old,bcb3b2a4fcd94f17b9908e666b808608,193016,193084,False,འ,True,།
P000179,old,d6618a1f8ec44e6fb1b9573cdc825463,193638,194010,False,ཅ,False,ཆ
P000179,old,4276aa0127da462abc9612edda4254ef,194770,194833,False,ི,False,ད
P000179,old,996d58bc971e444bbf2f9b361d9ee709,196094,196149,False,ཉ,True,\n
P000179,old,bce4a802df204530a5b09a00869d48f4,198002,198064,False,ང,False,ས
P000179,old,0d39305044c246c7ac358deff171f02d,198238,198300,False,ཏ,False,ྱ
P000179,old,a2d87c6964a241aebaab78cfa3d7b67a,199019,199077,False,ང,True,།
P000179,old,786b359ab7c646acbbd58927df49241f,199269,199451,True,་,False,ེ
P000179,old,f909bc102bce4b37bc709178ed04fdc1,199877,199998,True,་,False,ན
P000179,old,73c65f4d1c8d4bcfb244e76641d2af60,200866,200987,False,བ,False,ད
P000179,old,6c5dbd6190b742348b8e05aef406428e,201275,201390,False,ི,True,།
P000179,old,a0ff396705ec4fb68d631f161705b3a4,201567,201796,False,ལ,False,ས
P000179,old,72df0f888bab4e56a24c9163725a55b5,202209,202329,True,་,False,ལ
P000179,old,2c5e649235704f86a52dbb8abd8f843c,203344,203469,True,\n,False,བ
P000179,old,0442c0ca150d40c8ab83f78173a5e2cc,203653,203776,False,ད,True,་
P000179,old,8ad6f6c7c8e249279570e6416ae65ec0,204013,204131,False,ཁ,False,ག
P000179,old,4b19faecbd0a43319f5901e944a17047,204933,205113,False,བ,False,ི
P000179,old,168686436f3f4389b8183d0798a0e029,209555,209613,False,ན,False,ཁ
P000179,old,b7a53e845a6249229afa8150ac55148e,210127,210311,False,ད,True,་
P000179,old,8bee7e90b2e24d9bac4c72006dc9fda9,212049,212143,False,ོ,True,་
P000179,old,8806e9f5db0448b7a6f77589e281c184,212505,212602,False,ས,False,ྲ
P000179,old,ed2ebfc686dc4d9e9a201591dee2b84c,212844,213033,True,་,False,ཡ
P000179,old,51667fab214548bc9764897c8e52fa1e,216828,216933,False,མ,False,ཉ
P000179,old,881ecdbf15c248e09eabe62b0f98710d,218046,218124,False,ད,True,་
P000179,old,673d49bc713b411bb77a7e4cead64bb9,219665,219892,False,ྐ,False,ད
P000179,old,3549fa7d22c844659ada520b80cd1c4a,220495,220620,False,བ,False,པ
P000179,old,605ea9df12cf496096fd75d4369c96b6,222375,222494,True,་,False,ང
P000179,old,f7352179b0f24a97861eebdd046ec2ab,223138,223378,False,ུ,False,ཞ
P000179,old,0d0da2a91afb472bb48298d53256fb3f,224819,224975,True,།,False,ྱ
P000179,old,543acf69eafe4ebeb3529e5bda2d43a3,226736,226873,False,ར,False,ང
P000179,old,7dd0f27f967845cc9039252cde8e84f2,227142,227428,False,ད,True,་
P000179,old,ea1deb448322405ca0dd9f358a8c45b2,227886,228045,False,ན,False,བ
P000179,old,41b1ea7eccec48edadf82a77ae83b97a,228368,228520,False,ང,False,ག
P000179,old,b4c0acc4fa1f429ebfd80f4c673ece39,228899,229052,False,ག,False,ཚ
P000179,old,cd747b3bb28246369e55ffe27684b57f,229426,229579,False,ག,False,ཚ
P000179,old,b23e542b3a3547948b613762b8bc9a62,230348,230590,False,ི,False,བ
P000179,old,0111c1147fe24df99a0c20b96f35f59d,232148,232355,False,ི,False,ས
P000179,old,003f03b519874c899b89a502a2ffe168,255559,255788,False,ང,True,་
P000179,old,0648aaa251eb402b98191f97ae5a5c6d,256848,257072,False,ཞ,True,་
P000179,old,81f6e45c898843eabb2974d1175aab3e,260220,260379,True,་,False,ཚ
P000179,old,e3b42107120c47c7901564eaaf498971,261053,261370,False,ང,False,ི
P000179,old,a3127cede4fe4037ab1b6d5addfcc1d5,263787,263937,False,ག,True,་
P000179,old,24df05a7667340c1b5a0552714e0cb52,270988,271146,True,་,False,ལ
P000179,old,0cdfa5536e504913b6e1bc4a14ea1d5a,278371,278525,False,ེ,False,ས
P000179,old,842bfa8000d544f88dbc75d55f537d0e,279053,279351,False,བ,True,་
P000179,old,febccd5050344e0fa3e35ecc1f98a45e,280298,280402,False,ོ,False,ུ
P000179,old,d3cd0fc6091942ccb581808d6d579582,280859,280917,False,ད,False,ཆ
P000179,old,33da920beea549caa47ef0561a3c76a6,281096,281425,False,ར,False,བ
P000179,old,0946b60b565a430997e8a11bc6b807ab,282065,282221,False,ྤ,True,་
P000179,old,9df9f8bc27b345f890ae5a96219c774a,282601,282764,False,ས,True,་
P000179,old,169d713d2e954c9f9813ff7092bca148,283101,283252,False,ྱ,True,་
P000179,old,d5e6f9426d64416492d9dbcfc77dd7a9,283777,284160,False,ཁ,False,ད
P000179,old,7a2196abf0774b3e91c0ca722b13843a,284496,284674,False,ེ,False,ཤ
P000179,old,5fdd879779e243d7b2841d845deb05d9,285240,285425,False,ད,False,ཞ
P000179,old,5eb26b317d2a48c7a3010fda8c404e3e,286366,286559,False,ད,False,ྣ
P000179,old,093d81ae4a1a485aa062dbcf625b189b,287620,287806,False,ས,True,་
P000179,old,38005c17796e4716a44834d17a0ffef1,288499,288675,False,ཁ,True,་
P000179,old,2b51d028d67249cbb2689d70f87b2ad4,289122,289304,False,ུ,False,ན
P000179,old,60f501c997ba412489c583e496819f7e,289872,290055,False,པ,False,འ
P000179,old,55c3d758316744b981e50dec567c47a0,290441,290624,True,་,False,ད
P000179,old,4399981f249e4c01b68392c339d328a6,292856,293042,False,ན,False,པ
P000179,old,c41d53f7c5ea4f2fab018072a0e90a72,293757,293914,True,་,False,མ
P000179,old,a68f1d3a682e44cb9475ee21229c29b1,294422,294539,False,ྡ,False,བ
P000179,old,b6e49f3340d9456d9e466fd923b93d8f,294874,295127,False,ེ,False,ང
P000179,old,a9ca81cc5bde4ee6a5859f8572d7aeca,296011,296250,True,་,False,ས
P000179,old,eecf1451c95d4432a62a9f56ffa87c45,299658,299916,False,ྒ,True,།
P000179,old,77a7b7f78700438d95087dab5a296904,300724,300956,False,ཅ,False,ཅ
P000179,old,be02abefd27f4deb8b4bb6e8a30d9345,303166,303378,False,ཁ,False,ད
P000179,old,973dae2c184f4f2c88553b1e2ba0340a,305517,305725,False,ོ,True,་
P000179,old,0dbc8841b808480c813ab5397b2553cc,306209,306412,False,ག,False,པ
P000179,old,52271cce616d43e3a7378fbb3edfd727,307140,307425,True,་,False,ག
P000179,old,8b57a76c630f4c4eb9646eea87a7ae40,308270,308511,False,ཐ,False,ི
P000179,old,aa1193afa337452cb306068ce493de27,311767,311970,False,ཤ,True,་
P000179,old,6ac0b699d1904e0eb9e4573387472623,313838,314121,False,ག,False,ྟ
P000179,old,f4a67cd1a6d54e35b5fad960ceab86e3,315245,315512,False,ཡ,False,ི
P000185,old,23cf6be6a9144c1b94683822a2031e68,34961,35148,False,ི,True,་
P000185,old,f9ffa3016817422e9c9e36b494d323f8,35754,35884,False,འ,True,་
P000185,old,a865e473b94c4a48a8958845a9d22f0e,37178,37305,False,ས,False,ྲ
P000185,old,ec63d1393c734d6bb66cc256bcd1e2be,37771,37904,False,ཤ,False,ས
P000185,old,6299b3c66d7847a59e4ce1e6e26641c0,38395,38530,False,ྤ,False,ུ
P000185,old,03f5050d42b4416e92202f5bf2f9879d,38888,39016,False,མ,False,ཐ
P000185,old,c7faaa086f524d7cabe248940170805c,39588,39728,False,འ,True,་
P000185,old,5dfd01dec9b544f9a2894de72dfe9ed3,40241,40379,False,ི,False,ི
P000185,old,28d7ab3eb4e5423094fffd9608d43ef8,41269,41399,False,ས,False,ྟ
P000185,old,083b7d66c3e04c9d89105b0ca37c3f33,41925,42071,False,ན,False,ེ
P000185,old,dc54243938724611bfceed417bb3d509,42629,42757,False,ུ,True,་
P000185,old,899433d20ff648b09700b2dbc5be8924,43182,43315,False,ྐ,False,ྱ
P000185,old,de34f932e9144ab2bf249815a5028ba6,43704,43828,False,ལ,False,ད
P000185,old,d76060147f4f417a8e528fafd35bd88d,44731,44868,False,ཕ,False,ཤ
P000185,old,4c9faab21bf04c0a8de9454a84c7868f,45445,45563,False,པ,False,ད
P000185,old,55292983a2a746e5b2ec975095de3cb4,46575,46704,False,ས,False,ི
P000185,old,68e5fa5641024f64978d325482366482,47248,47376,False,ཏ,False,ར
P000185,old,4cd4df54f3f44a4fa99ec6041a4fbed9,47857,47982,False,ར,False,ང
P000185,old,ed88dc5b1f5849b49b5ff26bb97bae37,48394,48519,False,ལ,False,བ
P000185,old,10378a0babf649b2b89eed5c9e040397,48917,49040,False,ད,False,ཙ
P000185,old,9573f658b0454e47a6e314e01cdddcdd,49541,49674,True,་,False,པ
P000185,old,96ba961c9a374d1398c2de9f549d694f,50510,50635,True,་,False,ཏ
P000185,old,4f967deb56fb4cbe8b36c935d69333d7,51130,51255,False,ད,False,ཟ
P000185,old,918809419e9941f3afc8a2e7eeb52b00,52001,52136,False,ག,True,་
P000185,old,4a26356017dc4ae0a1fc8bdcdd0f2891,52799,52890,False,ཉ,False,འ
P000185,old,d596dd9785884604ae4d997ec1c5057e,53445,53517,False,ས,True,་
P000185,old,e2c015c60ed14e29a302c3e0801f740e,54039,54218,False,ང,True,་
P000185,old,76371cd490c748c99641e8af6fd9c13e,94409,94540,False,༌,False,ོ
P000185,old,8412f41926e840a497ad7fc83450baaf,95713,95840,False,པ,False,མ
P000185,old,decbd91bbac94137a3e8c63d0b6fd0ed,96613,96747,False,ན,False,ག
P000185,old,f5ab3d3c255c4bbb97ca2afc1a34d02e,99722,99851,False,འ,False,འ
P000185,old,c212d6f10bd94521a7f39d24fb3b36d8,100601,100741,False,ཀ,False,ར
P000185,old,463895fff9ea4369bb52f45ffa418557,101488,101625,False,ས,False,ས
P000185,old,0f77fc14d44b4d6aac6c0fb9534dcdd9,102163,102293,False,ུ,False,ག
P000185,old,086dc7a4bfe1455f8e62b3d34ab026a8,102985,103132,False,ོ,False,མ
P000185,old,cfd149f341a24f16ae549d336a50e103,103754,103881,True,་,False,ཐ
P000185,old,1717c16874d24445a686a7c2b0578ed0,104459,104592,True,་,False,ྱ
P000185,old,71434e1e76b14938a962f83a4d13cb3a,105375,105502,False,ག,False,འ
P000185,old,bbbc1cf277e24a5ba4e6dc1bb01b5cb9,105975,106113,False,ན,False,ྱ
P000185,old,add6e54dd706409c98561303b0cfeeee,106540,106678,True,་,False,ག
P000185,old,89904da4825f4d2691373cd0d6352e56,107298,107417,False,མ,True,་
P000185,old,b33f8d95bb8e46039eb9d0d4fd933e4a,109275,109403,False,ས,False,ི
P000185,old,c99f74eafa964b1f83f18871287856a8,109850,109976,False,ལ,False,ྭ
P000185,old,87a29b2133e041ba919e1ecb8449d32b,110597,110723,False,བ,False,ེ
P000185,old,52a75a1234a84ec6b523232d4dc9718d,111112,111233,False,ག,False,ས
P000185,old,4acb0fd51a7c426593e6b6fcce08a5b6,111657,111792,False,ོ,False,ི
P000185,old,6deb1d62da3442178eb74bf058ead85a,112444,112507,True,་,False,པ
P000185,old,3b4e65a6032f4c2bac73980636f77a5d,113118,113178,False,ལ,False,ཟ
P000185,old,6e5921ab84bd4003b368cb0eb7ca6caa,113328,113392,True,་,False,ར
P000185,old,e23a0445708b440c8823d002315ead97,114055,114191,False,ོ,False,ོ
P000185,old,84227c7c5eab4d558235933e786f7218,116033,116214,False,ག,False,ར
P000185,old,6376f06fac7a485183afc69f7f4cbf1b,118224,118280,False,ཐ,False,ཅ
P000185,old,e3876bf463b140c3880f13aea5bf0930,118937,119524,False,མ,False,ི
P000189,old,ee3e1bcdcd0d4176a4a6ddc1b7b6e8ae,6147,6192,False,ག,False,ྱ
P000189,old,5eadf80d769a42ac9c0019449672698d,8644,8706,False,ོ,False,པ
P000193,old,40a2c8826573487bb82677ef4305fcf5,18941,19054,True, ,False,ེ
P000193,old,79c3b6f8a9de49788d232fcb5efa1d3e,29916,30026,False,ག,False,ཕ
P000193,old,389e21c72736415b8b5886312fe85776,30054,30170,False,ི,False,ྐ
P000193,old,5a1277433b454c43b4b023935ad115c1,33838,34104,True,་,False,ས
P000193,old,4fa61e16a33e4f8db7b088bbc85647b9,45131,45241,False,པ,False,བ
P000193,old,27ebe2c3e7be40a29af4eae5a40cc1c3,45268,45388,False,ད,True,\n
P000193,old,33884b32218641e0a29d6c97ed02ebb1,45415,45521,True,།,False,ཏ
P000193,old,61e0792048644ab1b4fdb7c7ca68cfaf,57851,57914,False,ཅ,False,བ
P000193,old,37c0a4a8f2f24cdd9f6a193cc72070b1,58583,58797,True,་,False,ྲ
P000193,old,5fb54f2124504bc5aee61f1ac359f371,58853,58964,False,ོ,False,ད
P000195,old,14d99d4393354ac4a73d5be320d1a465,30104,30282,True,\n,False,༡
P000195,old,a745734391cb440da1438b4d73da1d18,31107,31667,True,\n,False,༤
P000195,old,58e6d84ff6cd4636a2accd07128c7999,36752,36987,False,ཟ,False,༥
P000195,old,302c80f6acc949029810a6aedf2dfffb,39373,39733,True,\n,False,༧
P000195,old,9af483aa8aa64f9bb6557b108174ad8b,40797,40969,True,\n,False,༨
P000195,old,c1b23930417348e086c5eb9ebd565207,41581,41767,True,\n,False,༡
P000195,old,d6d0e1257a504039b08e4dbaea013be4,42267,42451,False,ག,False,]
P000195,old,09a833cc464a42c8a84c498a2327f45a,42453,42545,False,བ,True,།
P000195,old,e3dae03333f0436fb0d233784f7bf813,43398,43869,False,བ,False,]
P000195,old,df1a0bba15114eb8a5035aba188a3459,45177,45352,False,ག,False,]
P000195,old,1fa9ae20016b4509b1a6e8bbb8dd9e91,46157,46345,False,ད,False,]
P000195,old,9936d72e8d6048fc894d08b8ab19c07c,47022,47201,False,ཅ,False,]
P000195,old,2e6129664d1c4858b2aaa23b4da37a76,47648,48008,False,ཅ,False,]
P000195,old,b2a2e08bf05e42e3807671db655d66c3,48918,49273,False,ད,False,]
P000195,old,ad6043a10e0d463d9e9edf90e9f0f272,50544,50721,False,ཅ,False,]
P000195,old,e643e8a5fbcb4ab893d70d0bbd5875be,51292,51656,False,ག,False,[
P000195,old,ca8ceba0fbe94132bdeed48504bb2e9f,51658,51660,False,༣,True,\n
P000195,old,d33e3afbb5954e49802d9fb4f2066b61,52624,52817,False,ྱ,True,\n
P000195,old,20dbccce5d9f4d91821a63499cbdef7d,53334,53527,False,ལ,True,\n
P000195,old,d27d180f3e46463291cfaafea2955448,54013,54190,False,ད,True,\n
P000195,old,c83f32a479444bdfbf8ef311b98bbbdb,54591,54765,False,ཇ,True,\n
P000195,old,c6fbc83299514910ba92b9aacfc6ef3b,55228,55412,False,ྱ,True,\n
P000195,old,b0b613d99e0545e19af3ba7f3d3531e7,56712,57066,False,ང,True,\n
P000195,old,e9f7589224764f42b154a27394be040b,58530,58714,False,ི,True,\n
P000195,old,d3895262193d4c59aa31598dca53ef64,59186,59368,False,ང,True,\n
P000195,old,38443d6136734ce1b8d7172569793332,60057,60237,False,ོ,True,\n
P000195,old,ba2f127149a140f5815e0c759a7d5826,61082,61253,False,ང,False,༦
P000195,old,6f39e93a4386400f995d615eb173dffd,61255,61256,True,\n,False,ཞ
P000195,old,ca88cbd4a9c94cfdaf778a10c0e2c393,61985,62171,False,ང,False,ཞ
P000195,old,41ed32c695d7487e9d5f462b5771868d,62729,62872,False,ུ,False,ཞ
P000195,old,05617d2808de4ac083a4fa1092d34065,63245,63346,True,་,False,ཅ
P000195,old,c10841341c194824aef349b0fe7dbac6,63901,64071,False,ུ,False,ཅ
P000195,old,4de5e41967334d828c26f673029f1e7f,64690,64867,False,ི,False,ཅ
P000195,old,c4bf6ef8a2744a92bba1c54d4113ae87,65047,65225,False,ུ,False,ཞ
P000195,old,fb4fa4fbba9e47f4afeb023ab1277672,65710,65898,True,་,False,ཞ
P000195,old,a83d46423dc24fad9528878de409d1f4,67577,68322,False,ཉ,False,ེ
P000195,old,fd0e1af4237c4536899bf19bbcf31475,70024,70710,False,ས,False,ེ
P000195,old,788c1ed7505348aa9403e84c886642ed,73266,73717,False,ས,False,ེ
P000195,old,92764f3c8c8c4b0bba0190a367ac66a6,74043,74128,False,ལ,False,༥
P000195,old,8dba4f01b6a84548b7bf1405e3807d7f,74130,74133,True,\n,False,ས
P000195,old,789b9cb55b234e8eaa5fecfadde37a26,74414,74556,False,ན,False,ས
P000195,old,a05030a6a99a4f05bd8afc3d342400ec,75609,75880,True,་,False,ས
P000195,old,e5ba3e8052db4cc4b3eb4da84b717aab,76078,76176,False,ཅ,False,ས
P000195,old,f43331f395e94a44a6ed0903f2cd92c6,76639,76817,False,ཆ,False,ས
P000195,old,f5288ad536e847acb17bd4dc095743b7,77460,77640,True,་,False,ས
P000195,old,4086dffbd0434d169602ea7cd3fc675d,78211,78584,True,་,False,ས
P000195,old,1d7f83f4f2b84f5a8ba595ed00dd298f,78899,79650,False,ག,False,ས
P000195,old,4aecf199a9b643f0843ef04c8d2ae5d6,80152,80548,True,་,False,ས
P000195,old,3729a18f93614a40a9ee23c28f6cf382,80841,81340,False,ད,False,ས
P000195,old,24a2cb73092a4c3aa01af103b85188af,82027,82216,True,་,False,ས
P000195,old,8ea2b1ea08d746e78d68d37fca7248a0,82703,83048,False,ེ,False,ས
P000195,old,6ff9028efc874aa18044800a35e877bd,84010,84183,False,ྟ,False,ས
P000195,old,a11e2893575c460ca73422a470b1a37b,84633,84829,False,ྟ,False,ས
P000195,old,1a5f94582c24474bbc0a847ff5b3b270,85655,86010,True,་,False,ས
P000195,old,939a363b8124433c91f6ac920064b7d9,86710,87081,False,ེ,False,ས
P000195,old,ecbd381c53284c2589f76270e7a1dcbc,87941,88486,False,ཆ,False,ས
P000195,old,091d6b4184a944a7a428aaa10552b6c4,89591,89777,False,ས,False,ས
P000195,old,f0fb3a5d486c4dc4bf2661eade571b06,91171,91534,False,བ,False,ས
P000195,old,200637eb77f3454786cf354791d2b02d,92602,92880,False,ད,False,ས
P000195,old,c9aba7eb1a9546c18d4fe5f0632a14c3,93529,93616,True,་,False,ས
P000195,old,cae2e5952ba540cab5d543aad8d63002,93618,93795,False,ར,False,ཞ
P000195,old,f1de82c609e9424dbf1a3bb953dc467a,93797,93798,False,ས,True,་
P000195,old,2a2947b98b914c2a8029e55d32a707b7,95770,95958,False,བ,True,་
P000195,old,e6a4b33611ad4cc198cf0b9070c72fa8,96617,96799,False,ག,True,་
P000195,old,d78e509e9fc24e81aba3e76756e4bedc,97439,97816,False,པ,True,་
P000195,old,ffa8249fcb9c4122ba3a16ac18f0d80a,98237,98593,False,ག,True,་
P000195,old,f7586563cd60461896e01e0e516136d0,99476,99655,False,ན,True,་
P000195,old,fd7c6bf8e4e84c63b7025399fbd7576d,100039,100133,False,བ,True,་
P000195,old,f1c04869e4e94f0c8e0106ee5d2d7994,100480,100569,False,ག,True,་
P000195,old,212ebd504b6f4cf4b6d0af0ed1105d8a,100838,101034,False,ག,True,་
P000195,old,42c90418080645fa82278216b8431d3f,101649,101827,False,འ,True,་
P000195,old,7f4637f0bede4616934162123dbec5ed,102515,102835,False,བ,True,་
P000195,old,393c5638443b4b23b212fa7aedd86e45,102837,102838,False,ི,False,ན
P000195,old,ad18ec90da35497086dad9c4150e0380,102840,102887,False,པ,False,ས
P000195,old,56c72d8af5d74e4cafd5efae27cbe4f7,103074,103424,False,མ,False,ས
P000195,old,a669194e3ac44ed591de7a3525423d1a,103653,103846,False,ང,False,ས
P000195,old,3fc287708f73473abf53f824d5f0a45f,104037,104201,False,ེ,True,་
P000195,old,630d4d2a1f1f452a8b529d54ea82b2b1,104364,104858,True,།,False,ས
P000195,old,6d928d1e5b784ab18f9cf71a77cf3d1c,105980,106159,True,་,False,ས
P000195,old,1476fc9f33a84a5180173d4b1009e792,106680,106776,False,ད,False,ས
P000195,old,05db9ed17e444499a5972d15e415fc77,107135,107237,False,ེ,False,ར
P000195,old,6c3f032bee074f9dada2fba4758fe9dd,107239,107426,False,ེ,False,ས
P000195,old,dae1887084654be3ae17aa9390a1fe78,107428,107430,False,ག,False,ུ
P000195,old,0061ed09249645a6a81a250d5fe65255,108094,108289,False,ི,False,ུ
P000195,old,a15f62f6293c46bc9d7acc2836f25eeb,108930,109020,True,་,False,ུ
P000195,old,44e2ad2162494f82b36ac6f4e7438663,109297,109778,False,ས,False,ུ
P000195,old,0fda9c6d1722452e8d823111318bac3e,110790,110975,False,མ,False,ུ
P000195,old,07d91dd588e742aaaa473b8883f67f58,112123,112448,False,ི,False,ུ
P000195,old,e10cd4d78c5c4c90abd430c5970b2189,112825,113002,False,ག,False,ས
P000195,old,68c85f2a567544ddb1f03b88b6b7deee,113514,113696,False,ག,False,ང
P000195,old,18fd62f971de40aba7611463f5076d41,114385,114744,False,ྱ,False,ང
P000195,old,e616d177ab204b2dbdbaf044cf3c8914,115265,115620,False,ལ,False,ང
P000195,old,6d21bc919aec4c88a60fcb60930b54bc,116096,116468,False,ོ,False,ང
P000195,old,536748c01c544e078bbcaaf6d7605258,116979,117352,False,ི,False,ང
P000195,old,22b28a273dc4467e8ac83d22ce72ea92,118126,118257,False,ེ,False,ང
P000195,old,e1e8abbd698b465a87e8cc13c128a609,118810,118993,False,ེ,False,ང
P000195,old,96753f5f13064e4196a596756e79e1dd,119386,119575,False,ཚ,False,ུ
P000195,old,4639028da6aa43c1abc39a19265161c9,120627,120819,False,ོ,False,ས
P000195,old,0e6f0787a0824f769c57cb0d342cea3f,121401,121587,False,ྡ,False,ས
P000195,old,ca1cf06744e145ef90fd7d258086db73,122286,122464,False,འ,False,ས
P000195,old,0e5352120fb042cd8e3aa3a33956bce4,122995,123186,False,མ,False,ས
P000195,old,c3910b79b18e46d3bf18d6818568c023,123839,124022,False,མ,False,ས
P000195,old,702e55b9d8c14376b775bf8921fcbc93,124915,125292,False,ས,False,ས
P000195,old,b24d1d51a48d42d5a442a7560dbf304f,126116,126208,False,བ,False,ས
P000195,old,8d8d7282939943e68c41f91d2e574da2,126437,126535,True,་,False,ས
P000195,old,c42d1f3ab72e4df1ad60e66510dfd661,126774,127140,True,་,False,ས
P000195,old,5bccc73e03e44252b864e110a67a0684,127705,127887,False,ེ,False,ས
P000195,old,0fdc73518bd14c0c8894516eb11142a0,128387,128573,False,མ,False,ག
P000195,old,b8cb79c7efa3422ab07bb71a8a3fc750,128575,128578,False,ུ,True,་
P000195,old,671048322fba42a4a5eef9bec3fede03,129050,129230,False,ས,False,ད
P000195,old,7bb5a3f607504bc885c7505a5f7e41df,129232,129413,False,པ,False,ཙ
P000195,old,271a68cee50542b1bd47ff44ad26fab6,133231,133416,False,ར,True,་
P000195,old,213094cd5d4941f08385228aeb1eb3e0,134117,134485,False,ས,True,་
P000195,old,aa3dff6fe3604b9dbafd7efc2b5e309f,135220,135419,False,ས,True,་
P000195,old,a067684362f9419aab1e7d2431642b66,135933,136116,False,ས,False,ུ
P000195,old,ac4a8eebc2bc4a299f349c6cfba3832b,136118,136120,False,ས,False,ཏ
P000195,old,254f1dd008014c5abbb16dd2a73a7299,136618,136802,False,ཡ,False,ཏ
P000195,old,f150f786c2fa4f4aa13d434e7fb9e511,137373,137747,False,ས,False,ང
P000195,old,a88b4aa93e934725b4292736875f3c53,137749,137751,True,་,False,ེ
P000195,old,8ef88e44d8554fafb0d209173e9c1b88,138670,139371,False,པ,False,ེ
P000195,old,5e024b4b2acd41fdae5afb60ae9c3f1e,140699,140877,False,ད,False,ེ
P000195,old,446e288a02c642efacacb45ffcf891fb,141343,141536,False,པ,False,ཏ
P000195,old,dd828acce8984d739e92604890625ad8,142821,143013,False,པ,True,།
P000195,old,c3b764585efc47cc9d514d09d9fc2f3d,143930,144490,False,ུ,True,།
P000195,old,5ea0fe6aa0074a0aae03a3d76829eee7,145059,145585,False,ེ,True,།
P000195,old,4700ce6f97f945cab23d6eccd74e050b,146291,146457,False,ི,True,་
P000195,old,3551fb26065b48eebff5cd46eff20d52,146459,146461,False,ེ,True, 
P000195,old,11f99c5ee83447fdb034ae48347b5c50,146862,147227,False,བ,True, 
P000195,old,f2428136047f4c35b37aecb7cb3d826b,148468,148844,False,ཡ,True, 
P000195,old,f5267b2129854fecb214619d851bcc5a,149412,149792,False,འ,True, 
P000195,old,79117d3da09c4b78bf8b7defb3087baa,151193,151370,False,མ,True, 
P000195,old,e64e36f9d6084ebeb866a2b676efff6e,151785,151964,False,ི,True, 
P000195,old,106a3d4ceb404223a02f5e32c58bea29,152693,152867,False,ང,True, 
P000195,old,d509c2734f8e4965b068cac53f68d225,153836,154018,False,ྐ,True, 
P000195,old,f35006cf1da14b258c3320e114cc5ef3,154495,154680,False,ས,True, 
P000195,old,9935393ad55d47e5b46ce5b992ccf5d0,155662,155849,False,ེ,True, 
P000195,old,2a00de56936c48da966fed589fe9abe1,156266,156452,False,ད,True, 
P000195,old,2865b4b4d0924988a976e2673b324649,156929,157124,False,འ,False,ེ
P000195,old,172517a01f044398872979bbfd2c9204,157126,157127,True, ,False,ས
P000195,old,625070981f914b729e7837cef5e5d620,157904,158094,False,ྲ,False,ར
P000195,old,86f6f078ebba4f13b2cd3502de3842d1,158437,158630,False,ུ,False,ར
P000195,old,8eb2b208a32049f9bb9e100af44c8351,159083,159460,True,་,False,ཡ
P000195,old,5fc7c61b1db442578efae5c8afcc3691,160130,160317,False,ོ,True, 
P000195,old,69a2a93605ee44b6b871e7031617be4b,160819,160995,False,བ,False,ེ
P000195,old,b51b74b074844880b147c7d4bfba0816,161535,161732,False,མ,False,ང
P000195,old,55c8b733db7a488e913ea63d0f4ce5ef,162274,162458,False,ྱ,False,ྒ
P000195,old,01b5964c27144e5f9856d7da620ab52d,163439,163577,False,ན,False,ོ
P000195,old,b9b505e70b71473ca80d9e902f52fe35,164977,165485,False,བ,False,ད
P000195,old,b40552d7d1984ca7b4bd173a57c352b0,166168,166534,False,ེ,False,ཛ
P000195,old,52dd43a88b4a452089a70600b09db7f7,167402,167600,True,་,False,ེ
P000195,old,2447b18366cb4e7d91cae83cc4d1b3eb,168054,168237,False,ག,False,ྱ
P000195,old,447a483a7644481f9a48f2acd282d146,168681,169039,False,ར,True,།
P000195,old,c59b5885bb9e4463a92b5d7b866cb75a,169041,169043,False,མ,True,་
P000195,old,09a637b37b0447ee99c04ae128705910,169728,170101,False,བ,True,་
P000195,old,fe63c2fb2b8e48b0a852a8a6a99ff976,170887,171262,False,ུ,False,ེ
P000195,old,26d8bd2f433c42eaa5b99a665de53865,172689,172868,False,བ,True,་
P000195,old,d25f2a656f3c4ae2bca711ace1b2f199,175906,176087,False,བ,True,་
P000195,old,7b22c5fcb3274909afdc7a30f40bcffe,176613,176801,False,ང,False,ྣ
P000195,old,07b1ee1201204762a0b214ff898ce1e0,176803,176847,False,ས,False,ང
P000195,old,c00abd2fe1d34796b5b76d56959fd888,177473,177607,False,ཅ,False,ེ
P000195,old,c2bc50d02fe34438905857d2d509ac49,177848,178030,False,ལ,False,ས
P000195,old,f1979dcac7e647019c172c0f1eb5ea67,179453,179629,False,ན,True,།
P000195,old,fe1034649d494b47a9f838b2d4707cf9,179631,179634,False,བ,True,་
P000195,old,0baa260fbaad4edfa35670c647308757,180101,180268,False,ག,True,་
P000195,old,7a5f449ebd0f46ea8cebc54ba1ddd845,180270,180456,False,ད,False,ལ
P000195,old,38e00cef85a84e68a6d845b15d8a14a5,181478,181839,False,འ,True,་
P000195,old,c5b9930e44a74ded89f7df78f5c7f87a,182791,183156,False,ྱ,False,ས
P000195,old,b336f7db69d94e488b3b6935c6e96c3a,183158,183160,False,ྱ,True,་
P000195,old,020ed51726934aa298cf02b87612b1dd,183680,183865,False,ལ,True,་
P000195,old,2a36fb2996a240f2b466ac07d7910664,184225,184405,False,ས,False,མ
P000195,old,169a603276b34ca18a62dd667fff0cdb,184795,184880,False,ས,False,ྟ
P000195,old,3ef685e8846c4e8eafd6fa8e130a9326,185152,185257,False,ན,False,ས
P000195,old,f77c1e2cb6a24171a24ceb6a18a58aae,185557,185932,True,་,False,ང
P000195,old,ecc6803891c144e19b6a4793621c14e6,185934,185936,False,ག,False,འ
P000195,old,68d5937ab6a749f58dbb6c789d3f034e,187037,187220,True,་,False,ི
P000195,old,51b2344494744565b414f169bebfedd5,187813,188197,False,ད,False,ད
P000195,old,3eaacb7cb5da4f3dbc67cf098136243b,189105,189459,False,ན,False,ོ
P000195,old,ce12a37fa74049cba58cdf4538b1a0e7,190258,190449,True,་,False,ན
P000195,old,b65e4f4bb8ab4078a72e065cf26b9c82,191841,191937,False,ང,True,་
P000195,old,4c0529101de5464ca65715a78df12c03,192346,192448,False,ུ,True,་
P000195,old,b91f0c536d234fdd8a33afe92346e235,192807,193160,False,ན,True,་
P000195,old,7cfec0b726b44bfd830ec66954ad5a00,193513,194075,False,ཆ,False,ན
P000195,old,f291f0ecd45348619685b980deaa74c0,195719,196068,False,བ,False,ུ
P000195,old,047194d1c33645ae93969299667786b5,196070,196073,False,ཆ,True,་
P000195,old,d579efb7a6324808ba4b526337f59d56,197064,197606,False,ང,True,་
P000195,old,5d9d7a4f959e47e5adc827c388c6fc2d,197608,197611,False,ི,False,ོ
P000195,old,d2ff3c0cd4fd4e8da6a7bdc15f6a2dc1,198754,198944,False,ོ,False,ཆ
P000195,old,085e4067452940c58939a1fa26bb7c05,199476,199846,False,ེ,True,་
P000195,old,efd47939ba5241bebeb6d12f77225c45,200326,200702,False,ང,True,་
P000195,old,fa6da37fa25e4536b263ec3608f9b742,202319,202883,False,མ,False,ག
P000195,old,4e66260eb7b84f098ee0ba5050170f83,203529,203617,False,ེ,True,་
P000195,old,a31e9ed93fad470db32ddec5417cd2c1,203861,203945,False,ྱ,True,་
P000195,old,9ab3351fda444c18bac78946c45811f2,204341,204536,False,ན,False,མ
P000195,old,a0c1c4ce271c46cbb451a3ff61f6423f,205033,205223,False,ྐ,True,་
P000195,old,0c34d883485a449a822f8eb5460286b2,205225,205227,False,ེ,False,ས
P000195,old,9eaf2f9be6874141b1459e1dbd1fb4cf,205735,205918,True,་,False,ག
P000195,old,37448b90e0e144078216abc18ab3371a,206310,206493,True,་,False,ི
P000195,old,96ef9a28861a4a12b30f02496a520cfd,206901,207087,False,ཅ,False,ེ
P000195,old,77e3f461a685453eabba1315f353a6f5,207089,207091,False,ན,True,་
P000195,old,16b0339e5e8c4407af8420683552e41d,207610,207789,False,ས,False,ས
P000195,old,21fffc7351ce40c28cdb19b1cea3bc47,209140,209321,False,ུ,True,་
P000195,old,d575ac7b3c2b4817a923b50338506b02,211049,211220,True,་,False,ས
P000195,old,1f2a1144458f40f5b33d9f192345ba0f,211222,211224,False,ཅ,True,་
P000195,old,b0fc2b24da954f60a39070c82bd56e7a,211585,211778,False,ར,False,ད
P000195,old,795149b8c3a341519f9ac83fccbaec80,212244,212443,False,ན,True,་
P000195,old,ac48c38f803b48ada12a6b3e6db021f2,213008,213195,True,་,False,ོ
P000195,old,c71756bcc62e418097e9ac6132712f0b,213916,214110,False,ྣ,False,ས
P000195,old,68504f7a02ba47aa879c9977f7caf67b,214609,214795,False,བ,False,མ
P000195,old,16842393e48d49f2ba08cc061a2b9a56,215371,215560,True,་,False,ས
P000195,old,1a05f349a4564ba7b32a978f3a6409b3,215562,215565,False,པ,True,་
P000195,old,67048efed4c246e487abbe85db516f5f,216002,216386,False,ན,False,ས
P000195,old,dab1b323a2d24d35aa5af436d76acf0f,217424,217617,False,ག,False,ས
P000195,old,55a0045c10a64ea7976ad9bc3c2a6342,217619,217621,False,ུ,True,་
P000195,old,11656cd0dd154ea6bd61ae6a67dd85b4,218124,218500,True,་,False,ེ
P000195,old,760a2ba8638c437e8f050bbcc127d92c,219791,220143,False,ས,True,་
P000195,old,358201b0b3dc4604be999898a8c19274,220876,221057,False,ཛ,False,པ
P000195,old,48bb275db8f74d40a47f16a5a14ca639,221683,221873,False,ད,False,ེ
P000195,old,b5f7c6ce16e14e728098c917826437b8,222383,222571,False,ི,False,འ
P000195,old,2d0fc4e8c2d342f984ee65d1e241286a,222991,223342,False,ྱ,False,ི
P000195,old,c4b14f4eef644ab0aa560239907a2749,223344,223348,True,་,False,ཞ
P000195,old,e83cbd27da084bc4af8b8af0a47a0620,224071,224447,False,ང,True,་
P000195,old,f648ef1259414d1a9de2aa21bc186453,225185,225365,False,ྱ,False,བ
P000195,old,b4131ae60ff6402589571cfd1cb2e9e7,225367,225370,False,ས,False,ས
P000195,old,b3fb069c983e4fb8aa711b99ae28a557,226760,227441,False,ས,True,་
P000195,old,3765a021256c497fb023254440b60765,228109,228226,True,་,False,ོ
P000195,old,7c712fda04594fd09e34e988f9736c05,228286,228427,False,ལ,False,ན
P000195,old,1801a0aa0333411fab2c997af63990f6,230793,230882,False,ག,False,ཛ
P000195,old,dc68b76ea44142f1ba36216fd7cfdc11,231456,231545,False,ཆ,False,ར
P000199,old,0df88cd1e287418f8f5338cf7cad38f4,132798,132961,True,\n,False,༡
P000199,old,00552b1e7c03470c8c1946c82ee207d9,133718,133885,True,\n,False,༡
P000199,old,7df3ca8c489d47b9920f105d69f9694a,134493,134648,True,\n,False,༡
P000199,old,bea15d65348747708ee0a2dd0f889515,136082,136159,True,\n,False,༡
P000199,old,860b6ffac1874402bbdaa4a1a64f15e9,136642,136792,True,\n,False,༡
P000199,old,a74af8e729124255ab0d618985534a5e,138904,139064,True,\n,False,༡
P000199,old,ed410fd29554475c965c594f91a9f170,140854,140929,True,\n,False,༡
P000199,old,8fd612c8843641db9dbf90630627dccd,141176,141351,True,\n,False,༡
P000199,old,6dc820afb21e44e080aa02b5a4119813,142273,142346,True,་,False,ང
P000199,old,6a381a4968cd44aa95463a316f18815a,143015,143085,False,ཚ,False,ལ
P000199,old,daf307b1c3f049c48c4960879b3b5a26,143347,143416,False,ྒ,False,ད
P000199,old,fde54ba6eb9944a38f257e93f3a48453,143624,143695,False,ལ,True, 
P000199,old,b465c80eaaf948ca8f23b0fb01e11f2e,144036,144108,False,ར,True,་
P000199,old,67c72da0e39e4314956cec197c5891d8,144307,144383,False,ན,False,ྲ
P000199,old,d44c6a36ed1b43de8995d7267a549476,145294,145375,False,ར,True,་
P000199,old,253e8c1a25e14c409d4ac3d97f74acbb,145812,145892,False,ང,True,་
P000199,old,59ef2dbeef3c4ed2b883ed5b21856608,146295,146442,False,ན,True,་
P000199,old,a824d2cd18f749edaf47264670d294b0,147321,147402,False,མ,False,ན
P000199,old,fe5a448fea9b48ff8a03aa71830cf2ba,147680,147756,False,ཀ,True,་
P000199,old,fb603a8531f148d1b259f83c1659223a,147990,148150,False,ྱ,True,་
P000199,old,b0f720293a474ab2a74ef6f959375bcf,148421,148565,False,༼,False,ས
P000199,old,8cdeb4026c33408586d8df5890623ff8,148859,149006,False,ད,True,་
P000199,old,49349a4c36ce4d19b93ca0d3fdd3f7a7,149343,149520,False,པ,True,་
P000199,old,d0c52fd55d234c2d8f378c3f469d9715,151277,151422,False,ཀ,False,ཕ
P000199,old,8a3af5962f8f403bb198e1c0e4aa3a70,151909,152062,False,ར,False,ད
P000199,old,4d26b469bc7c4ab1ad0effda2d098832,152724,152870,False,ེ,True,་
P000199,old,2fcc6e35bdb5439390a4ae7b13ee86f1,153668,153839,True, ,False,ད
P000199,old,6ed558616a6d4c4486e7af45d740f5d3,155022,155175,False,ན,True,་
P000199,old,7027bbbf13264fa4aa1dcad3e18d70fb,155819,155963,False,ཕ,True,་
P000199,old,b3c16ca6b1d242ee87c6708ab659263f,156453,156643,False,ང,False,འ
P000199,old,b55c6f926f7548edafcfa12db3dc5526,157133,157290,False,ི,False,ག
P000199,old,2f94830f2e51470482d184f52492717c,157514,157679,False,པ,False,ོ
P000199,old,75fcb679157a47cdbafcce1ac7a24fe9,158681,158840,False,ས,True,་
P000199,old,68b3ece790fc48e1a186c52e34ab8bb1,159603,159783,False,བ,False,ུ
P000199,old,4ae9c9ebfde845a9be14ed2cbf537bda,160519,160672,True,་,False,འ
P000199,old,a509ac8de4da46a4944cffc49e375a44,161348,161466,False,ན,False,འ
P000199,old,417fcec9b26e4cbbb6afb398b9bc79c0,164368,164445,False,བ,False,ེ
P000199,old,68b2ceb5fc5d42608348d081cebd4dbf,166387,166546,True,་,False,མ
P000199,old,fc65a34aef4541a79027b66439cf1f4b,167202,167357,False,ཤ,False,ོ
P000199,old,03d7cf99ace94fa6aa27bc9964a5b503,170607,170756,False,ི,False,ེ
P000199,old,099d967187284feeb58c3e7b09d17e8a,174839,175131,True,་,False,ི
P000199,old,f1d029b94a6044e79e07dafb95173254,175702,175990,False,ས,False,ྒ
P000199,old,065fbf6c27e8413283676df057900f3d,177344,177476,False,ས,True,་
P000199,old,d8995ca088414f4293a5fc0955b12bed,181735,181785,False,ྦ,False,མ
P000199,old,d2fdf6fcbe1148c0a875d3c73f092638,326187,326402,True,་,False,ལ
P000199,old,206e13ed4306416a820a380b2d0d52be,327604,327804,False,ག,False,ང
P000199,old,b2da682feeaf4616801fb2ade90b9e8a,328859,329053,True,་,False,ྟ
P000199,old,af36b54d33014b75927d70143074816a,331248,331348,False,ན,True,་
P000199,old,b989ed5e30374934bb84b4828497b148,332150,332353,False,ག,True,་
P000199,old,12235202fd204182bf590d029d333326,337133,337339,True,་,False,བ
P000199,old,5d33474540644835b5150220d5791d49,338107,338313,False,ལ,False,ེ
P000199,old,9590ff065c18486c91161537a895a135,340040,340245,False,ས,False,ཐ
P000199,old,422640a708794c188e179bdd311f2303,345333,345530,True, ,False,ི
P000199,old,efb71caeafcc4550b88d31a6ec358e03,346793,346941,False,ེ,True,་
P000199,old,b880133f55974b4d9b48c25666594e39,347754,347905,False,ལ,True,་
P000199,old,03370883f2b6407eb5311e0636395e37,350645,350841,False,ུ,True,་
P000199,old,cf74fcfa670c47c89bd96352374bdfb1,351849,352060,False,འ,True,་
P000199,old,515b435e7fbc4cda8808acbb1180431d,354683,354887,False,ས,False,ས
P000199,old,4ac2e040333741a393db8d041a1391d7,356669,356819,False,ང,True,་
P000199,old,698ff8c29e504c03bcd839341c7ad88a,397683,397836,False,ེ,False,ད
P000199,old,95837b3aca824af1b63ff910c3fe32c6,398528,398682,True,།,False,ར
P000199,old,1b685fda2c4c485f936ff8609995a0ed,403344,403504,False,ས,False,བ
P000199,old,0307c4522c034851b9ee483f9841294f,405781,405926,False,ན,True,་
P000199,old,441ace7896344ca991854fb1c319cde1,406455,406613,True,་,False,ཀ
P000199,old,777b2d6f9e3f487b8557c2bc0358506b,417406,417548,False,འ,False,ན
P000199,old,49b19faa01914aad9ccd99896b5ab9ff,421211,421357,False,ྟ,True,་
P000199,old,c130e48db6924c71ba6068a4c2603e3a,438444,438520,False,ི,False,འ
P000199,old,3de1c4c3b5904f56bea1e9d7fc17e3d0,438830,438913,False,ཚ,False,ད
P000199,old,da28b7a38adb4338b407783d122d84f8,439974,440127,False,ེ,False,ཅ
P000199,old,c662f321af9d454cbf348e74fde6bfa1,442703,442858,False,ཚ,True,་
P000199,old,81cb57aed3524951b5ad8cf28a87431c,454569,454713,False,ཆ,True,་
P000199,old,9bde62f8daac42cd8181ac564c1fd31e,457036,457180,False,ོ,False,ཡ
P000199,old,cc0bfd45626b4a9eada945446f476679,461464,461688,True,་,False,ེ
P000199,old,f066c19a82684a7cae8c32e3019c3339,463500,463571,True,་,False,ན
P000199,old,a2da09972ee847f6b4ba380de9f2a20a,480303,480451,False,ུ,True,་
P000199,old,5f09a185d01e4d5f92301107177069d3,515554,515700,False,ང,False,ཆ
P000199,old,90fa793f755244fbba01c6581d76c078,516512,516663,True,་,False,༢
P000199,old,5daeea448e984eb09babff1fe16b7bb0,517594,517745,False,པ,True, 
P000199,old,5b9f9297c929435e93b9ffb54bae8f0b,520681,520828,False,འ,False,ྱ
P000199,old,78d59b111a0f4cafa62b7dd2a3f42011,524623,524770,False,ལ,True,་
P000199,old,2c5c71e8cc764a10905f6e229013d283,525819,525976,True,་,False,ཤ
P000199,old,65121b550b604027ab6de1c113ed117c,528592,528728,False,ད,True,་
P000199,old,cedf00b2a57043afa7ff79275489b3d3,529314,529453,False,ག,True,་
P000199,old,15801d4a0907483eb41b980250139a32,531672,531810,False,མ,True,་
P000199,old,a86e92a6dcd646349489316bafd7fbac,532397,532585,False,ང,False,པ
P000199,old,6d9e64feb49748a6b29ce0a6ba7bf77a,536805,536921,False,ས,True,་
P000199,old,bc10526483d24c99a75626708665dc55,537659,537797,False,ས,False,ཀ
P000199,old,2da6f035a6fc4e6faeda0c69de7dd653,541642,541785,False,ི,True,་
P000199,old,6df70b700ee7469ba881d3d4ae7291f4,542135,542281,False,མ,False,ི
P000199,old,8614e5fe0dc74c02adb26237cf16d97c,542924,543029,False,འ,False,ཞ
P000199,old,5ac7896a35064f2ba5be9af8d9da3f5e,545294,545362,False,བ,False,ཡ
P000199,old,1ac5965817134ce3999801b5a9631ef3,545827,545903,False,ས,True,་
P000199,old,daeef8121fb745e7a962b23bfaae43a8,546613,546691,False,ག,False,ྱ
P000199,old,e28998acd62f49ebb361ace2ea2368f0,548155,548307,False,འ,True, 
P000199,old,0e11bd5a48de4db78760ce7c4154bdf4,549609,549694,False,ུ,True,་
P000199,old,e5b1cb7aac694ebab65569f5b40c2336,549947,550165,False,ལ,False,ི
P000199,old,1d54d862ddbf47cfa34791f83a184050,551135,551279,False,ྱ,False,ན
P000199,old,dc6d4897b11641a5bc4bdf372770a791,551886,552032,False,ྒ,True,་
P000199,old,9d6c49487fd7465e94c9d217af8f78cd,553374,553517,True,།,False,ྱ
P000199,old,8ee40acf4c1e40b0bcca278cdf844b0a,554009,554154,False,ཅ,False,ག
P000199,old,7cf8991dd7dc42d6bcdb0c07d16349ee,554944,555089,True,་,False,ཉ
P000199,old,dd52603a71b94b4493255925428b22ee,555449,555520,False,མ,False,ུ
P000199,old,57a92c9f312946beb929963906da525f,555774,555853,False,ན,False,ག
P000199,old,c2143272f2ac4235ad8837bb5669a603,556337,556425,False,ང,True,་
P000199,old,381013cfd9734b8fb8ebec119f8e5aeb,557254,557318,True,།,False,ུ
P000199,old,f04c4d9aae5a465d989ba0b1e533a1f3,558489,558634,False,ན,False,ྟ
P000199,old,f7d454f893bd49e894fa997a337e016f,559048,559206,True,་,False,ས
P000199,old,61fbd6ee9eea4bfbb967278ead25a11f,559741,559811,False,པ,True,་
P000199,old,482bdacd35d4423581419c4c9eebf045,573652,573726,False,ཡ,False,བ
P000199,old,adaa3277f5e648e99455187763f56445,574637,574788,False,འ,False,ཐ
P000199,old,6b4b2c3c0b864141bb42eb06f0f17a97,584405,584551,False,ས,False,ུ
P000199,old,ac8b96be946d4c229f6f90efa0980bd2,585551,585698,False,ར,False,ྲ
P000199,old,5405fe07f02c40b1975d4fb24407264c,591358,591502,False,ྱ,False,པ
P000199,old,46e418b0bb0e480fb1ca9b692c4c9509,592016,592158,False,༼,False,ཞ
P000199,old,28342ecda12248ccabb7a8a8eb40815f,594224,594295,False,ད,True,་
P000199,old,d633ba0650c740f7916dc70825bec764,594610,594683,False,ྟ,True,་
P000199,old,77f778500c664cb9892bdc5f2ee109c0,595368,595516,False,ས,False,ཏ
P000199,old,b30c8cc8848d4dcda8f92b3461c3af00,596414,596557,False,༽,False,པ
P000199,old,4fecfa21e74f49f8af95e23be8df2979,599135,599293,True,་,False,འ
P000199,old,a0f8dcfea348452aa2bd0a2a49b4c7c5,601554,601701,False,ོ,False,ད
P000199,old,796435a222c44be7ad7fee12439e09ac,602754,602914,False,བ,True,་
P000199,old,50e8b77f8d82426bb418b16d2bce5862,610395,610555,False,ད,False,ོ
P000199,old,1697c76f2fe9407bb6b530fba3ffc870,612299,612460,True, ,False,མ
P000199,old,8eb62c47c5c94c028047fe1cf026abf1,612915,613069,False,ས,False,ུ
P000199,old,a63820a976284b52856d8e0d431c418b,616195,616342,False,ོ,True,་
P000199,old,66d1642ee8ad49ec8e42819018e8036a,619888,620045,False,འ,True,་
P000199,old,41e534d735a94d1fb5864b37740ef2c3,621656,621726,False,པ,True,་
P000199,old,f8f12898f64f4ece82968a078c082c52,621916,621987,False,ོ,True,་
P000199,old,5655a193acc44799afd5b1af94b3c71c,622770,622912,True,་,False,ན
P000199,old,1fa519ed60534a4e8a3e66b760cb5164,623358,623433,False,ེ,True,་
P000199,old,6fde6e00d3d644edb459abd752fa3c0a,623698,623780,False,༤,False,ས
P000199,old,5dbeb7892cb343fa998d3756871c5524,624137,624215,True,་,False,ྲ
P000199,old,74a1534e146948beae2cc05e11a2cebd,624473,624551,False,ག,False,ག
P000199,old,e61917038f274ce4aa8d72bf8f3e1dbc,625353,625500,True,་,False,ཉ
P000199,old,a976a24e5dc3487bbb2ebed54e7d6140,626188,626264,False,ས,False,ཐ
P000199,old,7cd55d546a1e4e4888908047b875c134,626454,626528,False,ད,False,ཤ
P000199,old,7744d20125b640aa96b2a1897ea4e784,630353,630497,True,་,False,ས
P000199,old,2162a2c5f01a438fa11ba485188df64a,631011,631163,False,ོ,True,་
P000199,old,128ed549ac8f4c02802a5462aa10cdf8,645332,645430,False,འ,False,ི
P000199,old,a228e9e67b3f4d3384f272931990e3b0,646941,647152,True,་,False,བ
P000199,old,1ee6ed49dc8a44b78fef32ab1a905aaf,648008,648218,False,འ,True,་
P000199,old,5572c4b357b8441c9485aa100f0cb45c,651220,651422,True,་,False,ཕ
P000199,old,7ee7f19e942d457997a90379a33e68b3,652451,652668,False,མ,True,་
P000199,old,6d126955d3b24ab5964e7fb7c749490a,653271,653467,False,ྡ,False,ྨ
P000199,old,7bcf5a3d7f274d98a40c0cc5e866b43c,656696,656795,False,བ,False,ི
P000199,old,bd2ead5751f24d4db7f1ddc459a88ac8,657385,657493,True,་,False,འ
P000199,old,e5d0e636319641f587d6f0aec92959d9,658021,658124,False,ག,False,༼
P000199,old,05cf63902c024ade8e451e472c974396,659038,659242,True,་,False,ེ
P000199,old,51583fa82c834ff6a57dc221c247ee77,659939,660079,False,ན,False,མ
P000199,old,05548b0290bb4795ac1b77fb0bf9b7ae,660590,660733,True,་,False,ི
P000199,old,9164713ac36e475fb9e34b89f73410a5,662114,662280,True,་,False,ཐ
P000199,old,c831e4ca93454af28617314dfa77282f,662875,663023,True,་,False,ན
P000199,old,625001888e0645e38e69c71c72adfbd8,663810,663963,False,ལ,False,མ
P000199,old,60a4ac17d22e411d8f7c40e3f6b1338c,665372,665524,False,ཐ,True,་
P000199,old,fee6a0c95e794436967a1e4a4014bc68,669257,669409,False,ི,False,མ
P000199,old,1f50079d650a4c9aa6e150d4bc76b530,672079,672229,False,ད,True,་
P000199,old,b18e56bf03aa4452a67099534ede0463,682601,682751,False,འ,False,ི
P000199,old,e8c32b9bce6f4c91b990dae8545684e7,684929,685086,False,ི,False,ེ
P000199,old,4cfe7109c7e344288c8d94dcd5a5e723,691323,691400,False,ས,True,་
P000199,old,b5b9bb5d72444ccdb8d217d0ef845e3e,691741,691811,False,ེ,False,ག
P000199,old,db7b2e7b3dc64e6484f62f66aa567bb2,692165,692313,True,་,False,ང
P000201,old,a5bcd5d551ca4408bfe909b5508e1d5c,339,2002,True,\n,False,ཾ
P000203,old,a41b9a32027b40b98a5f032b3338e2c6,169014,169130,True,\n,False,ས
P000203,old,3644a74526ef4063819d378f964b95c3,170240,170345,False,ས,True,།
P000203,old,ae66eb33c8984dc086c99a1cbb4c7a4a,171169,171538,False,བ,True,།
P000203,old,8160b9d02f6a41cfa19de9d175bf74d2,174208,174356,False,འ,True,།
P000203,old,03f50ba9e1fa4e41bab2fcd9cf345e98,175210,175362,False,ས,True,།
P000203,old,bc60003a99514d92b43fc84bc6304069,177850,177921,False,ག,True,།
P000207,old,5762492ac67b4c3187f430e317f9dc6a,70973,71244,False,ེ,True, 
P000207,old,678dd016134245ebbdcae4db94e361cf,80419,80534,True,\n,False,ེ
P000207,old,b44809687f954f439d2132cf40d5d74c,82085,82165,False,ར,True,།
P000207,old,91acced0552b42d6ba77022662d56430,84828,84915,False,མ,True,།
P000207,old,cd36e3132120484d8067dd7924bae3be,86005,86081,False,ཡ,True,།
P000207,old,bbda9b61adbc40eb88c0684a64d87705,87227,87311,False,ཆ,True,།
P000207,old,edfa2a2c8a714d7a8c4c1b1d475d0bc7,88341,88430,False,ག,True,།
P000207,old,d8087578509d44c1b6db704acc5c375f,90232,90322,False,ག,True,།
P000207,old,e85ac76019664ebdaa3cb04afa241463,91383,91458,False,ར,True,།
P000207,old,40f60b4460344b99bb7ab25740954a1c,92705,92820,False,ག,True,།
P000207,old,3af1a6dec74041168b8bd3f940316c27,93795,93888,False,མ,True,།
P000207,old,62c2e52b140547b6a48f5669b9a203e1,100807,100922,False,ཞ,True,།
P000207,old,1147dacd91d34650936d9d708f72dd12,106655,106725,False,ག,True,།
P000207,old,0a060895594a4ba4ad98f773b12352dd,112682,112759,False,ལ,True,།
P000207,old,7fb5905f138a49f6a5b24d3f58b51b7d,113466,113545,False,བ,True,།
P000207,old,7071dfb8a9ff4d28abacf0aadf6af6d8,114021,114167,False,ད,True,།
P000207,old,eb41fd31c1d04b62acc0f9362d8ca022,120805,120884,False,ག,True,།
P000207,old,447974fb43924b118288fcecb411e4f3,122335,122450,False,ཐ,True,།
P000207,old,67c24cacda384de98cbc380a3cbacc4e,123054,123165,False,ཆ,True,།
P000207,old,224a27ba95854d66bc3b506b73dc9281,123892,123970,False,ར,True,།
P000207,old,509f15a3fddb48ccae6a9272bbaf504b,124700,124811,False,ལ,True,།
P000207,old,b169dcebcfd24902ae391c42d74fdf2d,125570,125647,False,ལ,True,།
P000207,old,7123b9c8ccb04554a1d75d4a94d1af96,125939,126016,False,མ,True,།
P000207,old,6910537166e147148fc0f8fc68d0ca3c,126568,126645,False,ཁ,True,།
P000207,old,40dfa40e4b2046088a46121ff61abc7e,133820,133899,False,ཐ,True,།
P000207,old,d21ed9585cda41cf880c1ebfd4d35ef2,135741,135825,False,ང,True,།
P000207,old,0c2c8c715547411c8079855f9de28fc7,136307,136370,False,ད,True,།
P000207,old,9b47b6866b8c480cad037675dc3a8b59,142675,142793,False,ཟ,True,།
P000207,old,0b0a6f9e715e4b689979e657accada77,144384,144507,False,བ,True,།
P000207,old,af60d3ea4f3f47bfb6d3a50eab69ef19,145098,145162,False,ད,True,།
P000207,old,b40781a3844c4cb9aa0868b2446c72f8,147646,147754,False,ཡ,True,།
P000207,old,96ea6643fddd4009b15921447d2cf606,148701,148823,False,ག,True,།
P000207,old,218054a9773341ff8d87643f2522d049,149430,149512,False,ཕ,True,།
P000207,old,3f4043242c5c4b7b83259b4e5faa0fc4,151589,151752,False,ར,True,།
P000207,old,882a40bc72d3473eb1364dfb41bc60d0,154186,154383,False,ར,True,།
P000207,old,6a76e9af3e324ea6b961342796080003,155754,155835,False,མ,True,།
P000207,old,b923cefa4f1845a282a079dd37f5167f,156243,156363,False,ཡ,True,།
P000207,old,b1d3dc3cec9b47bbbe0023ec824320f4,156839,156917,False,ཆ,True,།
P000207,old,a2fb1f2c41a444d784e03ffa5976eeec,157639,157793,False,ཉ,True,།
P000207,old,fc12310b0bb34f50a7c092f297a38366,158423,158478,False,ད,True,།
P000207,old,33aca439b606400ea3eb92576eb5401e,159459,159618,False,ར,True,།
P000207,old,f84eaaa2c8c344da86098e853cb92526,161055,161257,False,ཐ,True,།
P000207,old,4c7e5a7224d5406a8bf4fce9b5f6d829,163566,163649,False,འ,True,།
P000207,old,8cf0f52bde864e38a29176f3f26a7675,164996,165154,False,ད,True,།
P000207,old,f2e3a82ddfc74939a0f3892bbde4b550,165598,165678,False,འ,True,།
P000207,old,0e86d361c60a42438d217c04c3cba1b5,167499,167570,False,ག,True,།
P000207,old,3477974d5a0e45b3ac7920258217f706,168847,169124,False,ས,True,།
P000207,old,0c0030b897244956b78cb8f46e1f45af,177502,177585,False,ད,True,།
P000207,old,e97f92396a7a43ada369eeae72599318,178325,178402,False,ཉ,True,།
P000207,old,276bed97dc5f42bf8d6056c25e4aa062,184278,184395,False,ང,True,།
P000207,old,28d0e8547f7f4ef296d0d0995fdf4906,185727,185884,False,ད,True,།
P000207,old,0445ce13c1294f92b55078f23410c995,187204,187363,False,འ,True,།
P000207,old,9947496664c0409bb55793ff9a8c346f,188636,188710,False,ཐ,True,།
P000207,old,58442fd7847a4beaa9888633654053b0,190454,190581,False,ཐ,True,།
P000207,old,0d790d52d2034501b2e5ecff5f5c5644,192093,192220,False,ར,True,།
P000207,old,d433d0a5e4f24adc81856418e73a06e4,193136,193249,False,ས,True,།
P000207,old,8b81a098cf2a4ad19cbcf02fe4f26929,194331,194452,False,ད,True,།
P000207,old,fc6a4b7c54fd4047b4c08eb6e874e231,197548,197793,False,བ,True,།
P000207,old,3f80d4404a4c40509b58256d33fee19a,199905,199987,False,འ,True,།
P000207,old,69c0a79bf90748409b7f78155e646893,200654,200773,False,ས,True,།
P000207,old,2ae0694c507c4ca989621950c713a619,202591,202681,False,ས,True,།
P000207,old,ccb5a38b8db24375be1c9cdace5cc048,204400,204597,False,ད,True,།
P000207,old,6b600a082a964bb08f7413f0797a0b3a,206628,206931,False,ཡ,True,།
P000207,old,ac20fe127a67421ca8c496ca6db2f477,209353,209433,False,བ,True,།
P000207,old,4211b6a0aa414f72be5665c6dcb99b2d,213193,213262,False,ཁ,True,།
P000207,old,7687be478ea2456f9939e7884bc0d9cf,214117,214348,False,ར,True,།
P000207,old,c1aa357ccc894bee84c7acb8aead4829,215855,216042,False,ས,True,།
P000207,old,debb6e00179f4e6a951a07a8c9692926,221462,221625,False,ཐ,True,།
P000207,old,bf760df8d1cc4bec837f89231ff9f8a6,225299,225531,False,ད,True,།
P000207,old,1be10019cc1e41399b5a51c0015a240d,234834,235028,False,ཡ,True,།
P000207,old,a9f4930393544124866a19558a0c61f4,241646,241728,False,བ,True,།
P000207,old,0d1816e27b0848b9a019b944cfb3b926,242307,242427,False,བ,True,།
P000207,old,b13ba5e7bd48434eb88c01a4c170ee13,244383,244491,False,ཀ,True,།
P000207,old,89a495c1661947bbae2b5acfdc5b8581,247117,247233,False,ས,True,།
P000207,old,4ec89758fab9403384b6d3020726993f,248084,248166,False,ར,True,།
P000207,old,2e71c0fde93143f7ae710ac093d14811,249322,249394,False,ས,True,།
P000207,old,e36c26e958054c62bdcee2857210233f,249891,250119,False,ས,True,།
P000207,old,7e6f92200c894b96b9aa94d56efa5351,255553,255765,False,བ,True,།
P000207,old,2971aa27cec64f38bbfa6029ce7ca50a,256798,256872,False,ཐ,True,།
P000207,old,994ef843f2b7462cb7c63d0e692c5a48,257834,257950,False,ཨ,True,།
P000207,old,b4a0404e27e34db9b81fefa0a3d2e6b4,267411,267525,False,ཉ,True,།
P000207,old,38e6342cc166454fb2085857a0fe9c57,267905,267982,False,ལ,True,།
P000207,old,9ef0a46b201d4bfe86abfe62fc81f1fd,272752,272811,False,ས,True,།
P000207,old,54c7b6d60e5c45d0aa4ba1ca2e7f06c8,274018,274130,False,འ,True,།
P000207,old,7538faa08c144ed6893e69a1df64dfa6,275037,275223,False,ང,True,།
P000207,old,8cbc24a9072049bf89901813d2c0e2bf,276181,276344,False,ར,True,།
P000207,old,607d5e57951b46d187e11973dc1fa937,277340,277413,False,ད,True,།
P000207,old,ffb27ea7460c4b28bae9610a7ee8b580,277823,277905,False,ས,True,།
P000213,old,e5a479dd0bd0461b975a605f22e8a101,151721,151902,True,\n,False,ད
P000215,old,e3503e299717492d8d1074a35b7c169a,23801,23949,False,ྱ,False,ག
P000215,old,9804d8b83f70401193f1db81d0a9facd,26833,26981,False,པ,False,མ
P000215,old,4686162d4d25421e8763006b655760e8,29712,29864,False,བ,False,ྱ
P000215,old,2f25820635484cc181b444cfc525f786,38343,38491,False,འ,False,བ
P000215,old,2a62740cf04347c495fc4edb9e602520,45345,45491,True,་,False,ས
P000215,old,994977d4fc4049b399c57ceefd48c056,49215,49278,False,ྲ,False,བ
P000215,old,c5ba6d4123984fb99cee38950bf8caeb,49710,49859,False,ོ,False,མ
P000215,old,9a4eeadd75e84fbc92f6706fc3175aeb,84541,84686,False,ག,False,ག
P000215,old,fd4abc2cc4714d0198633cbaaa34eedb,91778,92267,True,་,False,ཐ
P000215,old,37b8575e5ac14c44b890986560a5bc00,159791,160051,False,མ,False,ྒ
P000218,old,4db9f723892f4d4d84904cf61f27bdff,188152,188315,True,\n,False,༢
P000218,old,8178548fb6914803bc55be4fab68485d,194266,194417,True,\n,False,༣
P000218,old,bdef72ac76c9416c970e2a8612849c8c,195167,195324,True,\n,False,༤
P000218,old,b1ab436b823d46a69a14154595537cb1,202938,203092,True,\n,False,༥
P000218,old,95c4b0156f6843f6a2bc4f2a4b0c7d6b,209114,209280,True,\n,False,༦
P000218,old,08a991c7e9c0480892faaec21bc6f9d7,216764,216936,True,\n,False,༧
P000218,old,498ddbe55cf9413e8802d67846d6f8a8,228177,228334,True,\n,False,༨
P000218,old,cb6e54cdb6864a95988a61ce0ebe49c2,229016,229171,True,\n,False,༩
P000218,old,4d8c2996ab44421589a4730de4f83eaa,229578,229735,True,\n,False,༠
P000218,old,767e33eafd034f93a67888e2135d2cc5,246524,246669,True,\n,False,༢
P000218,old,ed2b94dabf3541d99861e56dcf05a4df,248912,249070,True,\n,False,༣
P000218,old,a7e8408ae4564c8090a749c7e010f036,250570,250727,True,\n,False,༤
P000218,old,4aedd929418f4a719f52d0b0a4983a60,251209,251371,True,\n,False,༥
P000218,old,5da3457682b34a319c788f1063feedb6,262455,262606,True,\n,False,༦
P000218,old,45fac2968fb445f1b73b543a8cfc207a,271663,271824,True,\n,False,༨
P000218,old,196f1efc3e29454285cd05f3056b4056,275279,275434,True,\n,False,༩
P000218,old,6781b0f64fb04fc3b30cbb9f4ab5f698,290529,290695,True,\n,False,༠
P000218,old,2a931ebf889a4cd8a5f2c236016c32c9,293528,293682,True,\n,False,༡
P000218,old,41524a27b39a4ced84d3bbacaeeb62cb,298538,298699,True,\n,False,༢
P000218,old,6f269418304a483a96b83dc05fc7214f,300541,300698,True,\n,False,༣
P000218,old,b5045978b5c14d5b9e39d3a260af4635,305463,305641,True,\n,False,༤
P000218,old,caf2e744396c49a5914032b7fdd7c804,317169,317329,True,\n,False,༥
P000219,old,50aee7c326e64d12a9ceb379ebb8b73e,2411,2479,True,\n,False,མ
P000219,old,4fbb9213f91d4614a777981b42d9e7b8,46768,46873,True,\n,False,ས
P000219,old,ed03dcd08cd54fa7812c323ed96ef637,54267,54467,False,ས,False,མ
P000219,old,8507d225c89847d1baaefae0e4af6a2f,62222,62276,False,ུ,True,\n
P000219,old,10c1da392342477bb34fcaf627e0c72b,91235,91359,False,ོ,False,ག
P000219,old,9db84e12da06432c8d8b4988afe209d8,96317,96579,True,་,False,ཕ
P000219,old,1e11121bab704cc09c1bc2acad278ed7,97282,97460,False,པ,False,འ
P000219,old,f8883d42e19341dfaa799cc2402a1106,111561,111671,False,བ,True,\n
P000219,old,61b578d52ce242838a263ae2912a6b07,156673,156883,False,ས,False,ར
P000219,old,1132a63cef1349ca9dae9d2f3eee868c,159869,160055,False,ད,False,ས
P000219,old,a420221936de4aa0845c9cf2fa02796f,161735,161784,False,ད,True,\n
P000219,old,a5a5e5068a744747aae767ba3fba38dc,180251,180372,False,པ,True,།
P000219,old,83d3368521bf45ca8df770119f268d55,261794,261871,False,ས,True,།
P000219,old,abb5378523e34cb08fa619c50c701e1f,268824,269025,False,པ,False,ྱ
P000219,old,e95de897bd554ef6a31b76db5236cbc0,276699,276848,False,ས,False,ག
P000219,old,26a171fa12e14f508c45b37b9c9802e6,279835,280041,False,ྱ,False,ཏ
P000219,old,65b495d77d4c412e88e603ffa3c05371,280484,280592,True, ,False,ི
P000219,old,57db51a71ab8472790b759a334b87b77,281978,282090,False,ན,False,ག
P000219,old,a55b118f10c646b5bd3c1b180d10be90,285738,285863,False,ོ,True,་
P000219,old,d7cc7410c9fb4614ba3756a64bf7330b,287057,287196,True, ,False,ག
P000219,old,a1cdc92b7f244fc69247665031259384,305341,305671,False,ོ,False,ྱ
P000219,old,e521d910b3bc434b946f077310d53bee,307172,307355,False,ག,True, 
P000219,old,16ae0825f0c64af08ef7f46290d7c545,309862,309974,False,ང,False,བ
P000219,old,252a3cb680214908abc06750e09166c8,324358,324469,True, ,False,ད
P000219,old,4c681b7a29a24877be658d9753442e22,328081,328233,False,ས,False,ས
P000224,old,e8afebc07aae4f258b78e45196355e49,151132,151280,True,\n,False,ྱ
P000224,old,44ebdb71182949b2a3e0b6b100cf8dfa,235460,235571,False,ས,True, 
P000224,old,dd2edc6c091647b19fff2ddd9ffe5ba2,454435,454598,True,\n,False,ོ
P000224,old,b74632a003bd487fb9d5ad2307f96b39,456314,456429,False,ཟ,True,།
P000224,old,78c48bb459d2400283fdd32b5ddccc70,456908,457058,False,ག,True,།
P000224,old,a65f03754e6e433686de8bfbbb04a5ff,459072,459149,False,འ,True,།
P000224,old,292d6fddd5124ad4b0a22c84c5e6ac11,459614,459706,False,ཀ,True,།
P000224,old,c3cc1927023444589401fdb0ef191fe1,459898,459974,False,ད,True,།
P000224,old,1c2620058f0d4de5ab4a3f38a2b7726d,466019,466099,False,ད,True,།
P000224,old,d0fcdf7a6c4141caac308cbc8570b526,466487,466683,False,ད,True,།
P000224,old,7092cf27cfc743429e0a1a652b5c78f2,467312,467392,False,ག,True,།
P000224,old,6cf0e148122e4a39a6959d890184e6e1,467605,467708,False,ཐ,True,།
P000224,old,b392196b473440559e0ede27cc845da5,470105,470348,False,ར,True,།
P000224,old,4b7ace817cc3458689d2cf2f1f779531,473108,473389,False,བ,True,།
P000224,old,931cb671d884474e8827947b30674b22,477304,477454,False,ད,True,།
P000224,old,df179ff608744484b76f62363f2c6e1b,478551,478630,False,ཀ,True,།
P000224,old,8db982ad1a034c66ad79cf51ca39ee0d,479003,479082,False,ཀ,True,།
P000224,old,de7e31305f3646df8c8754a46d368fa4,480176,480286,False,ད,True,།
P000224,old,3c545237f9b740d1a84eca3bceb5197d,480933,481127,False,ད,True,།
P000224,old,231f0975d6834cb18d5a42aeab5cf156,481866,482025,False,ར,True,།
P000224,old,c27084d959ee4b3ca1b4aa98f3f28fb3,482462,482774,False,ག,True,།
P000224,old,c4d648f83d0e45008d0deced5c46892a,485861,486105,False,བ,True,།
P000224,old,5473581da3314bf18ea96e0433028557,492715,492868,False,ཟ,True,།
P000224,old,250877554c2f41f795a16ab5462da1fb,495797,496067,False,ཀ,True,།
P000224,old,1a6200a0cc4449c9bfcedcd68d5882be,497210,497367,False,ཆ,True,།
P000224,old,bca17faa50214e7488320b72f9b9927a,499455,499537,False,ད,True,།
P000224,old,a2a265787f304f9895e93b853d8a72fd,500230,500313,False,ར,True,།
P000224,old,3e255dbbc5114ed4934b3d5634fe6679,501693,501867,False,ད,True,།
P000224,old,d882f77c931d47f9844c06faf20a8a4b,503054,503156,False,མ,True,།
P000224,old,908295627102428da13103d3f4770429,507097,507176,False,ག,True,།
P000224,old,d1a5efd6a6d64f4390e62c4949567f35,508962,509038,False,མ,True,།
P000224,old,03b451c17a014852824ca50273caafc4,509527,509604,False,ད,True,།
P000224,old,8343ddd43dbf4d578ad375afebd15f2c,512445,512587,False,མ,True,།
P000224,old,d08957ae7b4c444491bbcdbd1848e4bd,513287,513410,False,ག,True,།
P000224,old,0dfd84d319b04105ab4e187b989f556b,513915,513994,False,ཕ,True,།
P000224,old,69cb835ba3f849479d66d57abac59de5,518961,519119,False,ག,True,།
P000224,old,296251dda9b2489d825fb2f1ffdd132e,542845,542926,False,ད,True,།
P000224,old,623d859f0dbd4405800f1be159e83f09,547461,547542,False,ན,True,།
P000224,old,5dc2885c7acb433caaf6d786d93a1a82,551669,551751,False,ས,True,།
P000224,old,80ecb66cf441490985470b8bbddd771d,562313,562465,False,ད,True,།
P000224,old,90243177acc847d3adae8be35e6d51e2,565778,565863,False,བ,True,།
P000224,old,2ba47c0258d647169b3afafb41fd2dc6,568322,568438,False,ད,True,།
P000224,old,33ef17ee061b42da91506023999cb9b1,577378,577503,False,ར,True,།
P000224,old,d457fae18b794f45b99b3d89c1b75d89,578247,578442,False,ར,True,།
P000224,old,64d4fd920d9242ab978148d9aaca094a,585833,585957,False,ས,True,།
P000224,old,cb791d418d9c45d79e6b1d0974183dee,588768,588835,False,མ,True,།
P000224,old,283e28c429f14d7e9e7802bb4b80abe2,589340,589420,False,ཐ,True,།
P000224,old,511d5f05511345a482fb2fc4df4a3fe8,591609,591686,False,ཟ,True,།
P000224,old,6b7568539a8644deaeb1f7a92a0a4ce8,594427,594547,False,བ,True,།
P000224,old,a8664677e921412f93628c63a70b6c85,595053,595134,False,ལ,True,།
P000224,old,943ed5ba0dfe4a9f8a0a442fa78616bc,597695,597772,False,འ,True,།
P000224,old,5b82d23367e844da9056abb84a82e678,598839,598964,False,ཁ,True,།
P000224,old,a6a9f5fa687543d38122e2baece379be,601755,601827,False,ར,True,།
P000224,old,796338e8b414475195786be8dc0cafab,607021,607099,False,ས,True,།
P000224,old,659512c661ea4c3cb698efcba95bd5c7,613136,613220,False,ད,True,།
P000224,old,1fc04fcdafe94c20b8df6a1633ff3f25,617250,617326,False,ག,True,།
P000224,old,bfe0674210e846a2a5766dcf4846cc8d,618488,618601,False,ད,True,།
P000224,old,d97423ac6fdf4f33a4f8758628ee4340,619415,619494,False,ད,True,།
P000224,old,4c26448034874558bd88e230b721da24,624872,624952,False,མ,True,།
P000224,old,37a0919729894f1eb2f166aad4121a1c,632740,632823,False,ཐ,True,།
P000224,old,5254681c154144fa94199388f3b0555e,633081,633147,False,ལ,True,།
P000224,old,6bdca3aeae6a4c1a97ebccf417f5db10,643628,643704,False,ས,True,།
P000224,old,3ffa7ee33b37454d94c85e021a3bca84,644487,644634,False,ད,True,།
P000224,old,994fbaaa38ba471aa8eb03c37cfdc89c,649712,649789,False,ར,True,།
P000224,old,6449fdbc1ca240f19386b75be3b18c34,659354,659432,False,བ,True,།
P000224,old,c8c7e816ac0c4b6d8fb26ca60919ab3c,663915,664028,False,ལ,True,།
P000224,old,d6aa703860354b9a8fea699bb6e72e16,667806,667888,False,འ,True,།
P000224,old,0fc9e9a67af74386b42861e367b0f82f,668316,668479,False,ས,True,།
P000224,old,9e58d1890acc40b98bde939a8c840320,671141,671299,False,བ,True,།
P000224,old,527418f0ebe149e3a86c6ae13053bcb5,672445,672600,False,བ,True,།
P000224,old,29413b1125bd4b75acd68266e39a96b8,673853,674044,False,ར,True,།
P000224,old,0f00928dc29440fc9dca83954fdd89e0,676735,676802,False,ར,True,།
P000224,old,71509c56db5949229d8f34db4a23afa7,682217,682339,False,ས,True,།
P000224,old,4d256a7c9a314750b7939d9ad5dac90d,692485,692588,False,ས,True,།
P000224,old,0ecd1e4ea6014ae09bf4ba6e4dfc5b84,700995,701155,False,ས,True,།
P000224,old,f9d026b9b095400388ab2b81971546db,705179,705424,False,ར,True,།
P000224,old,af1b475e6a48402fa9a1e45169886e5d,706143,706264,False,ག,True,།
P000224,old,414950cc028344a0ad41487734d1ca01,706687,706794,False,ད,True,།
P000224,old,bffeb05cca9b43689a19bb3764f64d5a,707469,707626,False,མ,True,།
P000224,old,c8f06feab0f349539311eb79ba00dfcd,708124,708359,False,ར,True,།
P000224,old,c0fbf4c5fa484aed94898f3f76a2272e,712348,712426,False,ར,True,།
P000224,old,31fe37cc98e74d24a105fd0e2da9bcc8,712715,712989,False,ཡ,True,།
P000224,old,f18f08e9f2dc4b3c9155b026d71f0638,714888,715107,False,བ,True,།
P000224,old,05fcabf62f83425d8a36a5ca6ab8d5d4,718846,718984,False,བ,True,།
P000224,old,1d0d90739a99496fad6f4f703f1aa33d,736775,736980,False,མ,True,།
P000224,old,43094f3582e24f7c984f46930f29d0ad,739296,739371,False,འ,True,།
P000224,old,e4be6082fec2416ba3ee074b6049fdd0,742234,742311,False,ད,True,།
P000224,old,3dc3f2abc0e543af8218733f7b2b4863,742600,742707,False,ག,True,།
P000224,old,c78909ea3f6b40e2bf1873ab9ca19c19,744165,744270,False,ཉ,True,།
P000224,old,4f910b4fb4d74e5d998b0cdd622bd00c,744890,744975,False,ར,True,།
P000224,old,ffad8d5cfb734845836889fb096e0c15,746414,746494,False,ད,True,།
P000224,old,4db0ed96431049b69fcddc7b3176c502,750291,750367,False,ས,True,།
P000224,old,09f474c48e524625953d42c8acf4fed1,750613,750731,False,ལ,True,།
P000224,old,84dfbcfdce9d4d2db1fef939b40a90c3,756036,756198,False,ས,True,།
P000224,old,2f40931e18a54a94af2910373494cc01,759690,759770,False,ར,True,།
P000224,old,10789428eee54cc5bcc35c9473dad08d,760780,760903,False,ག,True,།
P000224,old,97ee91949cdd42ca894fe15775ab2575,762274,762354,False,ཨ,True,།
P000224,old,9cc396e6f7234d36810837ab4b51d836,764892,764968,False,ལ,True,།
P000224,old,0d4d905023c54e65aa4b30602d7add9d,765842,765917,False,ས,True,།
P000224,old,867d5edead6942f7b0fa6ed416391924,767518,767595,False,ད,True,།
P000224,old,8d294190d1ef4f45879024b007ac2f24,769182,769256,False,ཨ,True,།
P000224,old,e3b01c3235984c37957f14eaa293d823,770961,771032,False,ལ,True,།
P000224,old,70d20795405045eab8c189ab7d7e0e42,771378,771536,False,ད,True,།
P000224,old,3910d8964e1640db9c632e5a86bc2263,775908,776020,False,མ,True,།
P000224,old,43a0e1c5c223486bae09b72a488b7d1e,778043,778158,False,ས,True,།
P000224,old,fc2bef294da54b2a81d0a9a0fe7ad71f,779136,779204,False,ཞ,True,།
P000224,old,2da883f2c56a4e54989fad728ac1a3c7,780236,780399,False,ར,True,།
P000224,old,72dcf857873a4a39b36ed8116fa47407,782935,783051,False,ཁ,True,།
P000224,old,fcd509d7d0454753a8b050be9df707d4,783609,783682,False,མ,True,།
P000224,old,edbc6f9cabf54155bc59928af883d9c4,784752,784822,False,ད,True,།
P000224,old,d4944bc950ce4e4cb0202107c5e24eb2,785535,785659,False,ར,True,།
P000224,old,80661922073e43ef88d53838be9b0c0c,786197,786278,False,ས,True,།
P000224,old,1229813eaa8c496794f9b3c8a04b5cc5,787318,787401,False,ཨ,True,།
P000224,old,6b876d5e7f3f4a47a5f4ad4bee002fd4,787799,787872,False,ཨ,True,།
P000225,old,1b74f31dbf7b43098217c240a81a27ae,8342,8373,True,\n,False,ེ
P000225,old,8e50804935a0478eb31a69bf5398a5b6,91085,91160,False,ད,False,ལ
P000225,old,aaab5f5e176649b49e5e08d50e02f317,91505,91579,False,ན,True,་
P000225,old,a979ae2583d64bb98f400d94a42fdc6c,97448,97587,False,ཀ,False,ེ
P000225,old,8ddf01dfda0d4f7c912bca90251fa728,113640,113796,False,མ,False,འ
P000225,old,b8814f795f5d4e93a7c9c7bb36e8a9ce,132569,132632,True,་,False,ྱ
P000225,old,2e3c980e89d74366832b8d1d49df3a05,141126,141309,False,མ,False,ལ
P000225,old,8811b1b9138d4bee96a4a9d3d11ad6e3,150980,151208,False,ག,True,་
P000225,old,4a5622bc80e144ff9d1f8fdcae3a1863,191922,192003,False,ཏ,True,་
P000225,old,475883bdab6347748563b525c5a0f479,192858,193169,False,ྱ,False,པ
P000225,old,d4d97002607345deb6d292fdbdb7faa2,257981,258145,True,་,False,ཕ
P000225,old,ff9c6b323d1141f1afde873b19bab7b9,258184,258866,False,ད,False,ག
P000225,old,b3f8ecec0d804520a0ee850add4159ab,412116,412168,True,་,False,ས
P000225,old,578decde928743148cde02b522865fdf,412270,412328,True,་,False,ི
P000225,old,8308bced6b2c4b24bb0f0b72bb2dcf40,435327,435407,False,བ,False,ག
P000225,old,4b4b4f441b754f359ecb42c7b27c876c,438065,438251,False,ང,True, 
P000225,old,5c0556f0c20e4390bf47d0731c69c658,441990,442064,True,་,False,ི
P000225,old,e9cb873604d14f78916efdde915a5948,463345,463406,False,ན,False,ླ
P000225,old,1d2ee15d8f1043109cb5983278efc403,464679,464851,False,ོ,True,་
P000225,old,9955934aa8a24bde8150189d4e1d105f,499304,499362,True,་,False,ྱ
P000225,old,edb4ef172fd84eedbf76bdf01026608a,545498,545657,False,ན,True,་
P000225,old,6386425809d947b58a633ad498d9e452,559791,560129,False,ར,True,་
P000225,old,2bc667ecf48e4c63af1af426b5473955,562338,562448,False,ར,False,ཐ
P000225,old,dc4be850c2094700aa7f8c252afa0024,576248,576329,False,ི,False,ས
P000225,old,210556b6e6f04a8b974a4baa9950a23e,595054,595269,True,།,False,ས
P000225,old,6eaeabe0097e45d189e54376a7761e60,612115,612226,True,་,False,ར
P000225,old,26d8bae18c5d4886b1b58201b64058aa,618840,618909,False,ད,False,ན
P000226,old,b85b3f339040456b8e79c3afad2cab85,66142,66321,False,ོ,False,ོ
P000226,old,725b3e075e2b402f8f12796302ffc83b,141359,141446,False,ྱ,True,་
P000230,old,99ccedc35d3e46b8bea909638ece94e8,289933,290255,True,\n,False,ོ
P000230,old,31088d550c14430faa9a3efda66bba6e,327255,327528,True,\n,False,ད
P000241,old,1893247f66a745b4b5a8d3d6d282b6b5,458149,458311,False,ན,False,ཏ
P000241,old,fb8eecd1e9334e7f807c8ebe7323be4a,467183,467389,False,ང,False,པ
P000241,old,d7fe23e295f54c878165e9895702a645,474719,475034,False,ད,False,མ
P000241,old,4cc27919c3cb4ad09a6edf1e41260d5f,509931,510091,False,ུ,False,ེ
P000241,old,3b97ef9596424480b97e37840718f217,510235,512125,True, ,False,ུ
P000242,old,138a4e94cdd84a7eacac8f04f8d1c53c,47105,47341,False,ས,False,ཀ
P000242,old,c05a373d46004333978f1c3f23484c4b,48702,48821,True,།,False,ས
P000242,old,e93168a97d6e4a8aae5ccf78fef8b883,50506,50680,True,།,False,ང
P000242,old,ef4eddd3d6fe4ab9ab147582aba0a1e8,51508,51578,True,།,False,ྟ
P000242,old,328fc448443c450e99298fa5167901f5,52062,52213,True,།,False,ང
P000242,old,15eb78549aa6474db2c0cd6e1a10571d,60427,60571,True,།,False,ང
P000242,old,47c116f15c8f4b0eb03b7f70e72d578a,64551,64651,True,།,False,བ
P000242,old,9160aac0f8b44780bc134858cfd94a1f,69787,69940,True,།,False,ང
P000242,old,8932106f2603401d912e35122a7f7df1,72613,72687,True,།,False,བ
P000242,old,600f4ed7e1fb49fcb2a979ffd7bd95a4,74013,74122,True,།,False,ང
P000242,old,fdf0f07d0f844b2d9855077cf228fb59,75562,75898,False,ས,False,ུ
P000242,old,e9f03f3c33df4a34b5e922428714644a,76649,76931,False,བ,False,ི
P000242,old,579732b7e9744fca8624a71937b67bb4,80286,80482,False,ོ,False,ི
P000242,old,e55276f4fa8144dc80baf49b12cd862d,81586,81905,False,ད,False,ད
P000242,old,5250dca71b9949fcba0b996fc2fc5263,84139,84493,True,།,False,ྲ
P000242,old,21d2d4b77653494cbe8f9fec1f16c741,88241,88394,True,་,False,ཐ
P000242,old,a3def59ccc834e02a1b87ecb46a57652,92159,92308,True,་,False,ཕ
P000242,old,01453e3253da4bcbb4faacc2e1224b89,96754,97635,False,ད,False,ས
P000242,old,0f19a1c9338849938eb82ddd68aa27b1,107122,107267,False,ན,False,ན
P000242,old,81fc294a198548359a38c6228d871f61,110940,111321,True,་,False,ང
P000242,old,38ad27ab73024bdbb10697f8582b7664,117145,117407,False,ས,False,ག
P000242,old,2ea88b66a2d44dfebdd6d07d55616c29,120590,120770,False,ྟ,False,ལ
P000242,old,e0fb09cb72f14665b596eb6c0ff83264,122052,122117,False,པ,False,མ
P000242,old,4a2b45e41e574734b743144cb8250280,123239,123459,True,་,False,ས
P000242,old,c1fe9ccf53f041c8aeb16e6953191177,131223,131342,True, ,False,ར
P000242,old,d1a67cf5b1eb4a75832c0bdc0493bb58,132184,132325,False,ྐ,True,་
P000242,old,8c5e2f43c0bb48e0910686b0648df7d0,136850,136992,False,ྱ,False,ན
P000242,old,6557e33227074be1a85c16a0ab1c6453,143441,143575,False,ོ,False,ི
P000242,old,1c509a1b902947d9b233fe7018011ee6,151537,151605,False,ི,False,ི
P000242,old,17fc5c809a0a404fa19c2546581a2696,156708,156783,False,ས,False,ྟ
P000242,old,1458eddf51924a9bacc08398388f8658,157538,158291,True, ,False,ང
P000242,old,8c04dd4098f242f1bfd5ebf3e6344ba5,163301,163374,False,ག,False,བ
P000242,old,771fc7467283477287e26605f1976cac,165573,165732,False,པ,True,\n
P000242,old,07208e3dd93d4d979b09dd2d19dc14ca,168468,168621,False,ར,False,ང
P000242,old,c6ff3780cbd54a78a9c6d4483218b60e,171884,172046,False,ེ,False,ཚ
P000242,old,7cd265aa47ea427baf25bbcf51d9124b,177157,177231,True,་,False,ད
P000242,old,34872087933f40f5852f225c7e691ce1,177934,178010,True,་,False,པ
P000242,old,e0795323daf24e9ba5db2ac9de0c7158,179699,179765,False,ར,False,༼
P000242,old,d69fdcafaf9446ada4d85fded27281c6,180464,180540,False,ཡ,False,བ
P000242,old,c1421281112f4f81b5fdc468fd7194af,183150,183223,False,ང,False,ྟ
P000242,old,75ce29264cfe4698822c2549ef3139a3,183893,183973,False,པ,False,ི
P000242,old,fe6aecc6e354467883431f32a6b38b60,185119,185192,False,ི,True,་
P000242,old,a8247c37502b45088f7ee21e4e020cd0,186454,186598,False,ག,False,ི
P000242,old,bb0bb8a047b7458ba5eea6d96ecbf483,188492,188718,True,་,False,ད
P000242,old,45c6dba5cba04ed6883b02ea835b19c0,192646,192720,False,པ,False,ས
P000242,old,9d1a995101c943a3a0ac39f3b843058b,193465,193635,False,ར,False,ད
P000242,old,2cb46d460a3c4911b2b4fd1b9e415d09,203812,203890,True,་,False,༽
P000242,old,371c8475cd5f4226adc477436f3c2136,204427,204576,False,ུ,True,་
P000242,old,6620428928e747228eb274198197ca15,206734,207235,False,བ,False,མ
P000242,old,20015f1b9da740f69fd072c4e9ecf626,210363,210828,False,ས,False,ཤ
P000242,old,d213b58269e64696ae9b5aac913dc9f9,211693,211868,False,འ,False,ོ
P000242,old,37384407ff404862b38bca74e1b73b0e,212551,212738,False,ུ,True,༔
P000242,old,b79dd5b53ba5455eb036204ba42c6d59,213663,213809,False,པ,False,ཀ
P000242,old,1ce02b35a2de41e6b2e48227b485882e,214468,215086,False,ག,True,\n
P000242,old,fe11320e22814ffba6cf2058315193fe,222721,223985,False,ེ,True,༔
P000242,old,b5bdd8e934104b378eef4dfbfbe0d795,236385,236493,True, ,False,༽
P000242,old,8b33a2f00009473ab0b015063a25b81d,238981,239146,True,་,False,ང
P000242,old,d113dcb6a79e47eb83529b590e54ceac,243856,244007,False,ོ,False,ག
P000242,old,a5da26b1745044cd884e9436d23b6ce8,249439,249548,False,ས,False,ན
P000242,old,71b01b7f3c1c4bfe96381f9d81f44e63,250192,250265,True,་,False,ང
P000242,old,4a523e1358e842c68905862e000a1ac8,252401,252526,False,པ,True,་
P000242,old,9d535996665841299723d0203754497d,256337,256449,False,ན,True,\n
P000242,old,c5be9ffc8cbb49938c7724e9e8901b0a,259111,259433,False,པ,True,\n
P000242,old,9bbf21e2d6f545039cb553253cf20b63,262067,262216,False,ན,False,ག
P000242,old,f4c81890d8bd4ec9a1e5fd3f8c92091c,263616,263769,False,ི,False,འ
P000242,old,6189a8dca43b4c0e921948fb1b1fa03a,265240,265418,False,ས,True,་
P000242,old,2fd00cbbc1664ce0a3a40badbc00c758,269154,269330,False,ེ,True,།
P000242,old,3105bb466f9a4a519ad0ba6f190c02a6,269532,269703,True,་,False,ྲ
P000242,old,35c58757efb34276a4202aec9d01e08b,269968,270247,False,ལ,True,\n
P000242,old,3345616d05f045469f2226b46f7d4124,273095,273440,False,ཚ,True,་
P000242,old,1e468bfed20d4ddcb023a593c82aa93d,277416,277558,False,ྦ,False,ས
P000242,old,d70dc1f76f0147dc91fca17d3859bf3c,278179,278254,True,་,False,མ
P000242,old,89a2b44dd9fc46bca335428b3b2196cf,278723,278909,False,མ,False,ར
P000242,old,534c6a9f707e4875bf2d360802c2d3ab,280916,280991,False,ར,False,ར
P000242,old,d7a72cdfe68a4668a0d9e8a7cbc0c130,281912,282091,False,བ,False,པ
P000242,old,0f2a94843bfa434a98c6e601d2180adf,283805,284502,False,ཕ,False,ས
P000242,old,8d5dedbe7785499a94d6a4110f51d515,289254,289516,True,་,False,ྨ
P000242,old,aee3a3670a024dddb0797f7c698d58e0,292480,292796,False,ེ,True,༔
P000242,old,3a6b74fda5a247debee07ffd1ecd1669,294161,294273,False,ི,True,\n
P000242,old,0d9914bf5d3a497ba372aad1d5b3a537,294775,294888,False,མ,False,ར
P000242,old,6248a815853b43d7be912f719dcfbdf6,305943,306652,False,ར,False,ག
P000242,old,8eb9fc59c94d415bb8fdcd09f71eae9a,309315,309428,False,ལ,False,ཟ
P000242,old,4f6323ddcadb4a33bd4119938c4d68b5,311193,311559,False,ི,True,་
P000242,old,828a3c43311b4e9faf88f445bb0ae51e,313972,314123,True, ,False,ས
P000242,old,7cb58e0afb6545fa86823efd351a48c8,315353,315432,False,མ,False,ས
P000242,old,2a457cf6251b4be69777799203ff2147,318486,318781,False,ི,True,\n
P000242,old,4422161306f24276b24f6e8a10b0dcb1,320953,321113,False,ུ,True,་
P000242,old,6106193238214e628dac87ccd738ee70,321791,321980,False,ར,False,ང
P000242,old,0661ff0a4a4949f28d2602ce129acdde,324194,324342,False,ྱ,True,༔
P000242,old,719cc6346f184192ae6239a232429772,325800,325967,False,ང,False,ཤ
P000242,old,c925be4f59664ee08651523dca1f2076,328355,328430,False,ུ,False,ཤ
P000242,old,081b7078e16146ef8b0021ee6429aacc,329197,329788,False,ག,True,་
P000242,old,74c9daf18ce042a5afdba658ad1cfd90,331591,331690,False,མ,False,ར
P000242,old,b2218305ec0c4f4abfd52fb328483070,332543,332609,False,མ,False,མ
P000242,old,e0af737390be4cbebded4f0c0a32fb9e,332997,334792,True,་,False,ྩ
P000242,old,1d6e3918558e479889ed6b428db62024,339818,340204,False,བ,False,ད
P000242,old,c42edb2aeb4343a592860970c5057477,341248,341356,False,ི,False,༽
P000242,old,c48300fc98ed472abbdca0c9aa6143ea,341795,342151,False,ྱ,False,ེ
P000242,old,8655a11c911441fba2d21c5b99334e61,345576,345975,False,ླ,False,ི
P000242,old,84e614523a4649b19bfaa28dc57aa097,347325,347664,False,འ,False,ལ
P000242,old,eb4029e436ce4a93b3eb5ce098ab9ec0,349792,349969,False,ི,False,ི
P000242,old,51ddff0635174432903040e1a1858364,351710,351921,True,་,False,མ
P000242,old,92b6bb4c843e454491be37957f37aca2,354766,354916,False,ས,True,་
P000242,old,a370cbb758f54c6cb96f9583a563c0be,357773,357844,False,ད,False,ག
P000242,old,0bb86947ab10409aa6ab89f333028d1f,359146,359304,False,ད,True,་
P000242,old,258600d3e67b43d2a7adbb13d776ba94,363296,363367,False,ི,False,བ
P000242,old,4ec937249fb646689736e15002c8d0e1,363890,364023,False,ན,False,ེ
P000242,old,aaa649c6806d463cac1a15ad3341fcda,364875,365019,False,ུ,False,ས
P000242,old,bf1ffbf8616040ffaca1f9499c2f9b8c,365615,365793,False,མ,False,ལ
P000242,old,dbf78a300b704caba70e1508734abdc1,366468,366746,False,ར,False,ོ
P000242,old,c9b7238f1ef84898b6d6cee0724766b1,368155,368395,True,།,False,ན
P000242,old,ecbd382044e048478116ceb4b999bdf0,369482,369801,True,་,False,ེ
P000242,old,3ba7515a195f4e32ad5ab8399c2375cd,371323,371566,False,ལ,False,ི
P000242,old,19503179055343329cb1e787925f15f5,374500,374715,False,ྱ,False,འ
P000242,old,3d0e241cf889499c9431e86287e29839,376189,376336,False,ལ,True,༔
P000242,old,76fcd80a35f54e96ad8728986e0902fb,377485,377622,False,ཞ,True,་
P000242,old,de2a39e5c5bf4f8a84a684765dbad480,379176,379247,False,ར,False,ར
P000242,old,608ec1f9692047c584e665fcc2bb98dd,381004,381146,False,ད,False,ོ
P000242,old,1ec818cf27c14998bba6cc173605d3ba,383531,383800,False,ཚ,False,ད
P000242,old,c699a8b01803452d9fa35ca76fe2ba23,388262,388530,False,ད,True,\n
P000242,old,6e473b30410443488fc60de0840ca654,389675,389757,True,་,False,ཏ
P000242,old,10b54e928ea84528850a2e140498a492,390372,390700,False,ང,True,་
P000242,old,bb381641454f48d7928b0f317e394775,394398,394540,False,ར,True,\n
P000242,old,027d285670fd4d98b1d78ea35b2bb621,396007,396081,False,ང,False,བ
P000242,old,4299474f2f7a480299b8a5b8e98321e0,396652,396805,False,ང,True,་
P000242,old,02b8bdf173d748f0a47c2251d4980c66,397436,397737,False,ི,False,ས
P000242,old,98d8d75d2fc9445d8d93dd9c62462251,399454,399897,True,་,False,ེ
P000242,old,4585a5586d2848f588d269484adac8c4,403684,403792,False,ཞ,False,༽
P000242,old,8e63f917a1414ea4817a1d35cb299fa4,404657,404729,True,་,False,ཉ
P000242,old,278e7726878c48a193fa61a9200ffba8,405665,405853,False,བ,False,ྱ
P000242,old,d2a12040968f4354b95e808686bcf0f9,407597,407743,True,་,False,ོ
P000242,old,479863a953a848108fa56926b11cd918,408597,408702,False,པ,False,བ
P000242,old,4a1f5bafccc34cd1976265c147aae9d3,409909,410179,False,ཁ,False,ྟ
P000242,old,483fd1a1efbb4381b6d0575e4fd1a590,411757,411835,True,་,False,ོ
P000242,old,ee5b18f2e4454965b38c2edb9f8fdc41,413319,413392,True,་,False,ར
P000242,old,37da4469261b4fb59541ce964edb5db1,414037,414261,True,་,False,བ
P000242,old,a23a5117466b4f6d87c1a440f9ae38a0,415619,415691,True,་,False,ས
P000242,old,733568e6010a40c5a0c5d249934a58de,416080,416189,False,ས,False,ན
P000242,old,7a8f4f4d28e742fea37e16f184b11d7f,417225,417295,False,ཀ,False,༌
P000242,old,42bfcb10e767423e852c69e2128011ae,417871,417951,False,ས,True,།
P000242,old,00692d84dbd84b4cb50852ae6dff3877,418855,418926,False,ུ,False,ཞ
P000242,old,5ad2637c19194dc98da6494b548d1224,419787,420019,True, ,False,ན
P000242,old,bd3b0be406f045e7ae25a805a401f123,423003,423148,False,ས,False,ད
P000242,old,013521d27e704270b3c9d01ab408b74f,424084,424231,False,ས,False,ི
P000242,old,dc49cd17c1d84379983ecbfbea5d56e3,426575,426721,False,ད,False,མ
P000242,old,f4cde9f583bb42e49435e87ab2178527,427517,427675,False,ེ,False,ྱ
P000242,old,18f581258d6a422197651f1f3f060904,428490,428561,False,ན,False,ས
P000242,old,d868322a23f9491bb109e55da7f29cf6,428932,429777,False,ེ,True,༔
P000242,old,160a605ca46b4d98913c37d35f999027,432864,433013,False,ག,True,\n
P000242,old,813951c1fe034c28ab761d9879236f63,433770,433929,False,ྱ,False,ག
P000242,old,502f021453ca4c16a5413025d393efb8,435103,435770,True,་,False,ྱ
P000242,old,6b2078ada1c0422cab0b2b266b3674ae,439782,440536,False,ོ,True,་
P000242,old,a9c28d4858244041b051948463fed1a1,446271,446429,False,ལ,False,ི
P000242,old,03be462f6bbb428094b8658c6b8e9e77,448448,449818,True,།,False,ས
P000246,old,264a64c0524f4a13a287d51bcb0adf15,5364,5451,True,\n,False,པ
P000246,old,f00d8c72c88b44e4beb2682be7d49468,21216,21370,True,\n,False,༡
P000246,old,d7b796aa788847be982c9caff538731e,22149,22310,True,\n,False,༡
P000246,old,0f4d245f6905483fb64a86c19006b2c5,23523,23678,True,\n,False,༡
P000246,old,dbf60c378537446abc40c489d7e2656e,24315,24464,True,\n,False,༡
P000246,old,7df20f09442944febcf3f4bf6e11a41d,25941,26012,True,\n,False,༡
P000246,old,5b13e4c5fe9048b9b8f908ab5826e961,26440,26682,True,\n,False,༡
P000246,old,eecaa63a3f4f453aada8b1c9744c970c,27705,28081,True,\n,False,༡
P000246,old,165c4ea60a154adca0b66d141e358745,29218,29337,True,\n,False,༢
P000246,old,d3bf7972df9043ecaa1659cb7324fc77,29864,30585,True,\n,False,༢
P000246,old,59c091b88de745edb2d71a6ade59efb1,32774,33264,True,\n,False,༣
P000246,old,7b499d819d794c0fbe0e74aa82c22d23,34818,35693,True,\n,False,༣
P000246,old,1943c01d9b284036a585f2946b0e45c9,47178,47768,True,\n,False,༡
P000246,old,e6e90bd5f4474409845bfab2f2d28b23,51481,51634,True,\n,False,༡
P000246,old,f72f54e8af5840e58b7225afb83ba3d1,52797,52942,True,\n,False,༡
P000246,old,88cc4d8eb7d04a7e8780c79395b7ab6d,54462,54536,True,\n,False,༡
P000246,old,2ce28a3d92e744f5bcd2d7290ca3983f,56030,56104,True,\n,False,༡
P000246,old,42a164361806486389bee28d528eb3d2,56664,56825,True,\n,False,༡
P000246,old,d786e667575f4126b29865e07d690b25,57570,57728,True,\n,False,༡
P000246,old,53d670a1349940f6a1646e7f87fdda67,58439,58693,True,\n,False,༢
P000246,old,93e7e53bb6a34413a56c5c662c228ff4,59793,59917,True,\n,False,༢
P000246,old,badaeb2593b34b8081dfb85517de0de1,60232,60361,True,\n,False,༢
P000246,old,be356cd144554ac489c3a1846a7b5458,61208,61470,True,\n,False,༢
P000246,old,d22e5767a18c457e88d2eb04afc39180,66401,66523,True,\n,False,༢
P000246,old,ecf37542f3ff4973a002052fb40fa636,67002,69301,True,\n,False,༤
P000246,old,b5d1d84ec7a243db8bfec5d1c0877022,80202,80326,True,\n,False,༤
P000246,old,ff0cb00fb7b3430488b71f9186906293,80328,81065,True,\n,False,༥
P000246,old,6cdd819b6dbd4a899c71b5c8654939f8,84406,85469,True,\n,False,༦
P000246,old,b2f342baad0a412cb356471fd5a35d0c,90614,90850,True,\n,False,༦
P000246,old,7c5efb37162643cc8fb4c082cd474516,92038,92157,True,\n,False,༦
P000246,old,f0199fbfcdbe4e56aca78eb7f8afe953,102195,102320,True,\n,False,༡
P000246,old,cab345a54aa040ee8c07839402d136ff,103798,103912,True,\n,False,༡
P000246,old,5c59c0f30c424e04b8a835609af09b2f,105132,105370,True,\n,False,༡
P000246,old,6e41b3c67ccf4427873743e695ad2532,106112,107077,True,\n,False,༢
P000246,old,362b083b92614646abb99de55144b260,114184,114435,True,\n,False,༢
P000246,old,848d89cfdca9459b885e50242d514424,115781,116935,True,\n,False,༣
P000246,old,8593d49c41bd498189826758ec890eab,121758,121907,True,\n,False,༣
P000246,old,b13fbffcfece4fe787b1bed2fa1d6691,124894,126088,True,\n,False,༡
P000246,old,4adf3b826e1d4285b1dadbb98dca6b46,132895,133262,True,\n,False,༡
P000246,old,46a257e244fc4294ac3aca726988ac19,134981,135691,True,\n,False,༢
P000246,old,eacdaa4af92c482f926d72093168488b,139371,139619,True,\n,False,༢
P000246,old,66eddd057acb44f0be8d956c9925bde9,140740,141350,True,\n,False,༢
P000246,old,d85a6bab3df34c5a996cafd7081305b5,145072,146094,True,\n,False,༣
P000246,old,84620b81824e4392bbf9fd45efcd86ab,150988,152077,True,\n,False,༤
P000246,old,450c4917318f4089824e7d188c969971,156613,157545,True,\n,False,༤
P000246,old,ca67c1b0f1a64f8f8976cf3e3628a165,167961,169067,True,\n,False,༡
P000246,old,0b311ed0b8dc468587c7ef7d32fe673a,175274,175902,True,\n,False,༢
P000246,old,8f2f686fe41b4fad835dbd337cf0b124,178549,178667,True,\n,False,༢
P000246,old,19cabe91e16146109d1d1590311731a7,179386,180024,True,\n,False,༢
P000246,old,82c3b390a41547c19f6cd6af5a8624b9,182475,183070,True,\n,False,༣
P000246,old,f64d0b57d5da4ebaba63382795d9213b,186571,187886,True,\n,False,༤
P000246,old,1057e2e4a7aa48e8acded2d1d305e3b6,192334,194005,True,\n,False,༥
P000246,old,89dfb62437e84cf79fb9726b29060b2c,202675,204119,True,\n,False,༧
P000246,old,f102448850a54dc5a4b766f262bf2e90,209955,211536,True,\n,False,༨
P000246,old,6a400d6e16c84075867ef727a15c8578,217824,217941,True,\n,False,༨
P000246,old,b2833264c00f44ac9b6de5e7141580dc,217943,218060,True,\n,False,༨
P000246,old,653028041b8141d6ac5ea0710c3817b3,218845,219571,True,\n,False,༩
P000246,old,cae1ad9b7a3b4eac8f02eb44adeac196,222973,223666,True,\n,False,༩
P000246,old,3ec78ed452fd49319e328bb402c14e8c,226838,228180,True,\n,False,༠
P000246,old,65dabf8259b74e4c81183e6a04dbb274,238374,238737,False,ྟ,True, 
P000246,old,ca28ea2c14cb47a983846a72af3e22a4,240015,240252,True,\n,False,༠
P000246,old,a1018bd38336474fa670dc292c116ff7,242080,243270,True,\n,False,༡
P000246,old,e2694a2b3cf0479aa45242b3c7f7ef8c,249195,249314,True,\n,False,༡
P000246,old,bdfff43b329f4300814a40372e8f5e87,252098,253311,True,\n,False,༢
P000246,old,50004b1ce10844eb8e601f94f6e5b631,258538,260009,True,\n,False,༣
P000246,old,82563b40666d400f8f4019cb325d4d47,268535,270671,True,\n,False,༥
P000246,old,9b19c7ab0eba4bda929b87b81c27a6a2,278976,280382,True,\n,False,༦
P000246,old,0666381b2c0e4dd6bc622eaba366d0e3,286332,287778,True,\n,False,༧
P000246,old,dffc26bb27d24ee49e3645de66edfc08,293823,295154,True,\n,False,༨
P000246,old,3d5b30e40f0f442bb3ce4ab96e2a674d,301927,302300,True,\n,False,༨
P000246,old,d4f2e9abc7554d319656f49e9e868781,303521,306186,True,\n,False,༡
P000246,old,7c848a51b306450889bb5353ae5f42f3,317182,318029,True,\n,False,༡
P000246,old,6016926dc1c94cee837e8a771bc2e9ee,322166,323530,True,\n,False,༢
P000246,old,c1ea7bcb1c4e4bbe945a5dbd7b1b2c64,330510,331383,True,\n,False,༣
P000246,old,91427bd347714afe9959442ac191ec79,340120,341425,True,\n,False,༡
P000246,old,a8353192be954d79b21fd95240ee7698,350270,350522,True,\n,False,༡
P000246,old,0c51b34618a242de88b90bd5ad70389e,352628,354454,True,\n,False,༣
P000246,old,dec31d22531a4a158f20f5dee277ee7c,363411,363544,True,\n,False,༣
P000246,old,a21d2e61b5f14d459a5edb42609bb3a2,379139,379433,True,\n,False,༥
P000246,old,2cb42989913b4f5f9cc031c59c3f030f,381264,382318,True,\n,False,༥
P000246,old,dc8880982cbd42eda975beb2a4404b25,389820,390363,True,\n,False,༦
P000246,old,fef07c16b3bd4da8b1f78864afb054a0,392398,392513,True,\n,False,༦
P000246,old,a930772fcfb2434d8a045ab9345ee7fc,393253,394108,True,\n,False,༧
P000246,old,4150d7ad38754368b389d882e5deeb9a,397785,398019,True,\n,False,༧
P000246,old,31778b3852ee470b8fcfdb3fa3a446b8,405210,406660,True,\n,False,༡
P000246,old,c0cccfb3043c42089044f1b3a5eb626e,414999,415971,True,\n,False,༢
P000246,old,2f253213f5e344b68bafaa366575e615,422479,424194,True,\n,False,༣
P000246,old,bebfdacd738949f38236cb3c2a321033,433723,433852,True,\n,False,༤
P000246,old,0014409eb1a44b1083404b20a226ada6,434968,435319,True,\n,False,༤
P000246,old,65a91e67b5784c088ca3791b63b20516,438055,441359,True,\n,False,༧
P000246,old,de06992270284cd08633235a38aa8aa1,453324,454296,True,\n,False,༧
P000246,old,c937800005d74ea4bfb77ebb2eed7945,458796,459583,True,\n,False,༨
P000246,old,d9ada4efd0114f0d85a2156af64610fd,463039,463558,True,\n,False,༨
P000246,old,f61db8dd6734495aa3ec0cf1f8b5fad7,466672,466788,True,\n,False,༨
P000246,old,c52d3427f22d4ba7a1c5591c622c3a0e,467988,468104,True,\n,False,༩
P000246,old,8a4b524493db4f6898deab7d1a2d2f41,468988,470596,True,\n,False,༠
P000246,old,d4c7955865ad478281b88d037c9b3c78,479250,479633,True,\n,False,༠
P000246,old,6500d384a165400eb8387c6fd1a556bb,481091,481450,True,\n,False,༠
P000246,old,68f246887cd44595bd751e0c761edac4,482900,483020,True,\n,False,༡
P000246,old,047c843dcc264a47addc4574ad815021,483691,484043,True,\n,False,༡
P000246,old,5c11716db611449eb5d708e1daf73f72,485626,486480,True,\n,False,༢
P000246,old,77a1d45e8a13478c858790084267cc2c,489615,490111,True,\n,False,༢
P000246,old,2bc88cc7d7bb42a6816f34ace35915e6,492078,493199,True,\n,False,༣
P000246,old,facc3060be2840dc9d58549e11d54667,497295,498035,True,\n,False,༣
P000246,old,416c86bcc8994372950a7a44e7f08bfc,501043,501166,True,\n,False,༤
P000246,old,2ee343dcf77a4430aeed7df8d5c14d7d,504162,504886,True,\n,False,༤
P000246,old,0e66423d26cb443882f51f6668137bbe,507861,508341,True,\n,False,༥
P000246,old,81f0dd3d4691425281e68764e5d733de,509757,510236,True,\n,False,༥
P000246,old,089ed82809db46d68071835512e5dbb7,520806,521521,True,\n,False,༧
P000246,old,a4b87522c5f7414c9aa509e0e6b0d601,523929,525235,True,\n,False,༨
P000246,old,29c9412b17d6415a9e66ad0abf5f75d3,530048,530421,True,\n,False,༨
P000246,old,412a186eb9dc48efb20dc69c238acf5a,544551,545049,True,\n,False,༡
P000246,old,0f0e537a2531489989ae03d4b8cd6009,545051,545160,True,\n,False,༡
P000246,old,62dc5264a2a044a08224ca567f0c2813,551892,553633,True,\n,False,༣
P000246,old,80d1a185856d44adaf328e8f1eb4f6cb,562479,562839,True,\n,False,༣
P000246,old,e5818f243264413d910b25044a66bfa2,564100,564328,True,\n,False,༢
P000246,old,b59aec8b6fed463887d21465fdb82bb4,566445,567072,True,\n,False,༤
P000246,old,39c37b2d6d9243688751fd58e9efd72e,579585,580195,True,\n,False,༥
P000246,old,b4652676d29b4f4891268bee87c4a927,583082,583425,True,\n,False,༦
P000246,old,5123310cefbe4cf583e94aab9fcae762,586248,587189,True,\n,False,༦
P000246,old,eb3c0345857441ab9233e991f4e81836,592277,592514,True,\n,False,༧
P000246,old,b28c3d92475f49ebaaa6880e290deacb,593705,594279,True,\n,False,༧
P000246,old,19d9e2157d8a4198abc54cd987475e32,596839,596954,True,\n,False,༧
P000246,old,18672789f04f4a338c25edc397afecdf,597716,597966,True,\n,False,༧
P000246,old,0b745bdec23a4f9f88187de5a550ee77,602441,603512,False,ས,False,༨
P000246,old,ee39ddfe21894b9ea9e460c40844772f,604783,604898,True,\n,False,༨
P000246,old,2152a060ddf44f8484bca9145a6775c2,605711,606303,True,\n,False,༩
P000246,old,aa9cb377a0234c429cfab85eb23d3a30,610540,611109,True,\n,False,༩
P000246,old,73d8feecdf144a46aa28d7d5be6029d2,613421,613538,True,\n,False,༩
P000246,old,d473aa898429437cad55752a2872c07f,613998,614360,True,\n,False,༠
P000246,old,3916cc9729974799aeec5669891c01c4,616418,616660,True,\n,False,༠
P000246,old,10d8f28e2fad43f39bd747e3fa696edb,618987,619050,True,\n,False,༠
P000246,old,25ae7256598349608de4b678f77a8312,619529,619757,True,\n,False,༠
P000246,old,72ecc8c36107426593e81a0229082e9c,621419,621535,True,\n,False,༠
P000246,old,0ce9a8bdcebd4907a7a95b8f98cfa3e4,622207,622451,True,\n,False,༡
P000246,old,60eb733782f4445a856dd02e7fe994cb,623737,624324,True,\n,False,༡
P000246,old,517ae4fea8f44184a639662f8fee72b7,628181,628439,True,\n,False,༡
P000246,old,93ab355ce5e6466ca5c5760b7475b627,639961,640729,True,\n,False,༤
P000246,old,8f46ecca0ca84fb79ac6173e8a0ed810,644894,645200,True,\n,False,༤
P000246,old,711f6dbe77024af687c9a361895eb56c,647342,648074,True,\n,False,༥
P000246,old,57bd4ad96a2d47a7bc5e537d3e07f03d,655831,657504,True,\n,False,༦
P000246,old,f818ac8aaef048c8b57e3799b54483d4,676024,676198,True,\n,False,༡
P000246,old,cebc938141984c7da7d841292f5eb910,680186,680679,True,\n,False,༡
P000246,old,71b63732d7494de699a39f05ebb52138,683223,683405,True,\n,False,༡
P000246,old,e62299ea851e4daf9368b80dbfda1665,684792,684981,True,\n,False,༡
P000246,old,1b01fc87296a4863826488fc68ad6b82,686380,686505,True,\n,False,༡
P000246,old,1af27d2939254a37a8b498efc7add47e,687275,687395,True,\n,False,༡
P000246,old,4928a75ef05543b2be0cca4e7a7e2949,688099,688218,True,\n,False,༢
P000246,old,58fa6b652d6041bc8125ac8011c1177c,689563,689672,True,\n,False,༢
P000246,old,caf42df58d914359b64a912e821bcf94,690173,690300,True,\n,False,༢
P000246,old,2bd86b690637425aaa588cc9e9e49ac5,691402,691520,True,\n,False,༢
P000246,old,0f87a835ed684f03b97df314066d4170,692130,692249,True,\n,False,༢
P000246,old,e5bbc9b3e36d420895c4e2cda62d95d3,692736,692858,True,\n,False,༢
P000246,old,272d8877b7ce4aa4b5abb571c7ead4f3,693533,693652,True,\n,False,༢
P000246,old,b187868e79384c5fb9213d94cfac6b14,694065,694179,True,\n,False,༢
P000246,old,6ff70d4276e143048f41fa1016a07447,695993,696111,True,\n,False,༢
P000246,old,492aaf898b604210b97509acb9891684,697000,697124,True,\n,False,༢
P000246,old,79fac7861d384b678d4aa9ce5414c203,697983,698102,True,\n,False,༣
P000246,old,91c2389050df437cb37f06fab65e883f,699104,699216,True,\n,False,༣
P000246,old,70d1680858644355882513ef163ad5b2,699738,699867,True,\n,False,༣
P000246,old,74f0fafa0e0b44849ef7f74d7aaaf116,700775,700891,True,\n,False,༣
P000246,old,a37337accce9425eb0b1690df381d302,701620,701743,True,\n,False,༣
P000246,old,03820401b7a44d47b514a97dcb480405,702261,702373,True,\n,False,༣
P000246,old,1d381f6ff3e04fc6b78599c263673488,702795,702919,True,\n,False,༣
P000246,old,5d7c95ac7c2a4a44836a7c2fec6be812,703883,703999,True,\n,False,༣
P000246,old,ead8c1e49da7438895109f8bbc73ca49,704625,704745,True,\n,False,༣
P000246,old,e0640b3dee0045a3a7cea6fe584be486,705671,705793,True,\n,False,༣
P000246,old,7a3ec23b6fbb44a99cb0c369096f0870,707320,707447,True,\n,False,༤
P000246,old,c9c521bb2fec496e994ffe61d5044abe,709420,709541,True,་,False,ག
P000246,old,8d69d528e3b445ce8c2e1591a08712fa,711015,711132,True,་,False,ད
P000246,old,8cfbc5a4dc8d4a4794ac02b6546bfffe,711616,711726,True,་,False,ུ
P000246,old,5e4cea483e13496098eec7d27446084d,711953,712073,False,ཀ,False,འ
P000246,old,5250ccd2ec7447aa846de974fc91fe8c,712855,712978,False,པ,False,ཏ
P000246,old,67723d436b5d4583b76572e1f9f67417,714000,714122,False,མ,False,ོ
P000246,old,d6a9df7005ec42b89ca77b88edbe1e63,715257,715317,False,ང,False,འ
P000246,old,02b37442629e417288d20cda54093cee,715598,715720,True,་,False,འ
P000246,old,8ac2700847114333a57a6f94e908d545,716446,716569,True,་,False,ས
P000246,old,71b0af8595594331b18b52d6b6e9c4da,717252,717379,True,་,False,ན
P000246,old,7ab844da4d2d4e0ca9b7dc9e5b2f8394,717381,717442,False,ཐ,True,་
P000246,old,12a24e31d82a4fb59a092d46dc160b04,718359,719091,False,ོ,True,་
P000246,old,13140b24a60748c18351b00b992d772b,722764,722829,True,་,False,ད
P000246,old,a51447391b4043ab8366ab8110621368,722831,722891,True,་,False,ཐ
P000246,old,8816c437ef2d4982906f6af0fb0ee805,724555,724680,False,ར,True,།
P000253,old,b30868ae51e04d72902ff217725dd0dc,16884,18891,False,ར,True, 
P000259,old,b5019a7c205b401b8bd44f2a16eb4cc6,69693,69746,True,\n,False,ག
P000269,old,02460fe70212477b988f18c25442390b,51535,51680,False,ང,False,པ
P000269,old,e168ce78f83440d4a114d0026a36bec8,51682,51799,False,ཡ,True,་
P000269,old,8bb5090cf03a42f797a7ee5370f5c2a1,51801,51921,False,ི,False,ེ
P000269,old,1d3680c6acaf438ebf21f9340383943f,52405,52556,False,ད,False,ཇ
P000269,old,1393c8a7d889480eb5cac324c59a5199,56346,56458,False,ཚ,False,ྩ
P000269,old,c5144ff9bd6e44bba6638907926009cd,57879,58049,False,ྟ,True,་
P000269,old,5e626e90dd744d7e86dd511d10f4277b,59516,59637,False,ུ,True,་
P000269,old,baa8000b43e34d14bed17dae40d5546e,59639,59749,False,ང,True,་
P000269,old,1d8b5ec55ed64b29bae5f1f366842d8b,64517,64639,False,ད,True,་
P000269,old,d6cc22553c934da891dab829f2b9d167,64641,64734,False,ེ,True, 
P000269,old,132c5e2c2f0245dbaacc4221acc1b58d,64770,64891,True, ,False,ྱ
P000269,old,57c08c09f32347b7971dd48bdef2c6fe,64893,65022,False,ང,False,ི
P000269,old,bed3ef40811f499c8769be078512350b,65024,65150,True,།,False,ར
P000269,old,29fa0d367cd14957b2276cc822ae61c2,65659,65783,False,མ,False,ས
P000269,old,b6a2770b1c71418a994cfabc8c8dc359,65785,65894,False,བ,True,་
P000269,old,a3fba45fae4b4c62bef038ba9519cc76,66257,66370,False,ི,False,མ
P000269,old,e40756eb818d4a249be0665b8b9c4291,72286,72406,False,མ,True,་
P000269,old,cf2410545a404e8e9515f0cedfd9b1c8,72408,72468,False,ི,False,བ
P000269,old,ccd5426af3c64627a6387eaed4011bd7,72671,72818,False,ད,False,ི
P000269,old,8262c5c5b9e34f9d8688b141d4f8e727,72828,72885,False,ར,True,་
P000269,old,67e0d905567346a0be693328823b2770,74275,74403,False,འ,True,།
P000269,old,c66c8c60f8b94a008580e5276403939d,74405,74526,False,ད,True,།
P000269,old,6d98f491651c4982b1cc093925216307,74528,74589,True,།,False,ན
P000269,old,9c9cd1cca17e454497a82eb736d4f4d6,76902,77029,False,མ,True,།
P000269,old,5625358067de472b9eb7be8283ae193d,77049,77185,True,་,False,ག
P000269,old,71459fced7ca477db11d8052ca7bf02a,77286,77474,False,ར,True,་
P000269,old,670f847cf00246c399f7bb36a8a54fa0,78964,79079,False,ྱ,False,ས
P000269,old,5952447e65e94bf49353789b96c5a281,82210,82364,False,ས,False,ི
P000269,old,70751e38f371426bbd9cc199ffde9972,198180,198232,False,ཚ,True,\n
P000269,old,94ca42286c254dee82e718fa0064f3bf,198259,198345,False,ག,False,ང
P000269,old,f400e83ef88f475b8b94302ca0148338,264448,264597,True,་,False,ཡ
P000269,old,dcec49d6040e4b7d90f8ed0bd66d2840,265481,265650,False,ོ,False,ས
P000269,old,71365ff803fb4511a887d66e26f4c0be,279655,280795,True,་,False,ག
