layer,pecha_id,ann_id,start,end,length,text
chapter,I07ECF0AE,cbb4e12153f4432a8bb807f9a6ea74e9,5851,5853,2,༼ཀ
chapter,I07ECF0AE,0df859024ec340baafdf37999e564ee4,7378,7380,2,༼ཁ
chapter,I07ECF0AE,468e197f65fd4b66bf203a68fc3efe7e,7995,7997,2,༼ག
chapter,I07ECF0AE,470c0d93c1904701bfc5774b5cb9440f,9362,9364,2,༼ང
chapter,I07ECF0AE,d279b30431b54b7fb5846cf54a1c7abe,9914,9916,2,༼ཅ
chapter,I07ECF0AE,87f2a353fc6a4bddb29c20d98d607ec5,10616,10618,2,༼ཆ
chapter,I07ECF0AE,e8b6a16314ad494ea4bddd3c9e91ae16,11243,11245,2,༼ཇ
chapter,I07ECF0AE,3fe81de180444c1abbda42ff01659cf6,11646,11648,2,༼ཉ
chapter,I07ECF0AE,79b878a27be94c76b149afbd720d2896,12478,12480,2,༼ཏ
chapter,I07ECF0AE,8e00189af4e745c48c718c8a891630bd,13486,13488,2,༼ཐ
chapter,I07ECF0AE,1cb38b79c05642a88a525d04e2f8a673,14031,14033,2,༼ད
chapter,I07ECF0AE,c8691b207cd047d9a660eec0d8a3f7b8,14998,15000,2,༼ན
chapter,I07ECF0AE,ef0cb57024434fe18e9023a24c39fdee,15700,15702,2,༼པ
chapter,I07ECF0AE,f45c8a752fe54329a2248d7d76d60280,16183,16185,2,༼ཕ
chapter,I07ECF0AE,acd155d26d0c4a0f8fa047367c4bd4ef,16843,16845,2,༼བ
chapter,I07ECF0AE,191ae6cc6018496c87c1f59fb7e9c757,17220,17222,2,༼མ
chapter,I07ECF0AE,9092b671380d464ebd5ef41c68e92b95,17759,17761,2,༼ཙ
chapter,I07ECF0AE,b920fa0d5eac43e58f1f8957e9cd30e7,18557,18559,2,༼ཚ
chapter,I07ECF0AE,3d26d9ce84de4a03b9e584cda5f900f7,19138,19140,2,༼ཛ
chapter,I07ECF0AE,2a70ca3ffd4b4e67b616ab871c0c3de8,19487,19489,2,༼ཝ
chapter,I07ECF0AE,ef7d851259d34e53a4ed3c1a8f60ba93,19568,19570,2,༼ཞ
chapter,I07ECF0AE,b163458aea1f43a191c57444f1ae4d14,20088,20090,2,༼ཟ
chapter,I07ECF0AE,875fc6c972504b27b2d0880aa4bc9971,20567,20569,2,༼འ
chapter,I07ECF0AE,28f322bdc57c4d33a923a2ba37cc42c7,20632,20634,2,༼ཡ
chapter,I07ECF0AE,e020a4fd4be14596921fe247bbc0d714,20838,20840,2,༼ར
chapter,I07ECF0AE,72c48ddf30244dee99c2dd614d3ed701,20983,20985,2,༼ལ
chapter,I07ECF0AE,0e387cb23a1643569157efe2e8c787a6,21090,21092,2,༼ཤ
chapter,I07ECF0AE,c8df0716f1e74561ba62938f97ceac73,21511,21513,2,༼ས
chapter,I07ECF0AE,c36d53751c24476d9aff51e98c2cbc33,22424,22426,2,༼ཧ
chapter,I07ECF0AE,e6341399225b406e9800507b53857350,22602,22604,2,༼ཨ
chapter,I07ECF0AE,37ea9f18aa9b497baf7e2f6d28523e11,32619,32621,2,༼ཀ
chapter,I07ECF0AE,0a647f45f06648f59204a9e465361632,36411,36413,2,༼ཁ
chapter,I07ECF0AE,53c1659908354c80b9e318f0158d1c51,37787,37789,2,༼ག
chapter,I07ECF0AE,e827bbffb9674effae47072de2703e80,40967,40969,2,༼ང
chapter,I07ECF0AE,e8fe92e2a1934d4b8fec889eb3d6df53,41968,41970,2,༼ཅ
chapter,I07ECF0AE,2136f0df43fd475581fc2b7991e7ecc8,43272,43274,2,༼ཆ
chapter,I07ECF0AE,7e1c020bf22a4401b5ed0ee350d4dd84,44546,44548,2,༼ཇ
chapter,I07ECF0AE,06566552eca3463e9a651b4f05da1ade,45320,45322,2,༼ཉ
chapter,I07ECF0AE,1f24901d91aa4e35a8e28e43c6964533,47023,47025,2,༼ཏ
chapter,I07ECF0AE,0de3b65770d54e9f856ff833f6dfe146,48867,48869,2,༼ཐ
chapter,I07ECF0AE,2ff7ebc3c02c43f2be8f8b939086f35d,50036,50038,2,༼ད
chapter,I07ECF0AE,e9acf794b95f4f80b6369ceda17f4e9f,52057,52059,2,༼ན
chapter,I07ECF0AE,a442194d73284f9d8b70448a77d7ee9c,53318,53320,2,༼པ
chapter,I07ECF0AE,0cdc60f7f1af4a27871e44fe1138a4cd,54297,54299,2,༼ཕ
chapter,I07ECF0AE,08c0b5c1432144919f4a148d4c8025be,55834,55836,2,༼བ
chapter,I07ECF0AE,7fa7b70d15e64a31bd6977b1195ee2e1,56878,56880,2,༼མ
chapter,I07ECF0AE,fd34ba920f6442afb8334e59c6d631af,57939,57941,2,༼ཙ
chapter,I07ECF0AE,86b9e5abafbf473f883cfcd9e5591f07,59322,59324,2,༼ཚ
chapter,I07ECF0AE,b5adfbc4dc3c41c68e54b97d6d2bc80b,60356,60358,2,༼ཛ
chapter,I07ECF0AE,8bca3146344d49ba97df5dd6cc830ee6,60916,60918,2,༼ཝ
chapter,I07ECF0AE,ff383475430c4b7592b250e0c090657b,61202,61204,2,༼ཞ
chapter,I07ECF0AE,26ee1f2ce51649428e4b949caf091803,62281,62283,2,༼ཟ
chapter,I07ECF0AE,5ce29be86f6c4ee082324bf03b93d5b6,63435,63437,2,༼འ
chapter,I07ECF0AE,2177ff6cbbc5419a8172ee79641847e9,63630,63632,2,༼ཡ
chapter,I07ECF0AE,91a262d7bf004c818485407c452b8687,64334,64336,2,༼ར
chapter,I07ECF0AE,67281bac06b84f299ae8585de766843f,64678,64680,2,༼ལ
chapter,I07ECF0AE,2f9597664b6b4bf7a8ccef86cd45f6f1,65062,65064,2,༼ཤ
chapter,I07ECF0AE,8152c5cc430a47799f117f25e4de8af5,65859,65861,2,༼ས
chapter,I07ECF0AE,21bbc171076e40e39fa1b37e3806af2f,67605,67607,2,༼ཧ
chapter,I07ECF0AE,39724a04bbff421c85bb4a01508b84ec,68055,68057,2,༼ཨ
tsawa,I1637B774,bc4bb86884bb4857a036ba19dcd56add,2536,2538,2,ཧོ
tsawa,I1637B774,494de3aa36e244729f68d318b91175c1,2810,2813,3,སྣང
tsawa,I1637B774,a00e49f815c4454c8fada4e64b577513,2859,2863,4,སྲིད
tsawa,I1637B774,ff617e5ad36c4faea3d98145c8ee3028,2888,2892,4,འཁོར
tsawa,I1637B774,413abd7d988b47c097b0d6e27c686f0a,2981,2984,3,འདས
tsawa,I1637B774,2697a504a80645f0b3007c48bd8436a7,3624,3628,4,གཉིས
tsawa,I1637B774,cbe548da31764e378bfa35505aca176c,3901,3904,3,བཏབ
tsawa,I1637B774,a3dc4149b7184a0fba7507a00016c82a,4099,4102,3,ཤོག
tsawa,I1637B774,6ee698bdb6904c399a801a2871647f1c,5039,5042,3,ཉིད
tsawa,I1637B774,cce0e47ce8f44c9188a708c2c3bf653f,5130,5132,2,ཏེ
tsawa,I1637B774,118c65449b74471e919f1c235b9c791c,5639,5642,3,ཁམས
tsawa,I1637B774,774c0096c591484da4ad010d81c21fe4,5650,5654,4,གསུམ
tsawa,I1637B774,9e4f3d7126114476abfec2dd2115a3c9,5678,5682,4,སེམས
tsawa,I1637B774,535d861329a649b0a22c15f2c6af62fd,5714,5716,2,ཅན
tsawa,I1637B774,d73ceddd94ea4636bbad87ba550df0b4,6873,6876,3,མེད
tsawa,I1637B774,cb8a6bb2558a48ab9e6dda4bcae21433,7055,7059,4,གཞི་
tsawa,I1637B774,4dc1febb3a384ce3a09c5c9b18f569f0,7590,7592,2,དེ
tsawa,I1637B774,529bfbe38a9a4f35a151f1d52c2143e9,7791,7793,2,སོ
tsawa,I1637B774,57b2120740484d349bc87433ce45c4a5,7822,7826,4,སྲིད
tsawa,I1637B774,7d0cd56c30da4a58ab14a75f8631619d,7829,7833,4,གསུམ
tsawa,I1637B774,a4ea8ab45a4f4587b2aa4ad446d849d5,7880,7883,3,མེད
tsawa,I1637B774,04ed6761fb63442396a50c18562bb6f1,8054,8058,4,རྟོག
tsawa,I1637B774,fe85e05370bc47a38f9a167c0357176c,8083,8086,3,མེད
tsawa,I1637B774,05ef4247ff3841eaac8f37bf2993d6d3,8131,8134,3,ཤེས
tsawa,I1637B774,c27fff4ee8ef4403acb93e4ae33b278b,8155,8156,1,པ
tsawa,I1637B774,af86bbd0ae4740dbbec9e6038fecc972,8183,8184,1,ལ
tsawa,I1637B774,ae0fe164fb27461e8fbaf51df39a208f,8196,8200,4,གདོས
tsawa,I1637B774,84735855842f4b11900a1b4e8286d5f0,8421,8424,3,མེད
tsawa,I1637B774,9edd9c0bceaf481c8af22da94f6e7dfc,8653,8656,3,གསལ
tsawa,I1637B774,b79edc41312a44d68723dc28e40d51ed,8771,8775,4,གཅིག
tsawa,I1637B774,007da61b815a41b0a39949444b334497,9186,9187,1,ལ
tsawa,I1637B774,2edbd07f0e4f43468248915a564623ce,9272,9274,2,ལྔ
tsawa,I1637B774,d6f6a59833174bc88a21d6c6e25e896e,9746,9750,4,རིགས
tsawa,I1637B774,2af5280d90f24d0fbd5241db0b321d39,9768,9770,2,དེ
tsawa,I1637B774,06c9c9ab66b2494ca98600f429ce158b,9780,9782,2,ལས
tsawa,I1637B774,9b070c9187c54da8b4d1fb86054c7943,9850,9851,1,ས
tsawa,I1637B774,61993d91ca94456c9db06061ca00160e,10929,10932,3,གཞི
tsawa,I1637B774,9d1bc471fd7a494083dfb39965dddae3,10944,10947,3,རིག
tsawa,I1637B774,b59c5ee9927d4c88b99b94d5df6ca5db,11281,11285,4,སྨོན
tsawa,I1637B774,b040936fcbd64841a9b103bdf44b5224,11302,11304,2,ལམ
tsawa,I1637B774,d2ef3f069ffc41249a0a93be11124ee1,11357,11360,3,ཡིས
tsawa,I1637B774,1e420f09284a47bf9c2cbc2c4ac9d8fe,11523,11525,2,ནས
tsawa,I1637B774,e7586265804d40819d35e8b3813e3e10,11597,11600,3,མཐའ
tsawa,I1637B774,1d9eef6e40c34df6b20771b446d0ed02,11614,11618,4,རྒྱས
tsawa,I1637B774,a19d043f1c664ab4811d8575395573bc,11622,11625,3,ཤོག
tsawa,I1637B774,ad82fccc37ee4ba793a750234ed07bba,12366,12370,4,ང་ཡི
tsawa,I1637B774,08164451282740f0996c695839fe068e,12658,12662,4,གང་ལ
tsawa,I1637B774,6b1483abe84b41c99e53c4cc600a3c1b,12672,12674,2,གང
tsawa,I1637B774,13a0c548500044d9882d1865df1804b9,12679,12683,4,འདུལ
tsawa,I1637B774,c33dbdd8672c4059be010f1fa77d12f2,12709,12713,4,སྟོན
tsawa,I1637B774,4e29002cb879409fbb9e7b0ca839b2cd,12947,12950,3,ཀུན
tsawa,I1637B774,7c91f42bab3a4640851709d61fbf263e,13025,13028,3,གནས
tsawa,I1637B774,ab3e7e3b69c74f66a01fa3b201de1dca,13829,13833,4,དང་པ
tsawa,I1637B774,32924ff741ff41fa919a0434b82d0993,13975,13978,3,མེད
tsawa,I1637B774,222f05a0e5a84e9284b6646f99645aa1,14056,14060,4,དེ་ཀ
tsawa,I1637B774,483ddc83f5464ccd8f871eb6d4cf17a0,14117,14121,4,རྒྱུ
tsawa,I1637B774,f254948e889f4d6f801302b1e501af44,14172,14174,2,དེ
tsawa,I1637B774,5b78025e89b44c9eaa4f32fbb86391e3,14201,14202,1,ལ
tsawa,I1637B774,8dcfa1cd71be4f01a4a21b2751cccd16,14255,14256,1,པ
tsawa,I1637B774,a3727197a20946a8a3f168e8f306bb8a,14280,14281,1,ལ
tsawa,I1637B774,a8a4a9efc3694ac29da3b8ac2fddf916,14883,14887,4,འཁོར
tsawa,I1637B774,3064dede026e4654a70ef66d31a1dc40,14900,14901,1,བ
tsawa,I1637B774,8a4d4744ffb84eca808a691432a32237,14918,14922,4,ལུགས
tsawa,I1637B774,222963c07e6b44e5b9dcd554da50b7b0,15012,15013,1,ལ
tsawa,I1637B774,cd534d90c1bd4164a9beee7d68760144,15065,15068,3,།དེ
tsawa,I1637B774,ed404dd46ad04935937b32f747c1229d,15072,15076,4,ཕྱིར
tsawa,I1637B774,40508b6181ef4a66b9b572a78c9af4ca,15140,15142,2,གཞ
tsawa,I1637B774,81080b57e3c442538c1ca1e0483692ab,15147,15150,3,དྲན
tsawa,I1637B774,76f5d88a3dcb4765b1d4863a3a7170c8,15166,15169,3,མེད
tsawa,I1637B774,6823d0ce1bd0433db2c4be8cea3317d8,15257,15261,4,ང་ཡི
tsawa,I1637B774,aba07d4b5fa4401596fa612f7a5b5603,15297,15300,3,གྱི
tsawa,I1637B774,c5bbe61961d24362a030e8e58fe58f55,15317,15318,1,ས
tsawa,I1637B774,9b4fb6bac3cd410abfd07280f81a03ea,15354,15356,2,རང
tsawa,I1637B774,d042c69591b543ed8dfd5d2a944502fe,15360,15363,3,ཤེས
tsawa,I1637B774,d1efb4c9b19d4bf283a841412584bd41,15408,15411,3,ཤོག
tsawa,I1637B774,f6a21247818c4dae8f55f044a9096f0f,15637,15640,3,དྲན
tsawa,I1637B774,2e7eacc9ca694c2bb747dd0d634ace36,15643,15646,3,མེད
tsawa,I1637B774,5e1e91c31d1348ed8ef316347d56f758,15656,15660,4,ཡེངས
tsawa,I1637B774,ca8de286eb2142ee9519389968746da2,15672,15672,0,
tsawa,I1637B774,dafbf2fde7414957847f5d5c1a7cf7d2,15684,15687,3,ཡིན
tsawa,I1637B774,5f6d5b7fbbf24bf587c7709f3abdaf1b,15855,15859,4,གཉིས
tsawa,I1637B774,fa00275bf7a347eca510d0da17b23be0,15964,15968,4,ང་ཡི
tsawa,I1637B774,3f8c03ce4b914eb1a387d094d33dbf42,16036,16037,1,ས
tsawa,I1637B774,6677fc261e2b496693e1b2ee5d4c0b02,16135,16138,3,དྲན
tsawa,I1637B774,66d4ec26106149ffbc47fa91952c102f,16141,16144,3,མེད
tsawa,I1637B774,c4f26370a7794f51a330de0e7ec0beba,16199,16202,3,པའི
tsawa,I1637B774,76eb8bc66d3241af90aa7afd8242acd8,16241,16244,3,སངས
tsawa,I1637B774,cd50bc2aa92f43769c2883cd2550dac8,16289,16293,4,ཤེས་
tsawa,I1637B774,05d623dc435b4c17b0a5fdbeb961d448,16322,16326,4,དྭངས
tsawa,I1637B774,72d9f99399fc4b4ab7b6805b8a4b67ce,16357,16359,2,རང
tsawa,I1637B774,04822b7cc74b4623a7636e900f8a8e00,16363,16366,3,རིག
tsawa,I1637B774,ea3ce502abbc4b4eb5b389bed3efd82d,16432,16436,4,ཤེས་
tsawa,I1637B774,da99d62d25dc4d8ba6c6b028a186d087,16726,16730,4,གཉིས
tsawa,I1637B774,9a00c720e0b0425b80ab74e5805595c1,16734,16738,4,འཛིན
tsawa,I1637B774,693a0fede68045a0856141e405818279,17258,17261,3,ཡིད
tsawa,I1637B774,19ef54d47aae48b7be50c6801475c558,17272,17275,3,འོང
tsawa,I1637B774,8544f8bbf23e4c9fa43e6a473cae6401,17280,17283,3,ཆགས
tsawa,I1637B774,745182ff12724d8ea17234dd22d6dcf8,17373,17377,4,འཇིག
tsawa,I1637B774,3e4af194382b438e8e78942fd0630c4d,17748,17750,2,ལས
tsawa,I1637B774,46ac1dacdc6e418088ed4dbd761bd000,17800,17802,2,འི
tsawa,I1637B774,25bf36ff7fa84048906be10ddf10a48b,17871,17873,2,སུ
tsawa,I1637B774,c8f48dbc208f45a8b2890cbea444c123,17900,17904,4,སྐྱེ
tsawa,I1637B774,6cc2e57d04d742e5bb36226886838094,18180,18184,4,ང་ཡི
tsawa,I1637B774,9933b8c70fd046c3876585eb966bdedc,18578,18582,4,ཕྱིར
tsawa,I1637B774,20142033658040aea8a120eacb4576a8,18984,18987,3,ཤེས
tsawa,I1637B774,11a91ce275a54a96b8ba1868d21253a4,19503,19507,4,གསོད
tsawa,I1637B774,0719613cce134612bd96e633af89cebc,19639,19642,3,བཙོ
tsawa,I1637B774,870cce2b2ef9482e81f6a016102b12ce,19800,19803,3,གྱི
tsawa,I1637B774,434a799d80a34586ac2ab35522a9ce98,19905,19909,4,ཀློད
tsawa,I1637B774,89e1af48dcf0458b8a7e42b1bc375f4d,20101,20103,2,རང
tsawa,I1637B774,f31f571066c44e12b736bc782f82505e,20646,20648,2,ཚེ
tsawa,I1637B774,cd76796dd89441bf8c811746d4b51032,20711,20715,4,ཀློད
tsawa,I1637B774,11e16b696975498ba730cd4c0fdcb407,20813,20816,3,ཤོག
tsawa,I1637B774,8b2e68f657e24e1582cf391c40fc3233,20975,20978,3,གཞན
tsawa,I1637B774,f4dcb2647484455f9663d6dcb32d3bd3,20988,20991,3,སྨད
tsawa,I1637B774,c3ca12c2f5684eee98df616f6326e22b,21033,21035,2,ལས
tsawa,I1637B774,7422997a055a43cc8e15dc4033593daa,21514,21518,4,འཛིན
tsawa,I1637B774,76c4467b5b344361a96dcf9252f2e185,21679,21682,3,མེད
tsawa,I1637B774,9b099d8e905945029c5eed722dbeaced,21731,21734,3,ཤོག
tsawa,I1637B774,7a44699d679a465eb8349c5baac53f71,21829,21832,3,དྲན
tsawa,I1637B774,a237b1ba718e4ca2bcfce0d372468632,21835,21838,3,མེད
tsawa,I1637B774,472f99d63fd04931a53515382eb95f52,21945,21948,3,དང༌
tsawa,I1637B774,d0ae8929e1064d9da3305d95edc246c3,21977,21981,4,རྨུག
tsawa,I1637B774,3cc66bb04d97434980d2185995e423fa,21992,21995,3,དང༌
tsawa,I1637B774,90eb0b5ef4034b69afca4aad7ee040e8,22052,22055,3,དང༌
tsawa,I1637B774,a84121f0eb274db3a03ee096f7bf9b52,22125,22127,2,པས
tsawa,I1637B774,dde9932aa09d404590e937502e33c238,22309,22313,4,ང་ཡི
tsawa,I1637B774,ff24a2ebf33c45df9c692c5d48a0ac1c,22440,22441,1,ལ
tsawa,I1637B774,74a169bd45c74e84a910ae4683069a19,22503,22506,3,གསལ
tsawa,I1637B774,a4b275507c384dc9aec905fcc58d029d,23405,23408,3,མཉམ
tsawa,I1637B774,23b0c66b31024136bb36313f3713eebc,23631,23633,2,ལས
tsawa,I1637B774,82f33c9ae05044d29554da79cb316068,23643,23647,4,དྲུག
tsawa,I1637B774,e9a914c6c25148549cd2530ce154f7e6,23763,23764,1,བ
tsawa,I1637B774,7f72e5fc753e44aba656bb2362476724,23768,23771,3,འདྲ
tsawa,I1637B774,e7c748071c844a67ac5bd42e46c741af,24274,24276,2,འི
tsawa,I1637B774,b28c15bf649e4895a3ee751dbfa2dcdd,24328,24331,3,གྱི
tsawa,I1637B774,3130074a70ce423a998df665fdb5dfdf,24345,24346,1,ས
tsawa,I1637B774,88f7bd4a01d84e2d976e600cd84bf1a2,24483,24485,2,སུ
tsawa,I1637B774,54622104ce0a4fecbcf3a7663d6b41f1,24493,24496,3,སངས
tsawa,I1637B774,74d234ba6e91494e9555666eb8acb482,24537,24541,4,རྒྱས
tsawa,I1637B774,205598c1bda740bca837e5143f574c45,24564,24567,3,ཤོག
tsawa,I1637B774,f68bc69d6e104cc7a1cd45caf8ad5310,24872,24876,4,ཨ་ཧོ
tsawa,I1637B774,abcb43bf03ed489c8060f49939fe8c6b,25184,25186,2,ནས
tsawa,I1637B774,1a80b89a7e8745c0bd828574df9cc4cb,25406,25410,4,མངོན
tsawa,I1637B774,a64d3ecb8a364a2ba6825ba23566c115,25668,25671,3,དུས
tsawa,I1637B774,7f5d21a91d6d41a1808bd9c9dd556207,26332,26334,2,འོ
tsawa,I881A57E8,c6a39a0a905d4acb9096b93f123e3033,44054,44058,4,ཞིང༌
tsawa,I881A57E8,53e19c0cdfc44547b76f71d9ab0ba2e2,44066,44069,3,གཞན
tsawa,I881A57E8,e64293eb37504e5ca987d17676c10b38,44171,44174,3,རྣམ
tsawa,I881A57E8,41ed7ccfea174890a8b5ce19dfeee96f,44388,44392,4,ཀྱིས
tsawa,I881A57E8,914998b966cc42e9bce09ca0be60d739,44427,44431,4,ཕྱིར
tsawa,I881A57E8,f0f02beb3fd443f7a026d17b738cf52d,44488,44492,4,རོ། 
tsawa,I881A57E8,f71fa1d650ff41ffb8acf99c9b90c11a,44494,44498,4,དེ་ལ
tsawa,I881A57E8,9a364b8207824139b1c2e48e184b9207,44609,44612,3,ཐེག
tsawa,I881A57E8,88c5872da66d48a88d923c99696ea06e,44830,44834,4,གཉིས
tsawa,I881A57E8,d03e05fb399b46c28dbb557304a299b3,44979,44982,3,མེད
tsawa,I881A57E8,d555105360584995b62c84bc9f3537ba,44998,45001,3,སྣང
tsawa,I881A57E8,497ecbc595064a83a65c7e191a501ce8,45006,45010,4,ཕྱིར
tsawa,I881A57E8,344f2d8bb0b64c08b1af7ea241587bde,45135,45138,3,དོན
tsawa,I881A57E8,fcf650ffd74249e2ad57438bc0ce8879,45165,45169,4,རྟོག
tsawa,I881A57E8,c8126acc484241e8b789f27499be2516,45303,45306,3,དང༌
tsawa,I881A57E8,2932d286aff34c4fafb517770865c04a,45366,45369,3,ཁྱད
tsawa,I881A57E8,3ea6dfb9854247bb92fb83eddc7e16b3,45380,45383,3,མེད
tsawa,I881A57E8,af9015bef2794281b0ed18789ab2831c,45503,45505,2,ནི
tsawa,I881A57E8,be674aacda0942d0a3d3e4b534e53629,45696,45699,3,སྣང
tsawa,I881A57E8,2f8338f05faf4d17a4dd122cbb2051ec,45732,45736,4,ཞིང༌
tsawa,I881A57E8,f9700245419b43338220fdb468daf842,45795,45797,2,འང
tsawa,I881A57E8,5a9d7e5f6c864e8fa1690726c06f0f38,45834,45837,3,མེད
tsawa,I881A57E8,c374c583c83b406c9f8d3941329fb2b4,45852,45855,3,སྣང
tsawa,I881A57E8,ad7e8bf3ac2e4c31a8c4a6923cad6631,45858,45860,2,དག
tsawa,I881A57E8,51af348fbbab4d77bc061a9f6f7cec8e,45944,45947,3,དང༌
tsawa,I881A57E8,5bf4412c94354730bf1ba258f0a42107,46061,46065,4,གཅིག
tsawa,I881A57E8,58ad0d0907034cbdbcf1b49c33bcc21c,46272,46274,2,དང
tsawa,I881A57E8,1ba0ccee796546b28abe0ec3d0a27232,46334,46337,3,མེད
tsawa,I881A57E8,56b7b29a5260490a8abdb42a9b3fe0ff,46457,46460,3,སྟེ
tsawa,I881A57E8,194b4adbf23a4f30a13a75faf4e25451,46534,46538,4,གྲུབ
tsawa,I881A57E8,cef65c8d031e484f9f31037c2499f7ad,46619,46623,4,ཞིང༌
tsawa,I881A57E8,b5a72ae85d744beb906aaada66ff699a,46713,46717,4,གཟུང
tsawa,I881A57E8,9db566e44040441a824e03ea92c2d116,46799,46801,2,པས
tsawa,I881A57E8,32d06da95c454f4c890b145ff601d8d5,46829,46833,4,སོ། 
tsawa,I881A57E8,d3611cc3a1e94f4bac5517ea65bd63c3,47025,47026,1,ན
tsawa,I881A57E8,794994d2a40242e7ad032fe89bd4260c,47088,47091,3,གནས
tsawa,I881A57E8,8f69bd74a72140fdb3ff9efe794d978e,47308,47311,3,ཡིན
tsawa,I881A57E8,49b82493e3ce4039aa3bca6f69900124,47329,47332,3,ཁམས
tsawa,I881A57E8,fb1515e80afa43f28b794e045250a1bb,47354,47356,2,ནི
tsawa,I881A57E8,26bc6ccefdeb47959146afada5046bde,47617,47620,3,དང༌
tsawa,I881A57E8,4243dea735a8430b8ff27c207f008a00,47781,47784,3,གནས
tsawa,I881A57E8,bd21c6a14b764ffbb9e6bffed0080d7a,47829,47832,3,དང༌
tsawa,I881A57E8,de506407f375440fbb3331104cb91560,47886,47889,3,དང༌
tsawa,I881A57E8,49e2e8a8410a42a8afb106dd12f6e54e,48493,48496,3,གཞན
tsawa,I881A57E8,15dfa730975a4a29824204d6339a84f7,48546,48548,2,ནི
tsawa,I881A57E8,a40da4c3ba8448cd803996bbdd098cdf,48614,48617,3,མཉམ
tsawa,I881A57E8,53fe02367be24f95914eff1bdfa0732f,48796,48799,3,སྣང
tsawa,I881A57E8,b36eff79718442a5a079829fd35e297e,49006,49009,3,མེད
tsawa,I881A57E8,75f7e7100e1f4fc3837107a83e6a1467,49259,49262,3,ཐོག
tsawa,I881A57E8,300dab0e8e1d4c69ad3a17cbc4dcabe2,49507,49511,4,རོ། 
tsawa,I881A57E8,2098e5ff455a4df8bbb81480cb780d05,49641,49644,3,དང༌
tsawa,I881A57E8,fed5becde800475f85530d5228856072,49664,49666,2,དང
tsawa,I881A57E8,477eeec4583d461c84ceb08105c0851d,49861,49864,3,མདོ
tsawa,I881A57E8,ecd69e55bc9a410496b01c13f3f48c2d,49895,49899,4,བཞིན
tsawa,I881A57E8,9683e6e37f6f4d2ca4fc69538e160f66,50040,50044,4,དོ། 
tsawa,I881A57E8,2fb59514e20b40df985f64e163566b85,50188,50192,4,དོ། 
tsawa,I881A57E8,f2d2965be3c742c1840c55be826c07f5,50240,50242,2,ལྟ
tsawa,I881A57E8,836a51f8d8604c89b212af791771552d,50245,50248,3,ཐོབ
tsawa,I881A57E8,1e1a6e0ff51b4922bc145d29b92c0ca8,50620,50623,3,སྟེ
tsawa,I881A57E8,77c8e2ef16e44ce18fa34a0db3732439,50986,50990,4,གྱུར
tsawa,I881A57E8,dc0fd4ba031c4ef4854b909daacaec1f,50993,50994,1,ལ
tsawa,I881A57E8,fdb5c38aa2c54696a2f6c1004bcf42c1,51288,51292,4,དེ་ལ
tsawa,I881A57E8,7c39561cc5344d4abae9bb6e52617c06,51483,51486,3,རྫས
tsawa,I881A57E8,1b1e7d3c67e04aec835aa793d475227d,51580,51583,3,རྣམ
tsawa,I881A57E8,8c299b1cc71d4827ae57f33a40a284b5,51587,51591,4,རིག་
tsawa,I881A57E8,38040c84a14c4d3fa26f27b55ecd2011,52489,52492,3,སྐུ
tsawa,I881A57E8,d8cd476ce7034c5e82f84c82e2210fb2,52583,52586,3,དང༌
tsawa,I881A57E8,d89df7e3e90b419aa9ac81618940caeb,52793,52797,4,དགོས
tsawa,I881A57E8,105700593ab242348843cc3ddbaf43af,53179,53183,4,རོ། 
tsawa,I881A57E8,f3baedc22f2342ad9e9f07a6c04ba3dd,53405,53407,2,དང
tsawa,I881A57E8,d84e92545ace49abb42ac6529529c6da,53701,53703,2,བྱ
tsawa,I881A57E8,ca9def4b0c4a4f21b4762b6e8e4d6146,53982,53984,2,དང
tsawa,I881A57E8,dc2a7a1c9a5e401dac4f44d0424fdbe0,54038,54041,3,དང༌
tsawa,I881A57E8,ce6e888bb6864434a3c17b04a673d581,54079,54082,3,དང༌
tsawa,I881A57E8,b83fc0ac44a74b44a513caf6fa799788,54158,54160,2,སོ
tsawa,I881A57E8,731b33ba0ccb473aa8d37960afb258ed,54462,54465,3,དང༌
tsawa,I881A57E8,4b5367cfefcd4c308a8fd91e77fa028b,54571,54574,3,དང༌
tsawa,I881A57E8,4aaaf9c099564bfeb82d62e09be5e061,54652,54656,4,འོ། 
tsawa,I881A57E8,0a23c948550e4be188774414437af488,54707,54709,2,བྱ
tsawa,I881A57E8,ee6ef109e1b343529c20fdc9457fe2b6,54978,54982,4,གཉིས
tsawa,I881A57E8,4887e73999aa40d38df63c3210e6f4ba,55076,55079,3,ཡུལ
tsawa,I881A57E8,e0568709edbb4671a9a9a7f4a388df53,55157,55160,3,མེད
tsawa,I881A57E8,63f3f6cb63f64f20b8ea9bfcea99d545,55165,55169,4,ཕྱིར
tsawa,I881A57E8,60648a3867ae48b789226f433d83ecd0,55225,55229,4,བརྟག
tsawa,I881A57E8,a80500d1f48d4d04ace8573dd1967c20,55440,55443,3,མདོ
tsawa,I881A57E8,f6e1ee3f7fa0429e886c9f6cc4c88c44,55587,55590,3,མཉམ
tsawa,I881A57E8,4f5eb7a9b1914951b9784065f0da5cc2,55993,55997,4,སྟོན
tsawa,I881A57E8,9d198affdf8946fd8a31e3fc4deb6d73,56408,56410,2,ཏེ
tsawa,I881A57E8,0c8eae550f5244ed974d2cbcece0abac,56490,56494,4,ཡོངས
tsawa,I881A57E8,b0ab6b085c334ddfb3602d13ea45cab8,56961,56963,2,དང
tsawa,I881A57E8,6c2cc7ec432c4dc4beda314392c5ba28,57146,57150,4,སྤངས
tsawa,I881A57E8,00d9cd852ea346bcbbad5d1fb9d3bd09,57294,57297,3,དང༌
tsawa,I881A57E8,38941454b5044d6b9127f3fbcdf520ca,57469,57472,3,ཐ་མ
tsawa,I881A57E8,905f420ffd6d4398a77a5039372d9afc,57514,57518,4,རྟོག
tsawa,I881A57E8,84f249c4b03b40b294e8fada8c05172a,57670,57673,3,དང༌
tsawa,I881A57E8,995fa9602a0b4e5aaddc86d004f12470,57863,57867,4,བྱེད
tsawa,I881A57E8,4dc40bcad9e4462c80270024a5007bd6,58031,58034,3,རྣམ
tsawa,I881A57E8,0f49b6fee3974c23a29c0be617a962ea,58037,58039,2,ལྔ
tsawa,I881A57E8,06490a092f20419e926326f86222755c,58153,58154,1,ལ
tsawa,I881A57E8,3aa6535684814976b2c0030a957eec1c,58332,58336,4,ཡོངས
tsawa,I881A57E8,d7abb0cce729413aad5d4a5e2e648963,58431,58434,3,མེད
tsawa,I881A57E8,840775ce9b20443c81247f623b83e1c2,58440,58441,1,པ
tsawa,I881A57E8,38f7d4ff054f4671a217c842224c6180,58938,58940,2,ལས
tsawa,I881A57E8,dc96f1b398c747a5a75c59ebcf089791,58949,58952,3,རྣམ
tsawa,I881A57E8,ad436de6d6eb4876a8201fe87944299a,58956,58959,3,རིག
tsawa,I881A57E8,f237de121d5042a7aa6bfb92f54ac8ea,58962,58964,2,ཙམ
tsawa,I881A57E8,b9901e36e8e3448c98552f984fdce49f,58988,58990,2,ལས
tsawa,I881A57E8,19498f97af8546878c68a5964b6bfc30,59032,59035,3,དང༌
tsawa,I881A57E8,631db3d0b9474bde89e4fcc082d6ba67,59100,59102,2,ཙམ
tsawa,I881A57E8,7b2342126ca14e10b7c8fd89cf5d8b4a,59127,59130,3,དང༌
tsawa,I881A57E8,2d3ac6587804459599c0ad6fe6df619a,59153,59155,2,ལས
tsawa,I881A57E8,ffde693476aa42a1beea3bac2e0cd711,59381,59384,3,ཡུལ
tsawa,I881A57E8,49643bc960ef4efaab242c91d3337ece,59392,59395,3,མེད
tsawa,I881A57E8,9c7c2b5d9a4b456381250628493b4b98,59823,59826,3,སྟེ
tsawa,I881A57E8,3f3dbe9930834952a9ba41a68eabb468,59828,59830,2,དེ
tsawa,I881A57E8,3e0a5b97e8c6480fb113d040d4f46986,59836,59839,3,ཉིད
tsawa,I881A57E8,96b359baa79d4f66bd61f6064d1f6066,60011,60014,3,དང༌
tsawa,I881A57E8,2d75f1b49cae482b997c13b21e38605d,60064,60067,3,སྟེ
tsawa,I881A57E8,38cd983f52e042d7965ae413a5d05a95,60108,60112,4,རྗེས
tsawa,I881A57E8,858cc6eaae41446ea012c8c39dd4bb97,60116,60119,3,དྲན
tsawa,I881A57E8,9d735551151143fb800ac1341f32956c,60431,60435,4,སོ། 
tsawa,I881A57E8,563df4ea3a574304a8163b56cdf40455,60598,60600,2,ལམ
tsawa,I881A57E8,8d0693a6bb8a44aeb31489df616263e6,60616,60620,4,འཇུག
tsawa,I881A57E8,878731616dde4a8e9d70363e15a10a90,60785,60788,3,ཉེས
tsawa,I881A57E8,239f1680d2284fb98bbc7dbf33cbdeed,61035,61039,4,རྣམས
tsawa,I881A57E8,9a369ee742ae48709f1bc9ce8c175a7c,61126,61130,4,བཞིན
tsawa,I881A57E8,4baecf1b33ee4bb39b44c13b55e39a83,61248,61252,4,བཞིན
tsawa,I881A57E8,8b074a486be94a428b99a5177138c306,63557,63560,3,སངས
tsawa,I881A57E8,1d0745402a674728863d05a9e7654ddb,63572,63576,4,རྒྱས
tsawa,I881A57E8,a9b429429e924515ae53bf22f9f3305f,63588,63590,2,དང
tsawa,I881A57E8,14b828b0937c4ce2863b9c0202254d75,63714,63717,3,ཐོས
tsawa,I881A57E8,5e756c37d2224a6295a4c023d57e04bd,63729,63733,4,ལ་རབ
tsawa,I881A57E8,cf5f719af5154d7c84bfcbc925faf3f5,64035,64038,3,གཞན
tsawa,I881A57E8,fea1979c0a754fa38c79a4888f159b52,64269,64271,2,ཕག
tsawa,I881A57E8,5fb31c88f703406aa27e29dc4ec7e34e,64614,64617,3,སྟེ
tsawa,I881A57E8,aa57f3522d7843e9a846e0b3c12f6109,64652,64656,4,སྟོང
tsawa,I881A57E8,f533904dfd174b0083f8fa5d9708a24e,64674,64678,4,གཅིག
tsawa,I881A57E8,d5302af1710a4785bc7e78f1ce40e8ef,64708,64710,2,དང
tsawa,I881A57E8,0819eb64014e46e88aff91d14deb7f50,64858,64862,4,རྫུན
tsawa,I881A57E8,22a70eb246734576a270c08a01160cd5,64929,64932,3,རྣམ
tsawa,I881A57E8,4ec6f27fa9c840f0b40c6a15c93e0894,65001,65004,3,ལྟར
tsawa,I881A57E8,f0179518c76f46feb6fa183794cc6134,65148,65150,2,དང
tsawa,I881A57E8,d5992497bc7243b7b41d364a37e62095,65309,65312,3,དང༌
tsawa,I881A57E8,15c81544db3c43a2925b594b03e1cace,65845,65846,1,ལ
tsawa,I881A57E8,a6d29afa22e64e29af8cf11b6dc38c56,66025,66026,1,ན
tsawa,I881A57E8,2a1caab1ea8d47fa9d61cb742747cdde,66033,66036,3,རྣམ
tsawa,I881A57E8,afb8a989d7f648e2a14138403e6fed79,66040,66043,3,རིག
tsawa,I881A57E8,5f9339799201469daf961aa998e8dc5a,66048,66052,4,ཤེས་
tsawa,I881A57E8,8dc3519468434451af7e9eb0af2bc2e9,66136,66139,3,པའི
tsawa,I881A57E8,05be8260efab40bb9bbf85adb8200b77,66231,66233,2,གང
tsawa,I881A57E8,54d0818c0aca4054a38fad772abb30da,66249,66251,2,ཚེ
tsawa,I881A57E8,56957c3598ab4af9b00c72c580ce5895,66283,66287,4,དེ་ད
tsawa,I881A57E8,d8f734df637a4c7d9b0048f412f3b4a0,66327,66328,1,ན
tsawa,I881A57E8,0a609da920064fe68b65b3d37dc259d9,66368,66371,3,མིན
tsawa,I881A57E8,531f95c3b8054271b083d8146b79032f,66426,66430,4,བསྟན
tsawa,I881A57E8,cc86c35b5ea4474e908758fb2a92cbfb,66475,66478,3,མེད
tsawa,I881A57E8,92934945e0124e2c9585e74601bbe196,66645,66647,2,དེ
tsawa,I881A57E8,b27f22210fbd45c984549122d20849d5,66655,66659,4,འདོད
tsawa,I881A57E8,6d79724f80b34c91b44c5762b55983e9,66744,66748,4,ཕྱིར
tsawa,I881A57E8,5a95968d94fc464ab7bcefaeaf60b9f5,66831,66834,3,ཤེས
tsawa,I881A57E8,c7d50e667acf49c6a2e3767ae6cfab74,66901,66905,4,བྱུང
tsawa,I881A57E8,d63716af4e3c47e6946f42006eff20a0,66924,66927,3,ཉམས
tsawa,I881A57E8,72c18eb0f5684a689e2614d0e7e709e8,67034,67038,4,བཞིན
tsawa,I881A57E8,c316771351804f7595f262aac90dcb5f,67226,67230,4,གྲུབ
tsawa,I881A57E8,e22ce818c81d4affb94efbbb1a4f01ea,67233,67236,3,མེད
tsawa,I881A57E8,2092af8315ba4a06a6e45b6bd1c70e7a,67258,67262,4,སོགས
tsawa,I881A57E8,9c6b6d2fa7a44748ae38f2a11376ad3d,67467,67471,4,དེ་ལ
tsawa,I881A57E8,e29839d99b454edeb1a7322cf5957374,67570,67574,4,དངོས
tsawa,I881A57E8,3bb233d25c0649fa9bf35ee7b417eecb,67578,67582,4,བདེན
tsawa,I881A57E8,a3a85429b4964f80acb8c412dc8839f9,67586,67589,3,མེད
tsawa,I881A57E8,12d3b967de9d49648ceb3fcd29ede9c1,67785,67789,4,འཛིན
tsawa,I881A57E8,344fd340ccfb447aa60dd7be751262f0,67820,67823,3,རིག
tsawa,I881A57E8,c221de413fd44bafa6d80507e7b99af5,67842,67845,3,དང༌
tsawa,I881A57E8,1a90aa0aba0d4c1ba5bde9ec870db8ac,67968,67972,4,གཉིས
tsawa,I881A57E8,248ee26bfb104bac91ab71f5a37184af,68023,68026,3,མིན
tsawa,I881A57E8,d3de39e8cbc647fb8da529928e457cda,68108,68111,3,འདས
tsawa,I881A57E8,4801c0da9b9d46d09410c7e13541a702,68253,68257,4,རྟེན
tsawa,I881A57E8,cda6517b5f7945ea83737eaac6e93ceb,68285,68287,2,ནི
tsawa,I881A57E8,9a0a1caf273d4ba888ef3ba735a9b1f3,68316,68319,3,ཡིད
tsawa,I881A57E8,6ba2310f64504bf5a1413780451246eb,68417,68420,3,ཞེས
tsawa,I881A57E8,d1195ac8815d4b4cbe3b2ebb41395182,68437,68440,3,སྟེ
tsawa,I881A57E8,68e77be011b643d3b562e449a33bec58,68745,68748,3,ཡིན
tsawa,I881A57E8,c8b61761881f49b993195fbe797d865a,69002,69005,3,ཁམས
tsawa,I881A57E8,8404306f707e4dd2ba65c264edfffe1e,69047,69050,3,ཡིན
tsawa,I881A57E8,bc807af3f21743d89c1d3db39881a378,69056,69059,3,དོན
tsawa,I881A57E8,d43733bbb5254c2a8851e3041c89a81b,69065,69069,4,མཐོང
tsawa,I881A57E8,cfd09bca71df4553aa646951d1cf1903,69368,69372,4,ཕྱིར
tsawa,I881A57E8,045c94bdc5744e8689b7294c0c305c48,69614,69616,2,དེ
tsawa,I881A57E8,43fe8ba45a2f4fa19165f0661f228b6d,69624,69626,2,ཡི
tsawa,I881A57E8,fbe54d1f65ce4581b8ed2ee3e319a20a,69637,69641,4,ཆ་ཤས
tsawa,I881A57E8,40cef2c911664743b649da999e83fa4f,69680,69681,1,ལ
tsawa,I881A57E8,9221a24924b549df84c9e277ed72e514,69791,69794,3,བཅས
tsawa,I881A57E8,36794997dbd64abca460cc7f8e665919,70914,70918,4,རྟེན
tsawa,I881A57E8,7602785778114c938e6022480059c694,70931,70933,2,དང
tsawa,I881A57E8,a20c976fa3844dc38d2298d2333b1412,71661,71664,3,ཕྱི
tsawa,I881A57E8,fa0905dbadda4326af14375570125ea3,71713,71716,3,ཤེས
tsawa,I881A57E8,48249af522914e58bf0d5e87704e1037,72017,72020,3,བཅས
tsawa,I881A57E8,c77e1fd79eb943129691913119ec1515,72097,72100,3,ཀུན
tsawa,I881A57E8,8b6cacc3a497407eb244a8b2113c5892,72104,72107,3,སྣང
tsawa,I881A57E8,30ef0326e5bc4aa8aee2db6c43e05dbb,72131,72134,3,མེད
tsawa,I881A57E8,16e1443e78af4fffa38b216a9d35903d,72230,72233,3,མིན
tsawa,I881A57E8,d2c88fde916649ab82b02e4726008265,72295,72299,4,ཕྱིར
tsawa,I881A57E8,c22f6039f0a341e8ba737846db65f1d4,72489,72491,2,རབ
tsawa,I881A57E8,110a55cdd49f4bae95b3b65e37ada008,72535,72539,4,མཐོང
tsawa,I881A57E8,6083fe7519dd41ac845d1129525ce231,72578,72582,4,སྒོམ
tsawa,I881A57E8,bb130f4a478644e6b8d4e2a247952d73,72675,72677,2,ཞི
tsawa,I881A57E8,1ef2d3708948405c85ba388a691f2e7b,72687,72690,3,མེད
tsawa,I881A57E8,ff251e3f9a2048b6ab2657b3d29fa8ee,72771,72774,3,ཡིད
tsawa,I881A57E8,9278c98a8a8d4d00bccdc9f65886cee4,72798,72800,2,དེ
tsawa,I881A57E8,ba6267c5f4c14d90a5d51fea4dda5cab,72805,72807,2,ནི
tsawa,I881A57E8,3092ce7f547043a4a33b0fdba52a1654,72885,72889,4,བྱེད
tsawa,I881A57E8,b8044b11fe2d43ba9c34bf0c4fd12d3a,72983,72987,4,འཛིན
tsawa,I881A57E8,4db87e7826794897b72478a03affb560,73071,73074,3,ཐོབ
tsawa,I881A57E8,b73ab51621ec49d385a815d845219383,73079,73081,2,ཚེ
tsawa,I881A57E8,57b4e4230c9f41388f4bf21f73546a45,73099,73102,3,དོན
tsawa,I881A57E8,58a29bbb712942898caf084b9936a206,73106,73109,3,བཅས
tsawa,I881A57E8,707f8d20a504453c908d77b93e54e1c6,73140,73143,3,ཞིང
tsawa,I881A57E8,e8caf26699054a478a4cb67e7e2e7efc,73148,73150,2,ནི
tsawa,I881A57E8,a70b2d19b2434ba99e919bf5fe795c4d,73158,73162,4,དག་པ
tsawa,I881A57E8,d725582415f54445a7ff47e4e2e65218,73214,73217,3,དུས
tsawa,I881A57E8,2be10fb7694342b6935d13c664afb287,73264,73267,3,དང༌
tsawa,I881A57E8,a9b70dd1e664453aba35ddd5f9332619,73299,73303,4,རྣམས
tsawa,I881A57E8,383d62f63f604d5cbb54a5955ce0474a,73325,73328,3,མེད
tsawa,I881A57E8,3387833c1ad045e3859811c9187e05ce,73337,73340,3,པའི
tsawa,I881A57E8,4ddeb23232484f8681f22dca7dd43b95,73405,73407,2,ནི
tsawa,I881A57E8,d08ed8c46c3543329755b61dcf1c8e4f,73556,73557,1,ལ
tsawa,I881A57E8,065b052f3cde4f11a9f0b0d545a6f23e,73748,73752,4,གསུང
tsawa,I881A57E8,cfdb17e0b99b4a66b43753f5bbb61b76,73756,73760,4,སྟོན
tsawa,I881A57E8,15d3ea1c731c45b69567aad2537a0d5e,73779,73782,3,ཆེན
tsawa,I881A57E8,a61fe0aa6a924221a9ea40a455963d36,73849,73852,3,ཏིང
tsawa,I881A57E8,d74f772ef6194c9db3d5ba284e838465,73856,73860,4,འཛིན
tsawa,I881A57E8,292f70dcad6d4669ad0e00b077a967c1,73878,73882,4,རྣམས
tsawa,I881A57E8,cb67ce3258c54af48562580173bd57e2,74167,74170,3,ཀུན
tsawa,I881A57E8,6bf9c92c13af4513b4549e7c523b2cc2,74174,74178,4,རྟོག
tsawa,I881A57E8,d5fd04c87c114b6abbeb233eaa4f2eef,74893,74896,3,དོན
tsawa,I881A57E8,d39c67af031945e8ae4cd52a813add31,75167,75169,2,ཡས
tsawa,I881A57E8,e26f4356d59f42f4b678de9210f88dac,75289,75293,4,སེམས
tsawa,I881A57E8,c53429ed2b85408695cd45ed2173bf4f,75303,75306,3,ཡིད
tsawa,I881A57E8,b201befb7dc545a5a8fb62e7b083d7bc,75343,75346,3,གནས
tsawa,I881A57E8,4e1d86a4b6bf4737825b89ade714c116,75500,75503,3,ཆོས
tsawa,I881A57E8,453c89840cea46b58d739c97a9956234,75547,75550,3,བྲལ
tsawa,I881A57E8,8828267e27104b4c93ad1496184507f3,75609,75612,3,འདས
tsawa,I881A57E8,468c6cd09a8449db9afc9d885a2513b7,75630,75633,3,ཐོག
tsawa,I881A57E8,30be53129e01448f8d38cb7d68f0f0be,75638,75641,3,མེད
tsawa,I881A57E8,8661718d28974e7491c1cef358b0e494,75773,75773,0,
tsawa,I881A57E8,610347bf5a924972946acdca96756077,75962,75965,3,གཞན
tsawa,I881A57E8,95165d31968948a181ad4e7beae6962b,76168,76170,2,ཏེ
tsawa,I881A57E8,0d8b7637044042c991ff5663b13a3b6b,76193,76197,4,སེམས
tsawa,I881A57E8,e93917f252734bec9c65f5cbc17d6b92,76202,76205,3,ཡིད
tsawa,I881A57E8,5332aa64baf547fb992629b99dacc017,76252,76254,2,གང
tsawa,I881A57E8,683191e1db3a4943b2bfb3ab4cf14aae,76280,76283,3,ཡིན
tsawa,I881A57E8,55d4e78e900249e981c15ceea2b5bb7b,76300,76303,3,དྲི
tsawa,I881A57E8,2a2ff98702c74029a5b01bcf1506b828,76341,76344,3,མེད
tsawa,I881A57E8,df184d9f33024794aa0826f8b3f1d7d6,76450,76454,4,མ་དག
tsawa,I881A57E8,6e3a93dd92f54608a41c945f8a4263c2,76516,76520,4,རྟོག
tsawa,I881A57E8,ccb70d78ce7142d7a3f844773a52765c,76586,76588,2,ནི
tsawa,I881A57E8,1d88bbe6a8d641a8b163c55766904cd5,76959,76962,3,འདི
tsawa,I881A57E8,d784437b2cce4eada5a19c5a0dd0629f,77705,77708,3,སངས
tsawa,I881A57E8,b1e5356bedad4fce87f7c390331cd3fa,77730,77734,4,རྒྱས
tsawa,I881A57E8,5a4a72468847445a8866e750797ea766,77737,77739,2,དང
tsawa,I881A57E8,00c01b72e3b64c92afedd67fcb245fa5,77931,77934,3,ཐོག
tsawa,I881A57E8,0ab1d3a470974c40be245ab2722cecd6,77937,77940,3,མེད
tsawa,I881A57E8,3bd0a39aaba34df39a6390c33fc8aa46,78092,78094,2,ནི
tsawa,I881A57E8,c7c8a238bcf84d5ea54d503799b82a1d,78144,78147,3,ཐོག
tsawa,I881A57E8,13580cb9d82e46fbaa98f6a1b5a416b3,78150,78153,3,མེད
tsawa,I881A57E8,7554439bd7f14f52bd9c4c7dd5bb30c3,78194,78198,4,ཕྱིར
tsawa,I881A57E8,1faee26a6ecb49d2ab6ac7a630460366,79273,79276,3,གཞན
tsawa,I881A57E8,7836fc10d71f49ffb27ce599231a7b62,79343,79346,3,ཁམས
tsawa,I881A57E8,46d8497d6d2740fdad21f7134d284e23,79454,79457,3,མཚན
tsawa,I881A57E8,ba901f1d9d164a8c9f2fe5b166b3f728,79532,79536,4,འཁོར
tsawa,I881A57E8,6fb16fa8dc1f4285a4c5b4f0181fda28,79539,79541,2,དང
tsawa,I881A57E8,8bb845d0131b4bc692101bc8bdd454e5,79556,79559,3,འདས
tsawa,I881A57E8,d5a4688754e84feaa1dde356f8192f51,79593,79595,2,ཏེ
tsawa,I881A57E8,6a0864a3683c4898b0b710dab43d7adb,79853,79856,3,བཤད
tsawa,I881A57E8,b0c4a45e65a340f6948d57eb32530153,79952,79955,3,ཀུན
tsawa,I881A57E8,5ed2fff444b5492f999c79878039c3a2,79959,79963,4,རྟོག
tsawa,I881A57E8,70a02c50d7ee4586a3a6bd3bb1eb8006,80001,80003,2,ནི
tsawa,I881A57E8,d0ef867825bb4fdd9e7bb114bbd677c3,80005,80009,4,སེམས
tsawa,I881A57E8,e85627fd17ae4db5af6998f35a5e0607,80014,80017,3,ཀྱི
tsawa,I881A57E8,07f90033a4624e62973144a11a54b42e,80039,80042,3,གནས
tsawa,I881A57E8,4397e7f14cc540f7abe71a76016542b3,80272,80275,3,ཡོད
tsawa,I881A57E8,4b15be188908458d96687a113b609415,80446,80449,3,འདས
tsawa,I881A57E8,feb9851221514f2692bc2554806c5f9e,80481,80485,4,དེ་ལ
tsawa,I881A57E8,fdec5e08b40947ed9e329333da1ab76f,80843,80846,3,ཁམས
tsawa,I881A57E8,931c88db1eaa498c958f89065135058b,80887,80891,4,གཉིས
tsawa,I881A57E8,1ce1954ea1a9454e884a82cf2761b8a7,80895,80898,3,སྣང
tsawa,I881A57E8,193c4b42f1c345d9b543e9e38098ef4b,81026,81029,3,དོར
tsawa,I881A57E8,dcba13b9ea264c53a8d9d6e0a27528ca,81075,81077,2,རང
tsawa,I881A57E8,e9ce20daafcb46b79e32d607fb8b53a3,81090,81093,3,སྣང
tsawa,I881A57E8,081b65eb0b0d4271a5f7872281eddbd5,81141,81143,2,རང
tsawa,I881A57E8,0ef5182e92c14f448afb56aca048daa9,81153,81156,3,སྣང
tsawa,I881A57E8,050542a64ffb4da6b6c874609d749184,81210,81214,4,གཉིས
tsawa,I881A57E8,17abde62c33846faa7024eaa7168d60e,81218,81222,4,འཛིན
tsawa,I881A57E8,c4000582ac8c426ab46bbd6807aced59,81276,81278,2,དེ
tsawa,I881A57E8,5ed753cc3b4e472bb3ab9255041fadec,81307,81310,3,ཤེས
tsawa,I881A57E8,1526c6c301ec462a9156c0c7775a725a,81400,81402,2,དེ
tsawa,I881A57E8,7518e95f81244f53a58e6be653a7a357,81628,81632,4,སྟོང
tsawa,I881A57E8,f7b634cb7afe4177a3a9f20d8cf65d91,81670,81671,1,པ
tsawa,I881A57E8,793bc6c619f04fc393ec72f102444346,81824,81828,4,བདེན
tsawa,I881A57E8,0cad3bbaf7764b4590da311eaf9e58c4,81832,81835,3,ཞེན
tsawa,I881A57E8,cb75e081163c405d8aed600873d40b97,81838,81841,3,བཀག
tsawa,I881A57E8,7d2b187bbbcb4aff82c8cb74f49315dc,81846,81850,4,ཕྱིར
tsawa,I881A57E8,d07a77d659854f3ab339639c08aed58b,81963,81967,4,བདེན
tsawa,I881A57E8,125ffd95e6ff447d9e49c6e272f0786b,81998,82001,3,མིན
tsawa,I881A57E8,a5c79d21ca7b4700891fd0dbfafcba45,82070,82072,2,ཆུ
tsawa,I881A57E8,991656b6a53048c58ab392abfa1aae6b,82088,82090,2,ཟླ
tsawa,I881A57E8,91972c10a46c420ca46047e1d812bbc6,82472,82475,3,མཁས
tsawa,I881A57E8,9d99febfb0ee4543aebadf2162127564,82489,82493,4,རྣམས
tsawa,I881A57E8,ce4ffa1b2d1c4eb3a36a379936885427,82499,82503,4,འདོད
tsawa,I881A57E8,55c25ce32683453ea296b69bc1cf619d,82533,82537,4,ཐ་མལ
tsawa,I881A57E8,bbe5c4b797e04165a67aa355a666953e,82610,82613,3,ཟེར
tsawa,I881A57E8,f831fe8493c343398f6b48192a73926e,83039,83040,1,ལ
tsawa,I881A57E8,6defbb1ecfc448e6bdda666e53ca0f80,83306,83308,2,ལས
tsawa,I881A57E8,b5b415ae553d4df688f355c469c0140d,83314,83317,3,ཤེས
tsawa,I881A57E8,2d0c01bf7eb8468d8b8cec82ad001457,83383,83386,3,ཁམས
tsawa,I881A57E8,cd6bfc62ec554173b9b7d415f0e5c03b,83459,83462,3,དང༌
tsawa,I881A57E8,5690c26f16f545d790c233ef32e7be15,83549,83552,3,དང༌
tsawa,I881A57E8,9b770347556d4851a404d61288eb741c,83763,83765,2,དེ
tsawa,I881A57E8,44871d01a803461596bdd2ae4649f277,83789,83791,2,བཞ
tsawa,I881A57E8,da5871bc976d4d79be45235188eb4afc,83954,83957,3,དང༌
tsawa,I881A57E8,bdf297ad5f2e47f18daf0e003d3f5c7f,84004,84006,2,ལམ
tsawa,I881A57E8,e449f0ca2a3e4bc9a75e5aab401038b2,84025,84027,2,དང
tsawa,I881A57E8,8ff6aa18a4ff4f9395865f98020df69b,84044,84048,4,འགོག
tsawa,I881A57E8,67a10c2fb7994acd9a5d2af36ac234b1,84062,84066,4,སྟོན
tsawa,I881A57E8,df06ec96eece4784bb962d0fbbca8fa0,84101,84105,4,རྩོད
tsawa,I881A57E8,869a669fc9b64f47b5ad01000556fde4,84108,84111,3,མེད
tsawa,I881A57E8,c4020fe0a4384fd096cb552e5e9516c9,84114,84117,3,ཉིད
tsawa,I881A57E8,62412beca5f04b55b15fa67f2efd098b,84342,84345,3,རྟག
tsawa,I881A57E8,a11ecaffbd0c46d3a58392c1031acf5f,84349,84352,3,མཉམ
tsawa,I881A57E8,3eeb10d40d374bc0881716cab7c15300,84358,84361,3,བཞག
tsawa,I881A57E8,63729294fa8a405295a3bd09e4ce33cb,84421,84424,3,དང༌
tsawa,I881A57E8,bbb1337bcdf447ddb88a4f6eeef6c78b,84918,84920,2,ལས
tsawa,I881A57E8,3fe8c437818549549fc59f3368e770ef,84952,84956,4,འགྲོ
tsawa,I881A57E8,9857b7f9b58945b98e6b264169f9d715,84959,84962,3,དང༌
tsawa,I881A57E8,c8765e9f8ca74866aeee3c6ea00cac55,85051,85054,3,དུས
tsawa,I881A57E8,55fe6c170a6d4098bb3b9f2ee7d2d909,85060,85061,1,ལ
tsawa,I881A57E8,fb84e05e7f0c4a9ab02644232bf6b3f2,85091,85094,3,མེད
tsawa,I881A57E8,82f743e0f24a402c9502a62b4447989e,85283,85286,3,ཡིན
tsawa,I881A57E8,58598be01f744349bd49620dcdbde329,85317,85320,3,མེད
tsawa,I881A57E8,e7729b7011d54019866510bf68d180d5,85323,85324,1,ལ
tsawa,I881A57E8,61d258b7cb624c2f829c087be476306c,85338,85341,3,ཡོད
tsawa,I881A57E8,89e6e33527384124932e8532b3faafbe,85345,85349,4,རྟོག
tsawa,I881A57E8,a850781703384d078b47c353ccfd5ef1,85403,85407,4,རྟོག
tsawa,I881A57E8,c631212d9ac949529a3357e7dcf9dd25,85542,85545,3,གིས
tsawa,I881A57E8,953c6ca614fa4fa681b614aa846a1771,85670,85673,3,འདི
tsawa,I881A57E8,a7fff72f00fa4b35952fe57da9b0109b,85746,85750,4,བདེན
tsawa,I881A57E8,c41d164cba64493d9861b32466e79440,85753,85756,3,ཤེས
tsawa,I881A57E8,6da94bf18b3749f9b24a3a9cecb4e33b,85783,85786,3,ཡིན
tsawa,I881A57E8,33e5b8d4c80749c8bc33408ce83034e6,85793,85797,4,ད་ལྟ
tsawa,I881A57E8,4085a2b3acc54763913cb79061e1942d,85862,85866,4,བདེན
tsawa,I881A57E8,7b63196650a84bebabccca09bd531c5d,85870,85873,3,ཤེས
tsawa,I881A57E8,325e7890dbff4b17a36e8ab0506cbf17,85931,85935,4,བཟོས
tsawa,I881A57E8,a520e7b1040647faa3de23e42b6c67a4,85955,85959,4,འབྲང
tsawa,I881A57E8,aa8ed2b612a7442baeea76fce1de62fb,86027,86031,4,ད་ནི
tsawa,I881A57E8,dfbca068aaa24969aa42b09b400edb93,86084,86088,4,གྱིས
tsawa,I881A57E8,50bc838e0f27445abe14e9d8e58579a4,86111,86115,4,དེ་ལ
tsawa,I881A57E8,105c1ef8f03747d0b00c3d4e2ec4e49d,86188,86191,3,བསལ
tsawa,I881A57E8,3a07dda8d5f74beab00429dc8e813d0e,86195,86197,2,བྱ
tsawa,I881A57E8,9b10a664b506442ba49089b2f5b650c3,86269,86272,3,མེད
tsawa,I881A57E8,b05a3923239d4a6989f33bf136994efa,86292,86295,3,ཉིད
tsawa,I881A57E8,dae20ff8a7e842709568188ead3b6472,86299,86300,1,ལ
tsawa,I881A57E8,812d72ff79a24556a5c8eeea9fa00f54,86540,86543,3,རྣམ
tsawa,I881A57E8,2faafadd78334acc8afb3a67a23236a3,86547,86551,4,དབྱེ
tsawa,I881A57E8,779ef37779644a9e9b14421c7f138c51,86603,86606,3,ཁམས
tsawa,I881A57E8,a539315b97454b978ae626015d1f8aa7,86635,86639,4,སྟོང
tsawa,I881A57E8,50811750d97347ce85a382419cfa7a88,86663,86666,3,གིས
tsawa,I881A57E8,7dae8382549e4901be4df6eaf90f7ea0,86748,86750,2,བླ
tsawa,I881A57E8,d76403ca985e4edeadc834ff8cd68395,86753,86756,3,མེད
tsawa,I881A57E8,8c8af12385e14a22b3551bd94470e6cb,86790,86794,4,སྟོང
tsawa,I881A57E8,f030c6f5ba5a4b908962882e17a01452,86820,86824,4,དེ་ལ
tsawa,I881A57E8,9e3ca08ddc954185a3498214ae5fb44a,87053,87056,3,ཕྱྭ
tsawa,I881A57E8,53644634fba8446884ee69f9e53eedc5,87317,87321,4,མ་དག
tsawa,I881A57E8,330ce1b52432464fb41ecd98e3c041b3,87324,87326,2,དེ
tsawa,I881A57E8,71fde56428ae44c48d1a15c06407b5c1,87348,87350,2,པས
tsawa,I881A57E8,944fb0b750f64a038866dc97f2415da0,87372,87374,2,དེ
tsawa,I881A57E8,99b53a832d864231ab168d2b8abd88fc,87378,87380,2,ཚེ
tsawa,I881A57E8,b9bdc6096cac42928e6e66bf3f915db4,87453,87455,2,དེ
tsawa,I881A57E8,5f9436c721b54bd68b66f783372a69c8,87459,87461,2,བས
tsawa,I881A57E8,b4a5348253c14617a615220aa19132e0,87521,87524,3,དག་
tsawa,I881A57E8,7850d801d0554d00854ab046ce32e122,87557,87560,3,སྟེ
tsawa,I881A57E8,40fe19207493476198af5eaec9ac9c1e,87649,87653,4,མ་དག
tsawa,I881A57E8,7f9ae34a24ea458b987397377a0f57e3,87723,87726,3,བཅས
tsawa,I881A57E8,d1645af638ad4f42841552803c300238,87812,87816,4,རེ་བ
tsawa,I881A57E8,01e519a02179461ba8bdd53848b17edc,87851,87854,3,དང༌
tsawa,I881A57E8,78c15c13e4494d9e80854fc871489f8a,87977,87979,2,དག
tsawa,I881A57E8,1a2ed6de9e314327b6e6cff267dd1c52,87982,87984,2,དེ
tsawa,I881A57E8,0de6f598669f481c8325669f64c48973,88172,88176,4,ཚོགས
tsawa,I881A57E8,19a7728d2a704181b89f83607221059d,88358,88360,2,རབ
tsawa,I881A57E8,e19489b6c8084c1289a61eba349e279b,88382,88386,4,ནོ། 
tsawa,I881A57E8,7b95b962b31644f8a9c844954e069e41,88449,88451,2,དེ
tsawa,I881A57E8,944d470b7ed641f09fcb96dfa70e5957,88571,88574,3,ཤིང
tsawa,I881A57E8,e3488bfb25da469fa38202999981771d,88607,88611,4,བཞིན
tsawa,I881A57E8,60224ba951f64f028b67dcd3e5711e1c,88696,88699,3,སྤང
tsawa,I881A57E8,c377b7dea2a54c86a76017edbe58bf41,88716,88720,4,གཉེན
tsawa,I881A57E8,e8d9ff460c5944c0a10a3f4399de090a,88778,88782,4,བྲལ་
tsawa,I881A57E8,9824438c8a254615ae514c2b7935390c,88804,88806,2,དེ
tsawa,I881A57E8,5aee686de24f463d96a57c1b5ec8ce9c,88810,88812,2,ཚེ
tsawa,I881A57E8,bad50f167ae444e8895abfa137fb33ab,88848,88849,1,ལ
tsawa,I881A57E8,d4e725ea92fa4985b66e301c03ed3050,88870,88873,3,མཚན
tsawa,I881A57E8,aa7db6ed8b024229bdfe651ee19bbe10,88963,88967,4,མ་དག
tsawa,I881A57E8,9a5d92226c6c4415957729a0be5fc3a1,89033,89035,2,དག
tsawa,I881A57E8,221e94bc39294639910bbb85bfd0dc39,89307,89310,3,ཡིན
tsawa,I881A57E8,49a8730fca55401ea1e3d02993adaed4,89352,89355,3,དྲི
tsawa,I881A57E8,2045695a3ee34b68a35896cb352b14ce,89358,89361,3,བྲལ
tsawa,I881A57E8,085532f11dae4edc99c0b965f96cce40,89368,89370,2,དེ
tsawa,I881A57E8,a47fe5e814b84e5481be164c4b8bafde,89494,89497,3,དང༌
tsawa,I881A57E8,26c6f3d89a6945d09627f60521e62036,89499,89503,4,ཡང་ན
tsawa,I881A57E8,66d3ce9f8cce420290134a02ccb828be,89510,89512,2,རང
tsawa,I881A57E8,fee981165ab94e29b05c934c5001f2d0,89568,89572,4,གྱིས
tsawa,I881A57E8,5e1c0150a7714a47b673712ed303bf0e,89625,89629,4,གྱིས
tsawa,I881A57E8,b337e1c481954dc587c7abafabf90fe0,89788,89791,3,རྟག
tsawa,I881A57E8,6173c7c2572c4057a6095fee61b26064,89821,89823,2,ཆད
tsawa,I881A57E8,4affa7cda0f647158933f7f42b96d64a,89929,89932,3,སྣང
tsawa,I881A57E8,671f027eb4be4d0ca53770c77b170113,89955,89959,4,མ་དག
tsawa,I881A57E8,7e14d63a78b745d7b9bb4d6579672198,90109,90113,4,དེ་ལ
tsawa,I881A57E8,b6b6e1b6f37c4bf7ab779d619974f737,90416,90420,4,སོགས
tsawa,I881A57E8,387c073a288240529b6fa07782863b47,90586,90590,4,སྟོན
tsawa,I881A57E8,75cac22599884c4ebe9a69273238ceb5,90877,90880,3,མེད
tsawa,I881A57E8,630b393bcc384bc3873e3dbcb6b6faf1,90990,90991,1,ན
tsawa,I881A57E8,bf17ec41c043448c91d285d7acfb54bd,91325,91329,4,སྟོན
tsawa,I881A57E8,5d730785d1e74677b1e8aadebbe3fe6c,91364,91366,2,པར
tsawa,I881A57E8,07a416d166c642aba106d56ccbd8c507,91375,91379,4,།བཤད
tsawa,I881A57E8,0a98584a55584ed8ab6d80da94bf6467,91391,91395,4,གྱིས
tsawa,I881A57E8,dc4ce29134dc49c8bdaff212ee54b5b6,91673,91675,2,རང
tsawa,I881A57E8,edb90c0ebfcb462b86e64255e1bf072e,91679,91682,3,སྣང
tsawa,I881A57E8,931fdd5edfbb4dd5b069f058a77e7ec1,91685,91689,4,འཛིན
tsawa,I881A57E8,79be32cf97da422ea4900ab2dbc478d8,91692,91695,3,ཡིན
tsawa,I881A57E8,6ac9e608a0e24233ba3133f4236badad,91770,91773,3,ཡང༌
tsawa,I881A57E8,6d9f53287e1545cf86a24d187505f9af,92468,92472,4,གསུམ
tsawa,I881A57E8,a18bc0bcf718456c8d3a06c43e75e2ef,92649,92653,4,ཞི་བ
tsawa,I881A57E8,e5cb9143aa904fc884fa0135237afc7e,92715,92719,4,བྱམས
tsawa,I881A57E8,0d815acb327c49e99f1000583f998d0d,92798,92802,4,སོགས
tsawa,I881A57E8,b374c090e818430c89ab7f6a25257950,92842,92844,2,ལ་
tsawa,I881A57E8,35cd3b79b4424d5c84c75a84e2a596b5,92976,92980,4,ཕྱིར
tsawa,I881A57E8,517c3be7dc1d46c783d55c75c1f507d3,93434,93437,3,བློ
tsawa,I881A57E8,bdcc28441a8b45729f2d88ba05d90119,93449,93452,3,བྱས
tsawa,I881A57E8,6765ae4a5ef841ebaed3246975b1c7fb,93826,93829,3,ཡོད
tsawa,I881A57E8,09e41bb3106b4c49b4f82200b6afbbb2,94001,94004,3,ཡིན
tsawa,I881A57E8,ffbbab75d62d4a83abc9e7b39124e6e7,94180,94183,3,བདག
tsawa,I881A57E8,d61e723218dd49efb34bec241296a198,94425,94427,2,དང
tsawa,I881A57E8,6c4e81ea337d4e328ed31f18b15accf7,94611,94614,3,ཀུན
tsawa,I881A57E8,96e2c534512c43d6a758e3048fc44e40,94617,94621,4,སྟོན
tsawa,I881A57E8,51f862bf9d024921bfd1fc83a2b2fa92,94626,94630,4,ཕྱིར
tsawa,I881A57E8,e8aa794d626b411b876189ff1e38a38f,94826,94830,4,ཕྱིར
tsawa,I881A57E8,2fd19561a6324587bc2b232f9f976608,94933,94937,4,མངོན
tsawa,I881A57E8,1b41d0edced04512823812bc6af9d92a,94941,94945,4,གྱུར
tsawa,I881A57E8,ede0d6301e1245be936d799b0a4cdf52,94950,94954,4,ཕྱིར
tsawa,I881A57E8,6cabff15faf44578aa68aa5488eed617,95027,95031,4,ཐ་དད
tsawa,I881A57E8,35252107369f46029c7dc18b2eb9b24a,95458,95461,3,ཞི་
tsawa,I881A57E8,3492e2889bb540fca2725b254ebcefad,95638,95639,1,ལ
tsawa,I881A57E8,73210ce3919b4e57b87ca28244a0e329,95721,95725,4,སྐྱེ
tsawa,I881A57E8,6a46247df2134736808c876b057d44b7,95728,95731,3,མེད
tsawa,I881A57E8,09b7ff5e4e22460daedd12748f6eb211,95736,95740,4,ཕྱིར
tsawa,I881A57E8,c01a9126ca7c49dea3613689076c43f3,95788,95791,3,མཁའ
tsawa,I881A57E8,50e01bf9d77142c484a061d7fbea283c,95807,95811,4,བཞིན
tsawa,I881A57E8,147ed90000a5434aa887600a41a4d584,95984,95988,4,སྐྱེ
tsawa,I881A57E8,0f99390f05734d7893199643efb68aa8,96042,96043,1,ད
tsawa,I881A57E8,ca033b1dd25543e4ad34c8b105c5998f,96246,96248,2,ཕྲ
tsawa,I881A57E8,99fb820ad48648ab96b2a9d9ee3b154d,97190,97192,2,གི
tsawa,I881A57E8,d0e07cbedc9d4bd9bf7ff7aa9b438d79,97320,97323,3,མཐུ
tsawa,I881A57E8,f02c8ee9a6394011b041fc09dd225f34,97330,97333,3,ཡིས
tsawa,I881A57E8,9526b71a18eb45c598fecc165abd5ca7,97372,97376,4,བྲིས
tsawa,I895C519A,23b5c8d49f184e3e88e7c17e04bf1c9b,14093,14096,3,བདེ
tsawa,I9AEEF96A,ae672463028b48879288d194030f6176,10629,10629,0,
tsawa,I9FF2B59B,a02d9ba5b8884fee913bfe426094ee6e,33016,33020,4,འཛིན
tsawa,I9FF2B59B,bd9ccb39ba2446ccb306db042a021c79,35707,35710,3,ཆོས
tsawa,I9FF2B59B,bac351c7e97f4defbec78f700d36054e,35733,35737,4,སྤངས
tsawa,I9FF2B59B,4de17025c0674a69a219d821aa24494b,36574,36578,4,སྦྱར
tsawa,I9FF2B59B,a48081abe1e84f658cc90ee3fa0a0836,37300,37304,4,།ཡིད
tsawa,I9FF2B59B,144585bfdd5647c0af65f2b2e07a827c,37516,37520,4,རྟགས
tsawa,I9FF2B59B,68d2836ebb6546f4b955bb7fea5338c0,38317,38318,1,མ
tsawa,I9FF2B59B,8ade046649764457a0b72706065a7259,38623,38627,4,བསགས
tsawa,I9FF2B59B,f1933374013e49039e1064bd235db81c,39918,39920,2,དང
tsawa,I9FF2B59B,0ca5546bf6d14446955b530e9b1a24c0,39965,39969,4,ལྟུང
tsawa,I9FF2B59B,4cf2ab1e8a52461fb31d1a261895cdb4,40238,40240,2,ལྔ
tsawa,I9FF2B59B,aafdd14dc0ed4f0d9edcbf00863fdd3d,40312,40314,2,ལྔ
tsawa,I9FF2B59B,bce4eeff0f0d457b8869cab5f0d1de2c,45976,45979,3,ཆོག
tsawa,I9FF2B59B,a9536f3d2c8f41b8bd5a3a28ccd67425,48237,48241,4,འགྲོ
tsawa,I9FF2B59B,32d628c950dc4927a8176ac0836c8cca,49055,49058,3,ཡུན
tsawa,I9FF2B59B,5e3383f52e92476a9eafe15ae62248bc,49128,49131,3,མེད
tsawa,I9FF2B59B,d9be9c39491c43fda364f5c335fac861,49940,49943,3,ནེམ
tsawa,I9FF2B59B,c7e473eb49df45dc939360d63b5e9090,52054,52057,3,བཅས
tsawa,I9FF2B59B,60388ee60be74ba6ab87da5117ec95f5,52639,52641,2,ཚེ
tsawa,I9FF2B59B,a85391e1c25c4538aacb36f48f209cce,52936,52938,2,ནས
tsawa,I9FF2B59B,d966ef808f2b4352bfb7b10154164a1b,53052,53056,4,ཞལ་ཏ
tsawa,I9FF2B59B,d4018ed14b7b49ec98198595fe5b6133,53695,53699,4,གྱུར
tsawa,I9FF2B59B,e2d223cb9d1f4cbf80530c860ab9aabc,60937,60938,1,ས
tsawa,I9FF2B59B,2204a529c66f49fc937637129639935f,60941,60942,1,ན
tsawa,I9FF2B59B,5fad1997818f4f879728a3fa11a69bb6,61533,61536,3,གསལ
tsawa,I9FF2B59B,90d8a7bd00f54135804f69b70f5139aa,61912,61915,3,མེད
tsawa,I9FF2B59B,64a5282245a042fb9e1e3275dc5eafac,62089,62092,3,འབར
tsawa,I9FF2B59B,3fe6c9fdc9604b699159da8fe57902f7,62156,62159,3,ཞབས
tsawa,I9FF2B59B,7da5b84ed45e422f9573d42fe4545ff2,62186,62190,4,སོགས
tsawa,I9FF2B59B,2ed1de9c3aa54fac98ba7595cfd49fdf,62269,62272,3,བྱད
tsawa,I9FF2B59B,29ec57bf0ecf470e87d9e2889aa76b75,62390,62394,4,འཛིན
tsawa,I9FF2B59B,1eedde121abc429188cd9cd4d69344aa,62677,62680,3,པདྨ
tsawa,I9FF2B59B,a93db1edf1e34c60960f46f18aca6240,62687,62691,4,སྟོང
tsawa,I9FF2B59B,07fe7920e93e4892928131f207edef69,62695,62698,3,ལྡན
tsawa,I9FF2B59B,926326c1de46424d8e71dfe903d90f4f,62751,62754,3,གདན
tsawa,I9FF2B59B,8dafe4bb6463427abd50a3f68c14c544,62780,62783,3,ཤིང
tsawa,I9FF2B59B,3e87a0acd4b34e59a2d935d69d300059,63866,63870,4,འཛིན
tsawa,I9FF2B59B,64d0bfb036bc4cc8988992d262be9272,64161,64165,4,གཡོན
tsawa,I9FF2B59B,3cc8ff51257e417a96d23c3ceae032d8,64494,64498,4,བཞིན
tsawa,I9FF2B59B,e762df1e95614c9c831ecd4c4646f20d,64799,64803,4,མདོག
tsawa,I9FF2B59B,e63e22b4f1f8463298d825d931eac9ae,64859,64862,3,མཚན
tsawa,I9FF2B59B,dcddb5f836864445889b9988e461b49c,65031,65034,3,མེར
tsawa,I9FF2B59B,a373ed963dba4159bdc5a511ddd0c59a,65160,65164,4,།ཕྱག
tsawa,I9FF2B59B,75849c8532e94a3ea264922478cf6ae9,65173,65174,1,ལ
tsawa,I9FF2B59B,c8f5c854f113405496ae2ed6fc830771,65195,65197,2,ཉེ
tsawa,I9FF2B59B,4c18216acb3640fd979a1ba0f8282b7f,65225,65228,3,རིང
tsawa,I9FF2B59B,b3894ad8b43c4455a3f89149b369c52f,65238,65241,3,ཁྱད
tsawa,I9FF2B59B,274fb182a3974621b0e746c493446581,65245,65248,3,མེད
tsawa,I9FF2B59B,dac95f34098d4c48a866c356c880c314,65253,65257,4,ཕྱིར
tsawa,I9FF2B59B,38950ed762d14e2eab58f5130749fadc,65376,65379,3,གུས
tsawa,I9FF2B59B,77b118e8c49b4607a7afab435fcbf30a,66705,66707,2,ལས
tsawa,I9FF2B59B,7fee9d6542bf4e6b9def425c41036338,66834,66838,4,བརྒྱ
tsawa,I9FF2B59B,5053a9c45a2c44d893560014dfe753ee,66923,66925,2,ལས
tsawa,I9FF2B59B,af725efc657f46ab836fbd1610145968,67129,67131,2,ལས
tsawa,I9FF2B59B,b74bee72fa5b497eabe586020e598b5a,67931,67934,3,ཚིག
tsawa,I9FF2B59B,945754b6653a4df386a715ca75efcfa8,71174,71177,3,རིན
tsawa,I9FF2B59B,130aa64d387f41a8af29b1c5abb3ef32,71181,71183,2,ཆེ
tsawa,I9FF2B59B,410fdc540d494568ae671cbc3c7ab59a,71192,71196,4,ཀྱིས
tsawa,I9FF2B59B,704efa7162304df99ea699156a9591eb,71206,71209,3,བཀང
tsawa,I9FF2B59B,5846b7ad5b394d8f917c0735586b2d0f,71270,71272,2,བས
tsawa,I9FF2B59B,2c6e7bcfe2ab44c8b7ce8557a6d41323,71825,71828,3,གུས
tsawa,I9FF2B59B,a58e26fb8f754962a522ebab4dbebc63,72838,72839,1,ན
tsawa,I9FF2B59B,b2303b4cc74b421d9fcf210aef81d7d0,73476,73480,4,སྐྱེ
tsawa,I9FF2B59B,274ca466d0374b7b80c4c61eb56bfbbb,73787,73790,3,རྣམ
tsawa,I9FF2B59B,452c8beef1174f68802d4e340cc1233b,73794,73796,2,དག
tsawa,I9FF2B59B,8cce124dc31a4ca0a37cc0a5cd92c13b,77403,77406,3,བདག
tsawa,I9FF2B59B,cb9366dbc1344a748cce56c0fbf18494,77454,77457,3,བཅས
tsawa,I9FF2B59B,b68eff43f0f348c787577a34e76d8a5e,78234,78237,3,ཡིད
tsawa,I9FF2B59B,83a1f04734e34997bc702e5475282df3,78277,78280,3,རྫས
tsawa,I9FF2B59B,f85051a6c2f0487f8ea3e306020f03b3,78299,78303,4,རྟགས
tsawa,I9FF2B59B,20695fbc0eae499ca962982da12f7cdf,78334,78337,3,རིན
tsawa,I9FF2B59B,474cea1e19204c1fb0497a762d0d503c,78341,78343,2,ཆེ
tsawa,I9FF2B59B,8b51114ee7184db686a106d8409468be,78347,78351,4,བདུན
tsawa,I9FF2B59B,bb42930a0c65488cb7dd438edc0ce37f,83066,83070,4,གླིང
tsawa,I9FF2B59B,0ec955e938f140c69a5777b5a8aeec07,83128,83132,4,བརྒྱ
tsawa,I9FF2B59B,093eb911a9cb44a4b91a304aabf517e3,83143,83147,4,ལྷའི
tsawa,I9FF2B59B,ca821a44bccc462292f7e08824bdc816,83305,83309,4,ལ་ཕན
tsawa,I9FF2B59B,7d1d9c859fd74c59830cb97a3eed6a5b,86389,86393,4,འགྲོ
tsawa,I9FF2B59B,65c3ce092e894282b7ac6cf9dea36ea8,100783,100787,4,ཕྲ་མ
tsawa,I9FF2B59B,3e82ca4891ed48fbb446089ce9d64d41,104091,104093,2,།ཕ
tsawa,I9FF2B59B,e523f72bc40c40f78374d1bf771c86c5,104097,104098,1,མ
tsawa,I9FF2B59B,173099447b0f4989955d8ae3d299219a,104479,104481,2,ལྷ
tsawa,I9FF2B59B,19f885aecd43404aa2697d710988fa97,104491,104493,2,ཁང
tsawa,I9FF2B59B,e1610050b7034841a1e39ceac2e19193,104543,104547,4,སྡིག
tsawa,I9FF2B59B,7e079c7fb8ba4836bdd1821449e22647,104550,104553,3,བྱས
tsawa,I9FF2B59B,ecb95e44418b4226893e11b8f1668485,104769,104772,3,མནའ
tsawa,I9FF2B59B,9405cc112f4a407e95d3fb2e4b7e87bb,104791,104794,3,ཟོས
tsawa,I9FF2B59B,a23976531b1d44a69d2dd9ebebb25c8e,104880,104883,3,བསད
tsawa,I9FF2B59B,7661312226cc4d44aeeb29d3a726d1df,104886,104888,2,ལས
tsawa,I9FF2B59B,32c934e48b244b86b9cc7a235c21626d,104901,104905,4,སྡིག
tsawa,I9FF2B59B,47126f1b54724838923e24756a54793e,104908,104912,4,ཆེ་བ
tsawa,I9FF2B59B,ae3f80e6dd1946daa565d7cfc390a786,105159,105163,4,སྡིག
tsawa,I9FF2B59B,225df8fdd81d42d792d01dcdfb42bdfc,105166,105169,3,ཆེན
tsawa,I9FF2B59B,ffe628e09eb64bb7845ffeff46d4adc4,105975,105978,3,དང༌
tsawa,I9FF2B59B,85893068844246eba246691ce74d70f4,107010,107012,2,ཐར
tsawa,I9FF2B59B,5e3de8a9f5084ae4bae3781b45e3f6f7,107021,107024,3,མེད
tsawa,I9FF2B59B,ee4f58b3327c482184ca60c030513be7,107546,107550,4,ལྟུང
tsawa,I9FF2B59B,3ba198b31f764b6ca2e28df12d518250,107666,107668,2,སོ
tsawa,I9FF2B59B,7a898e82bfca4ec7a63e824e804c6759,107673,107675,2,ཐར
tsawa,I9FF2B59B,e97288987a5d4d0ab9f464df7e72828e,108542,108544,2,ལྔ
tsawa,I9FF2B59B,c8bfaa29e227477cbbc21939aab47ae1,108597,108600,3,བྱང
tsawa,I9FF2B59B,5353394249c74d358ec469325191b8d3,108605,108609,4,སེམས
tsawa,I9FF2B59B,28c1d75c5cc54af696c18c81db7133e5,109339,109343,4,སྡོམ
tsawa,I9FF2B59B,23e3b877c9774c4081fa6ee1f0e68c47,109624,109627,3,ལྟར
tsawa,I9FF2B59B,55a244ffa07c49e3b513311fe8e09961,109669,109673,4,ངོ་ཚ
tsawa,I9FF2B59B,3070e54b0aeb49daa2bf9a324d14b39b,109787,109791,4,སྐྲག
tsawa,I9FF2B59B,7e1f0ef35d0c4bb0bdfcbdff98c3e6f2,109820,109824,4,བཤགས
tsawa,I9FF2B59B,c357fbf8d5ca4e95be2155f118b421ad,111465,111467,2,ནས
tsawa,I9FF2B59B,6bba79ff6ef14346a15505edf5a4412d,111548,111549,1,ན
tsawa,I9FF2B59B,ad7522c6eb0649dcb217615199135b79,111734,111738,4,རྣམས
tsawa,I9FF2B59B,2fe5f21d1f0a464e897ec40a782285f6,111758,111761,3,ཡིས
tsawa,I9FF2B59B,b32baf3263e54e38b9aec53f91ca3cf9,111837,111839,2,བླ
tsawa,I9FF2B59B,248db28a14e94dcb85133e8ed65b19b3,111842,111845,3,མེད
tsawa,I9FF2B59B,0dc26404a52542aa953fa2ad5ebfb4bb,111900,111904,4,འགྲོ
tsawa,I9FF2B59B,10162e09d0614eb4906d33eca8c4ae18,111924,111927,3,མཛད
tsawa,I9FF2B59B,175886efa117485fa4de9ea3e2757229,112345,112348,3,གཞན
tsawa,I9FF2B59B,ddce57a0c68d47f7a6e69118fb4f77a4,112725,112728,3,དང༌
tsawa,I9FF2B59B,87dc4fa8016243dea38c411416386d6b,112766,112769,3,དང༌
tsawa,I9FF2B59B,e72564d561e94293936761daf4493d46,113969,113973,4,མངོན
tsawa,I9FF2B59B,62b03bb225bc426997d79c43511b4843,113977,113980,3,ཤེས
tsawa,I9FF2B59B,81005a8c6f38446fbcaf7283ff333f34,114454,114458,4,སེམས
tsawa,I9FF2B59B,3c32f6588cf6437f958d76b728cc27a6,114472,114476,4,བསྟན
tsawa,I9FF2B59B,da4ab4a8513d42af9df04562c0244476,114479,114483,4,འཛིན
tsawa,I9FF2B59B,227663109a274c0d80ea4fbc67d9e8e8,114973,114976,3,འདི
tsawa,I9FF2B59B,cba6bed71fda4e4c9c6f2a6c925e1009,115228,115232,4,མྱུར
tsawa,I9FF2B59B,d30cd076d5204f3bba0c053db80581e5,115568,115572,4,མྱུར
tsawa,I9FF2B59B,588ee02b4cd6444dac4f430494308fcb,115693,115696,3,ལྡན
tsawa,I9FF2B59B,e0468656631d4e5ba618889d2fe56e0f,115700,115703,3,དཔལ
tsawa,I9FF2B59B,a4c6383667a443799312d0c349b5ab2a,115715,115718,3,འཛད
tsawa,I9FF2B59B,102abad08d494e0e9f07fa7159c9a168,115721,115724,3,མེད
tsawa,I9FF2B59B,2a3c4fce60134256a7aad1eba1f0e715,115877,115881,4,བདུད
tsawa,I9FF2B59B,0fbbe1a7b4ee4f7083e072efcbccb9b9,115967,115970,3,དགྲ
tsawa,I9FF2B59B,7fd967b5737f4e4c8f859edcfb72c530,116223,116227,4,བསྟན
tsawa,I9FF2B59B,a161dafb18b1471292793320ae522432,116256,116259,3,དང༌
tsawa,I9FF2B59B,aed3396f26134e3591a6f36896e83b8b,116273,116277,4,འགྲོ
tsawa,I9FF2B59B,e21705073805493b8f930ddd4c88d013,116284,116285,1,ལ
tsawa,I9FF2B59B,b6e435e916bd4676b6eea73962bea56a,119347,119350,3,བདག
tsawa,I9FF2B59B,0773c39e9268460e90e69fb0f1091b73,121101,121104,3,མེད
tsawa,I9FF2B59B,317d5d87635f4aee8b1b0b0a17e080f1,121148,121152,4,མདུན
tsawa,I9FF2B59B,51429a62db6f47f3bdf7e477f42ee244,121352,121355,3,ཤོག
tsawa,I9FF2B59B,d5780357e91f4c6b885e924771127014,121590,121594,4,མཆེད
tsawa,I9FF2B59B,30b6e6ba755e41fcba6c6c830cc0bcc0,122007,122011,4,འཁོར
tsawa,I9FF2B59B,ac38624ff4f34726b5796d3b212663c4,122183,122185,2,དད
tsawa,I9FF2B59B,dae3c06a62144761a77f4417b6a1add2,122188,122191,3,དང༌
tsawa,I9FF2B59B,f54234e9b04f455494fe5163ca5c85ee,122336,122340,4,རྒྱལ
tsawa,I9FF2B59B,f56cf7300d1f473191ad835d6ffaf2aa,122345,122348,3,སྲས
tsawa,I9FF2B59B,fe223e7a42cd45378ba9849955e84ac3,122373,122375,2,ལམ
tsawa,I9FF2B59B,416d16df287a464eb548dab8bbb0145a,122380,122384,4,བསྟན
tsawa,I9FF2B59B,d3548bedec8a4b2eadf21343da9898fa,122389,122392,3,བདེ
tsawa,I9FF2B59B,98047c38fca34d8fa98a59fa32e32e7a,122395,122397,2,ཅན
tsawa,I9FF2B59B,1ef56d4e3ea4477fb3d19be718905610,122401,122403,2,མེ
tsawa,I9FF2B59B,dcd1a888d70241c4ba7e84ef1b0234f0,123281,123284,3,མེད
tsawa,I9FF2B59B,2e7b5c993fdd405086ee2702302989a4,123290,123292,2,ལྷ
tsawa,I9FF2B59B,a135c5e1032e4adf8b198ce027091b37,125050,125052,2,དེ
tsawa,I9FF2B59B,3a23ce2804214bdcb1c4ee2a7737975c,125299,125303,4,མྱོང
tsawa,I9FF2B59B,7955821e55dc48f7a5966b573e663d49,126061,126064,3,འདི
tsawa,I9FF2B59B,20245a90276446ff9ea8d306f8f54d72,126086,126088,2,ཟས
tsawa,I9FF2B59B,32da83997c524d449962eb41c8d90955,126141,126144,3,སྤུ
tsawa,I9FF2B59B,737e827f546940c2885dca141c9d855d,126153,126155,2,ཙམ
tsawa,I9FF2B59B,7ab5fb3284974b0fab76cc9192e2fc3d,127121,127125,4,མཐུན
tsawa,I9FF2B59B,ffe667b8f67a4d3f98ec327d3e086af7,127175,127179,4,རྣམས
tsawa,I9FF2B59B,4e6a2c6058034390be833aeee14575ba,129596,129599,3,ས་ཆ
tsawa,I9FF2B59B,131c149fab684aac90b25739b03f6b5c,129725,129728,3,།ཐར
tsawa,I9FF2B59B,103d0b98794f4b40afff9f502d7fcb2d,129737,129740,3,མེད
tsawa,I9FF2B59B,a5496769b85047f38554c9e2a9839128,129810,129813,3,ཆེན
tsawa,I9FF2B59B,ab0f00c672d24beeb06a78bdcb0df5df,130640,130642,2,ནས
tsawa,I9FF2B59B,8aaeefc30ef84085b00e2a855b5f716a,131008,131011,3,དཔེ
tsawa,I9FF2B59B,d78ec29881ce4acea5fec1fd4aea0721,131035,131038,3,ཤོག
tsawa,I9FF2B59B,4076dcbac916486f8e191a96e6a1e97f,131235,131238,3,ལྡན
tsawa,I9FF2B59B,936c04fb5f2f4c2cb8156af336807d70,131372,131375,3,ཤོག
tsawa,I9FF2B59B,c8d54aace598459382ea58e5fa793aa7,131550,131553,3,བྱེ
tsawa,I9FF2B59B,63a33bee78fe4b2c9734eac4fff768d7,131590,131593,3,ཤོག
tsawa,I9FF2B59B,d19fd424b3b549d5add6f7d190b12d29,131783,131786,3,བཅས
tsawa,I9FF2B59B,feaac160578a4de2a13eed9e3de52fd2,131807,131809,2,དེ
tsawa,I9FF2B59B,7f67ec87cde7451085694e1bfcebf021,131813,131815,2,ཚེ
tsawa,I9FF2B59B,958f7771d67243d48c4a53a62ec15236,131890,131893,3,མགོ
tsawa,I9FF2B59B,400554516bf642998775abee044d76bc,132454,132456,2,ཟབ
tsawa,I9FF2B59B,4c1179382fea4448bc6c1434e8585285,132470,132472,2,དང
tsawa,I9FF2B59B,5ea32391998c41b481df093d910fb67a,132523,132526,3,ཆོས
tsawa,I9FF2B59B,db25bc582dd84722853f99cf18d8477e,132701,132705,4,བཟུང
tsawa,I9FF2B59B,7e4b2244116b4e3b91a541040eed7ffe,132709,132712,3,ཤོག
tsawa,I9FF2B59B,45d8b0b263ee4323b30c5cc96a5626af,132802,132805,3,བྱང
tsawa,I9FF2B59B,31fc01cf395044b4addd1d670c1d61a0,132810,132814,4,སེམས
tsawa,I9FF2B59B,0e032a69dac8432f8abaa52d4117d054,132819,132822,3,དཔག
tsawa,I9FF2B59B,3810b107b6694173844852babedb7fcc,132851,132855,4,མཆོད
tsawa,I9FF2B59B,ac86107d258146b6b96662b8337e940a,132944,132948,4,ཞིང༌
tsawa,I9FF2B59B,f69abc39bcd24ab789bba5e45e2a6a8b,133091,133094,3,དཔལ
tsawa,I9FF2B59B,a9ef3631916842f28fba4fca1fbf9272,133098,133101,3,ལྡན
tsawa,I9FF2B59B,17a0f016ee94419eb77136bb97690c29,133106,133109,3,ཞིང
tsawa,I9FF2B59B,6f2abe0feff54838946bc571a1222b71,133139,133142,3,དང༌
tsawa,I9FF2B59B,b9d7fe70c28247a48b4ac7f5ac676968,133235,133238,3,རིན
tsawa,I9FF2B59B,7ccea565a86a4dc4ab62a7a96958d8a5,133274,133277,3,རྣམ
tsawa,I9FF2B59B,934501d9be7c491198a9105a4de6afff,133281,133284,3,སྣང
tsawa,I9FF2B59B,f284dc2ac4f3494e93fb15a7dadb1d44,133527,133530,3,དང༌
tsawa,I9FF2B59B,4da5f5877ee644b398e0e7a6688aec6c,133561,133564,3,ཡུལ
tsawa,I9FF2B59B,350ded000a8e465f9af0f8010eb60a30,133653,133656,3,རྡོ
tsawa,I9FF2B59B,d560b762a8684d86be1a8d1918d1f9ce,133685,133689,4,བརྒྱ
tsawa,I9FF2B59B,6c7851c7e38841d69ac71eec9c85bfc9,133725,133729,4,མཆོད
tsawa,I9FF2B59B,122a7c232a56477b86accd14ae096913,134529,134532,3,བཟང
tsawa,I9FF2B59B,cf43454e7eeb4030a0e83386c5dc0928,134651,134654,3,མེད
tsawa,I9FF2B59B,173550641635498fbee7e3421db9dd85,134684,134688,4,འཛིན
tsawa,I9FF2B59B,7bb2a590c287490e961d403db6b6f3a5,134846,134848,2,ཚེ
tsawa,I9FF2B59B,2be4444814c54072a2bea82f8594b532,134915,134918,3,ཆོས
tsawa,I9FF2B59B,2561b8dab4ac47278deb5573fb473ec2,134948,134950,2,ཉན
tsawa,I9FF2B59B,549b988a6065402781f320f9503bfc79,134970,134973,3,ཆེན
tsawa,I9FF2B59B,be637b8617784137bdc4676035cdbcc1,135251,135255,4,འཕགས
tsawa,I9FF2B59B,de14b9e6741f480c98c28a759a53bc98,135501,135504,3,རིན
tsawa,I9FF2B59B,49fced9b4535493b9ec9656d74919bff,135870,135873,3,བདེ
tsawa,I9FF2B59B,0392312a7d0142048680b53f1a9780c6,135940,135943,3,འཇམ
tsawa,I9FF2B59B,9973817a748d474ab42226b6189eb981,136421,136424,3,རིན
tsawa,I9FF2B59B,a4646f747ec445828e0600343f737ffb,136494,136497,3,ཤིང
tsawa,I9FF2B59B,5335a3b5868943abb04571fa58d2aa9f,136501,136505,4,ལོ་མ
tsawa,I9FF2B59B,6593514ca39d4e0a8e1c766ab69dbe36,136668,136671,3,ཆེན
tsawa,I9FF2B59B,ff6de0c7bc8f474cbcc39e4cc913bcc2,136906,136910,4,ཚོགས
tsawa,I9FF2B59B,0836aeadc0384777a4d6fe799e08dffc,136926,136930,4,སྒྲས
tsawa,I9FF2B59B,a8ac63443bfd42c298b0f6136b277fa4,136953,136955,2,ཟབ
tsawa,I9FF2B59B,b751741a99454892a5e5e0839901f133,137265,137268,3,ལྡན
tsawa,I9FF2B59B,afa6faf23c0a4a9b80dba1ec6b29653f,137412,137414,2,མང
tsawa,I9FF2B59B,e85220032d4246008c46a02a3f2b3751,137515,137518,3,རིན
tsawa,I9FF2B59B,da26514fa3544e3ba1a8d597e58a43a4,137680,137683,3,པདྨ
tsawa,I9FF2B59B,4cb8babe5cc846fba7e5ea1cb535962b,137742,137745,3,ཞིམ
tsawa,I9FF2B59B,7021cc0eaae44e05996da2fe9c88aec1,137772,137775,3,ལྡན
tsawa,I9FF2B59B,bc75d7a457f448298ce517f275ce6d13,137875,137878,3,རྩེ
tsawa,I9FF2B59B,9f6fa4c61d2e47278180d1f1a1a9d8b9,138154,138157,3,སྒྲ
tsawa,I9FF2B59B,3ac60874f978408eaf3d8fc790645f0e,138296,138300,4,གདོན
tsawa,I9FF2B59B,1519496f882e4b27930812b09b951ce0,138348,138352,4,ཕོངས
tsawa,I9FF2B59B,1b9ae19795694e3db659f90162c1abbe,138667,138670,3,ཁྱད
tsawa,I9FF2B59B,e15d57d94c3a4011af0b9df99b0b6bcb,138674,138677,3,མེད
tsawa,I9FF2B59B,56b8c13bbdfb4a40b9c02665e2d43de6,139069,139072,3,མེད
tsawa,I9FF2B59B,a1725a0f223346f79f50079bbe1d7d04,139150,139153,3,རིན
tsawa,I9FF2B59B,0560b919b4e841bc8c5b618a52bb3a51,139421,139425,4,ཁྱོད
tsawa,I9FF2B59B,790bff55c2fa4553af38bde92f263336,139704,139707,3,མེད
tsawa,I9FF2B59B,8b5eb453f1ff42828246b9182332aedb,139712,139715,3,ཐེག
tsawa,I9FF2B59B,5d62a37aec0b4b4492510ee59293bc67,139718,139721,3,ཆེན
tsawa,I9FF2B59B,b81ddaaa327d4e4d85e2d9c44fdd5498,140312,140315,3,ཤིང
tsawa,I9FF2B59B,561548601a60427db8bb562a09eac535,140323,140326,3,དང༌
tsawa,I9FF2B59B,67689e7feeab4166b01c74fe85f4ef21,140335,140339,4,པདྨོ
tsawa,I9FF2B59B,76ba9d1cb43e4568933f78fb382d559a,140393,140396,3,སྒྲ
tsawa,I9FF2B59B,8ac7a2d2d8db459d95d31734cb5d114a,140403,140406,3,དྲི
tsawa,I9FF2B59B,bd4ab5d1f34a4027ad42dfc525d2328f,140414,140416,2,རོ
tsawa,I9FF2B59B,aecad3b281f443649b3481905aaa4a88,140423,140426,3,རེག
tsawa,I9FF2B59B,16b8c215c9b240eba8eade39cded66e1,140563,140565,2,མོ
tsawa,I9FF2B59B,0a1c2cad99b1485b9d3ddaca18cd137f,140574,140578,4,ཚོགས
tsawa,I9FF2B59B,e1bd3ce4abbb40b38a2533be7ea0ba22,140615,140619,4,དུ་མ
tsawa,I9FF2B59B,f57b96c53de74c2dbba5538462f4c561,140831,140834,3,སྔས
tsawa,I9FF2B59B,8bb1d276b3464f65b0b8b24e5854449b,140976,140978,2,ཚེ
tsawa,I9FF2B59B,e69cb20b4b8b44d68015faf51e11d315,141250,141253,3,གྲང
tsawa,I9FF2B59B,46517046cd03492891318446e9ba5893,146793,146797,4,མཆོད
tsawa,I9FF2B59B,ac53fcc598bb4ed4adadaba090a511c9,147111,147113,2,ཚེ
tsawa,I9FF2B59B,f95de44e4b044ae985bbf3e803ac518a,147121,147124,3,ཆོས
tsawa,I9FF2B59B,ff5a4ca7d3124c60b76d7e03d15fb5d5,147184,147187,3,ཤོག
tsawa,I9FF2B59B,24533f7f930940169fbfdf23973f1d55,147418,147422,4,བྱེད
tsawa,I9FF2B59B,7e761275e25949b2b0d3ccb44b87ab07,147480,147483,3,ཤོག
tsawa,I9FF2B59B,bea616f244924010a2354d6a2fa84e55,147728,147730,2,ནས
tsawa,I9FF2B59B,15346b996248420aa441ec4e6123b1db,147872,147876,4,སོགས
tsawa,I9FF2B59B,27d75c4a8b9049fdb1b962fc38bc93a4,147880,147883,3,འབད
tsawa,I9FF2B59B,3059ee1548c7448ba793f975141ac10a,147889,147892,3,མེད
tsawa,I9FF2B59B,f3b9533a23c84613bc0700f0f4d657c0,147925,147928,3,མེད
tsawa,I9FF2B59B,22c90455786d4be58b8407dc0e101dbf,147939,147942,3,ཤོག
tsawa,I9FF2B59B,4c13a597c69a4c12b809e999d513d503,148162,148165,3,མེད
tsawa,I9FF2B59B,6f87c6bbc2414256889d21e380657796,148189,148192,3,མེད
tsawa,I9FF2B59B,3de7a592a2cd4f118d82e42888911f86,148217,148220,3,ཞིག
tsawa,I9FF2B59B,7247c7dba0544afcb14231d5ddf7ae46,148305,148307,2,ཆུ
tsawa,I9FF2B59B,e9b98e038cce4eccb662ca8bdb59d3a5,148313,148316,3,དུག
tsawa,I9FF2B59B,05262ad2380d4a10817fd89638f7955b,148322,148326,4,མཚོན
tsawa,I9FF2B59B,01f98ce102654f24be8db8e00c2ebbbe,148442,148446,4,འཛིན
tsawa,I9FF2B59B,d853682713ab43e8ba4ac22add79ce96,148495,148497,2,དང
tsawa,I9FF2B59B,b22c0801e59e44c9b95b036a2426bf8a,148533,148536,3,མཛད
tsawa,I9FF2B59B,ac4aceb793fc4e1c80bbe7366880fb03,148540,148544,4,གསོལ
tsawa,I9FF2B59B,1012162a7dc4463da7043ee490a8ea33,148824,148827,3,ཆོས
tsawa,I9FF2B59B,9daef976a1134f0c846aabdc1ef0ba03,149109,149113,4,བཞིན
chapter,IAE1E11E5,59ae4265c7434c1683c022369efd238e,2841,2841,0,
tsawa,IB522F095,afd2d470abf24c6cabaafa119a621f7f,153972,153975,3,ས་ས
tsawa,IB522F095,87e80be920e84db0b9c0594c03a84724,153981,153982,1,།
tsawa,IB522F095,2fa001a1d4b041d2a86ed6ae6cbf3a6f,154232,154234,2,ས།
tsawa,IB522F095,3be9b9016f244397905c3fc4c9bf79bf,154266,154267,1,།
tsawa,IB522F095,22ec2ee582d14d91b661bcccca4564b8,155445,155446,1,།
tsawa,IB522F095,a745824ec3d14884b42f3c86fb145a27,155525,155529,4,དང་།
tsawa,IB522F095,ae0247255f9b4281ad255c82e8181619,155635,155639,4,དང་།
tsawa,IB522F095,240cdb80f4674a058ddea27880a3f02b,155912,155913,1,།
tsawa,IB522F095,e86bffef47b34d0b8f892ac1ad7e3b42,156088,156089,1,།
tsawa,IB522F095,40a0fe8d6b354945a14f03dbce54cfc7,157235,157238,3,མེད
tsawa,IB522F095,80ca27437489406a9d71c2babc5dc491,157305,157309,4,ཚོགས
tsawa,IB522F095,8e060bae510a4ca6a05d003f4291ad2f,157313,157314,1,།
tsawa,IB522F095,9d9afa4acefa422387808a0f31bdf0f5,157336,157338,2,དང
tsawa,IB522F095,0b740c52d7c946658763833fcf7d6ad0,157407,157409,2,ཕན
tsawa,IB522F095,b1d87ba0abcb420cb8e4825c1a4cbae6,157412,157414,2,དང
tsawa,IB522F095,074c1e329f254efb8933ba3d3c603972,157446,157447,1,།
tsawa,IB522F095,4537db54579c4b0a930a242d8b7132c6,157476,157478,2,ན།
tsawa,IB522F095,af2da666ae164e92b02348e2874e0a26,157497,157499,2,རྩ
tsawa,IB522F095,04f9593d6ed74198ba72b2a18d3bc662,157504,157508,4,ལྟུང
tsawa,IB522F095,b39d58e1c795491688bfffd23f1ff45b,157511,157515,4,དང་པ
tsawa,IB522F095,46f3bfe60af24a15800339fef6cb53dc,157532,157533,1,།
tsawa,IB522F095,bb7622850de142eca0a1ddf62f752b99,160726,160730,4,དེར།
tsawa,IB522F095,8aec80dd706b49ddb693616e4c637980,160820,160824,4,ཉི་ཟ
tsawa,IB522F095,b1302d9278a94c6f9e013c2f8e1aee43,160831,160834,3,་ལ།
tsawa,IB522F095,832d89c2e138475fb76bf6e9f7966498,160883,160887,4,མེད་
tsawa,IB522F095,df2808c69ed540c0892f78b86b12f14b,160896,160900,4,་དེ།
tsawa,IB522F095,7b01f660c0a74d2bb4102b04abea6370,161472,161476,4,ཞེས།
tsawa,IB522F095,5238d6cde09b43dfbb0ea57ec4e9df5b,161540,161544,4,རྒྱས
tsawa,IB522F095,5f900b0532e1417eaed03ebaafb78547,161552,161556,4,དང་།
tsawa,IB522F095,b4245ae8087e478bbd2c120ba9e70365,163862,163866,4,བླ་མ
tsawa,IB522F095,922963c0e19a40f1ae9eb24c6e97b4b0,163869,163873,4,ཐ་མལ
tsawa,IB522F095,d7ea72f354b74d478a6a7ebb64bb1ef9,164181,164183,2,ཞི
tsawa,IB522F095,7902babccbb74e3ba879534fbfe1762c,164188,164191,3,སོག
tsawa,IB522F095,971444eb24f3479ca3bbfd769c6d0aff,165332,165333,1,།
tsawa,IB522F095,d7d1a7076e094c87ae9f2c6118678c79,165828,165832,4,འཁོར
tsawa,IB522F095,07b52f2993e5493aafb5864337c28d25,165865,165866,1,།
tsawa,IB522F095,35abdc014c884a0a82fdfd13d462bc74,165897,165900,3,པས།
tsawa,IB522F095,b6177c7e832a4abcaeae8c5ecc818b18,165927,165931,4,བཞག་
tsawa,IB522F095,5ab2b59c300e4dc5b1417efd5318c50b,166004,166006,2,ལ།
tsawa,IB522F095,0d1b3bc59f8a430992191740060b2439,166101,166105,4,་ཡི།
tsawa,IB522F095,1e43dc900ed042b6948cb12cd92ca38c,166483,166487,4,ཡང་།
tsawa,IB522F095,bfb54816355945d3aa5ba92f1b130d5a,166525,166526,1,།
tsawa,IB522F095,f9d99fc30a4d4ee99ecf26a0934c06ef,167071,167074,3,ཅན།
tsawa,IB522F095,be6bdeb0bd784a078027ea662f1699fe,167239,167241,2,ཞི
tsawa,IB522F095,d86df0f56c414bb092f4b1de8c4c4275,167247,167250,3,ཁྲོ
tsawa,IB522F095,52dcd20fbf0a46c8ab7b18cea55e0b6a,167302,167304,2,བར
tsawa,IB522F095,327f39c64fb441b59f2a3e8eb01864e0,167307,167308,1,།
tsawa,IB522F095,a738ae7307a64e788f9474230bff51c7,168059,168062,3,དེ།
tsawa,IB522F095,f51fac99412f48c599cfc8a6e548151f,168500,168503,3,སྐུ
tsawa,IB522F095,e995b849bbf54b0cb1372fd016486f27,168507,168511,4,ཡང་།
tsawa,IB522F095,41122c5317894db9be6e03bb65dc0dfc,169524,169528,4,བླ་མ
tsawa,IB522F095,1a574185a37a4245abf73595252397da,169587,169591,4,དེས།
tsawa,IB522F095,056324c7492a4112b4517480a49a3fb6,169809,169810,1,།
tsawa,IB522F095,6b64fd6288254a719ad1a0cfe4fa586d,169896,169899,3,ཐོས
tsawa,IB522F095,ac6f0beb863844e3a1fdb32b643c1ec0,179250,179253,3,པས།
tsawa,IB522F095,fab3f7b0256a48908fa837a72986d9f9,179256,179260,4,གཟུང
tsawa,IB522F095,a20f14ccd3444d07ae50301bf66615df,179266,179270,4,འཛིན
tsawa,IB522F095,848d571abe0f485787f2ed2586e18095,179491,179495,4,པ་ལ།
tsawa,IB522F095,c77e96531af54a96bcd9f39ff2c337d5,184296,184298,2,ལ།
tsawa,IB522F095,3cd951f9b20f4bd0a3294f47cb6084c3,187390,187391,1,།
tsawa,IB522F095,1b092a2f423c4efcb3ccb69e02128cc2,200454,200457,3,དེ།
tsawa,IB522F095,51542f9c242d48458919e57e5fb83326,234193,234194,1,།
tsawa,IB522F095,623f30cc67c446f68c7cd5b91f775bec,234330,234333,3,དེ།
tsawa,IB522F095,4b7891f9c32949f690784ce21e326936,248846,248849,3,བདེ
tsawa,IB522F095,be065d354ab84ae884d4b1f0b3716dd2,248949,248952,3,ཐོབ
tsawa,IB522F095,428575c1222c469489729421bbf616c3,248960,248964,4,ཅེས།
tsawa,IB522F095,2eb5922a596549e890d8d83486f21eea,249269,249270,1,།
tsawa,IB522F095,5866d237b4e14ef7a50bfc19c856262f,249662,249665,3,ཏེ།
tsawa,IB522F095,5707f371421f4fa88826c112c30a1783,251023,251027,4,ཐོགས
tsawa,IB522F095,da3ee1b8676447deb59bdcf279c7ca6b,251030,251033,3,མེད
tsawa,IB522F095,1c889d7388bc4c54a1f52dae42fe83c6,254419,254422,3,ཆེན
tsawa,IB522F095,d80d5ac9f82e45efb71d77e2570181a0,254428,254431,3,ཏིང
tsawa,IB522F095,6ea25273e13b4f76a9cbc7bc58149e5a,254823,254825,2,ལ།
tsawa,IB522F095,57e9ca5b9d4345e3859ea7043b6a568a,254858,254859,1,།
tsawa,IB522F095,6dae54338b5e4fcb99030e4a2bf8124e,254895,254899,4,གཉིས
tsawa,IB522F095,4dff9da63abb4dbf8d4acfe4b6a3266e,254903,254906,3,མེད
tsawa,IB522F095,cef024c4950a4514acaefe20f69268b4,254985,254989,4,ཕྱུག
tsawa,IB522F095,8fe672e94b5d4ee28b0e2bbfb737b877,256043,256044,1,།
tsawa,IB522F095,37bc84c17a614fa4a6507c3e722e466b,256205,256206,1,།
tsawa,IB522F095,e8277b1eb3c9459a9c2a503937e8028d,257152,257153,1,།
tsawa,IB522F095,b8878d27c2304d87be11d7b9db818754,258573,258576,3,ཅན།
tsawa,IB522F095,42e54cfc79e84ae7ae0d2bde4aad117f,258594,258598,4,་མཛད
tsawa,IB522F095,c9d70221b52d4ca89e748f0f25776334,260855,260859,4,སྟེ།
tsawa,IB522F095,a9ad9c287c8c4c5ebe47dbab8324dc00,260998,261000,2,དེ
tsawa,IB522F095,36a5180c9603405389c428503f9fcf75,261105,261109,4,འཁོར
tsawa,IB522F095,afebd0e9a6e34c76bd2d23a421e4f42a,261124,261127,3,འདས
tsawa,IB522F095,1c44d792c96d47718818f572a7265aa9,261238,261241,3,ཏེ།
tsawa,IB522F095,e202947d731b4c9b8e8bfbd0edcab2bb,261333,261337,4,འཁོར
tsawa,IB522F095,e6aaa372c56b4ab5a53db7f2684c3e7d,261487,261490,3,མཉམ
tsawa,IB522F095,7634b7f55a474c609561eabf984721d0,261498,261502,4,རྗེས
tsawa,IB522F095,3536df42e71b481ebe98a6337dc473bc,261534,261535,1,།
tsawa,IB522F095,22a72b265a764555989003411b332859,261659,261663,4,འཁོར
tsawa,IB522F095,999ecf69b7d84cbd8ba60a3472ae335c,261694,261695,1,།
tsawa,IB522F095,834fe75f9bd4482b89407baab6faf400,261730,261734,4,ཡིན།
tsawa,IB522F095,2c7015e7ae494048b8bc564dd4a4326e,262030,262034,4,ཆེ་བ
tsawa,IB522F095,23a77a0e4d0344c48ea2b0e0ddf85519,262039,262042,3,ཏེ།
tsawa,IB522F095,218ddbbfb76d4e43bc625ee5c1c1198d,262103,262104,1,།
tsawa,IB522F095,cfd7faf3579a44c192fa067c155736e9,262195,262199,4,ས་བཅ
tsawa,IB522F095,4f16d1d1391043609c7007495d9c4c89,272028,272030,2,ལ།
tsawa,IB522F095,3344843835224240ae03687f61d6d32f,272509,272510,1,།
tsawa,IB522F095,38de7411bcb7447b8a5bb0cb29659f5e,272829,272832,3,སྐུ
tsawa,IB522F095,93ec45e5c5a4435ebda1951fe0385fcb,275906,275907,1,།
tsawa,IB522F095,d240d8c3cae74387b8e7d8fa4fc9d3c7,275940,275941,1,།
tsawa,IB522F095,2646015d65d84237aa25871596e3ae63,276343,276346,3,ལས།
tsawa,IB522F095,1dc24a18f48f41f0bf71a2dfac3e8b4d,276419,276420,1,།
tsawa,IB522F095,81b96c76eb214ea298ec2c7e3591bbbc,277503,277504,1,།
tsawa,IB522F095,1c256659b7ce4709b9e49b947169f228,277692,277693,1,།
tsawa,IB8EEB9FB,5c43ee740db24cf7b7ffbee457c0906a,233674,233674,0,
tsawa,IB8EEB9FB,97607c95ef09496788cf19b9c146f63e,233735,233735,0,
tsawa,IB8EEB9FB,8f5fb2e2a17d43209cb1bfe1ad40175f,233941,233941,0,
tsawa,IB8EEB9FB,806633425e0a45c98d19f562cdbb1e4f,234093,234095,2,ཧོ
sabche,IBD1386A4,afa9c8157c3a496095fdae87ffa06195,4169,4169,0,
sabche,IBD1386A4,4434ba6c5e5e4eba8bc59f4ed89bbb06,4854,4854,0,
sabche,IBD1386A4,db17d5aa6f5444ef9b9b2ba84c14ab3c,4953,4953,0,
sabche,IBD1386A4,9666a83a36f842689167577bdd73bd56,5019,5020,1,ང
sabche,IBD1386A4,fd3ab6baf0864d0b93e39fa861dda853,5063,5063,0,
sabche,IBD1386A4,c8e9ba8834724fccbeb43bf795a78580,5127,5127,0,
sabche,IBD1386A4,be9c6fbc46d14a06bc7cf12dbf33e242,5254,5254,0,
sabche,IBD1386A4,12ab8b1941694de9a88214f41cd83274,5350,5350,0,
sabche,IBD1386A4,016d952cc32145c083313340c40f622e,18049,18049,0,
sabche,IBD1386A4,bd0341f1f81b4777b58193c0664c2661,18133,18133,0,
sabche,IBD1386A4,700da8315c104236ab361ec3e0e929f8,18490,18490,0,
sabche,IBD1386A4,a66eebdaf1fc4549b1f7b0bc5f7c150d,18769,18769,0,
sabche,IBD1386A4,230ce833771a443488c22822f8945300,19145,19145,0,
sabche,IBD1386A4,cc39d2b7bee54cd7be2d804bf887a132,19212,19212,0,
sabche,IBD1386A4,28f1578e0ecd456eb4a0a092d502b2c5,19682,19682,0,
sabche,IBD1386A4,51b337753885462c95f026b31f02b4e3,20189,20189,0,
sabche,IBD1386A4,437637c9f61549abb06ee484b31da781,160885,160886,1,ཞ
sabche,IBD1386A4,50fe3ec297f24dabb028f458dbddb7c4,169850,169851,1,ཟ
sabche,IBD1386A4,d7598e3bfdba4b0f836b97743e9bf8dd,176743,176744,1,འ
sabche,IBD1386A4,a8c951d11ff34cbe8e9483be4ceebe93,184960,184961,1,ཡ
sabche,IBD1386A4,880eccd4905a474b94cbe3d0bcc696a6,189034,189035,1,ལ
tsawa,IDAD44BA2,ca0e63d5fa7745509d698075746b0d23,894,898,4,བསྟན
tsawa,IDAD44BA2,3633b048f27d44d2bd8fc3d29d2c8f83,981,984,3,སངས
tsawa,IDAD44BA2,88d3093c11e34108977496fa926e380b,998,1002,4,རྒྱས
tsawa,IDAD44BA2,6f9b424cd83f42e288736af64666525c,1014,1017,3,དང༌
tsawa,IDAD44BA2,70c699f937b24bb9a6f6de103cbecc57,1072,1076,4,སེམས
tsawa,IDAD44BA2,e7d424bcaf2646fba2d430003d44c367,1091,1094,3,པའི
tsawa,IDAD44BA2,b7ad3478a89a4c738401b4063bf3e5c6,1210,1213,3,ཐོས
tsawa,IDAD44BA2,1ad0ba4c3c8041c2a547659cf29c4305,1221,1224,3,བསམ
tsawa,IDAD44BA2,d9acf264a12f44e68f60060ab9e8610d,1229,1231,2,རབ
tsawa,IDAD44BA2,d126d0597a4b4ac9bde31150d8141bfc,1245,1245,0,
tsawa,IDAD44BA2,9912bb45190346ce8b6324c449cfcc0a,1915,1918,3,དང༌
tsawa,IDAD44BA2,8326bdbf3db24a98b2762731137510b0,1923,1926,3,གཞན
tsawa,IDAD44BA2,988c628d2def4243a41c6bed3bec3774,1991,1993,2,པོ
tsawa,IDAD44BA2,7cdcd33141fa41a6b8193e10d994e5e8,2068,2072,4,རྡུལ
tsawa,IDAD44BA2,ae10a45db9d04e8daecd6ce8a42cfb33,2163,2165,2,ཕག
tsawa,IDAD44BA2,6c3c8706df574c4a8c384253e45dca4e,2331,2335,4,སེམས
tsawa,IDAD44BA2,7f27be41ee4b4540a7ea0c8c93e89c07,2342,2344,2,ཙམ
tsawa,IDAD44BA2,928a20630966439aabd95f60dafc372a,2416,2419,3,མིན
tsawa,IDAD44BA2,9939e3897d2749b385a421a75b9e88f3,2527,2530,3,སྟེ
tsawa,IDAD44BA2,cd86f8f661084e3eb0365ed2879e7a8b,2566,2570,4,སྟོང
tsawa,IDAD44BA2,3ef55a19292c417bb838b4054ced4aac,2643,2646,3,རྣམ
tsawa,IDAD44BA2,0eef5aae99d443eaa1d5fb555960d3d5,2903,2906,3,དང༌
tsawa,IDAD44BA2,236b577327f049ba84f04522f8259fbf,3316,3317,1,བ
tsawa,IDAD44BA2,7df07dd9bed847deaa5d558fe508e53d,3625,3628,3,ལ། 
tsawa,IDAD44BA2,e20c9efb84634d949225919099f76ee3,3795,3799,4,ལེགས
tsawa,IDAD44BA2,156bcd556b5f46a18c70c0570ce39339,3831,3834,3,རིག
tsawa,IDAD44BA2,9b8930b494794418855a3372483d5a22,3962,3964,2,གང
tsawa,IDAD44BA2,8d7a67553ec2408f92f4b547dafa4f06,4033,4036,3,ཤེས
tsawa,IDAD44BA2,a10c2d817fb0439ca9f55dbd1b21584f,4073,4074,1,ན
tsawa,IDAD44BA2,38f2b7c374714ab1956cafa66ba6cba9,4151,4155,4,བསྟན
tsawa,IDAD44BA2,75d0681440344494bccdbe549441a86c,4159,4162,3,མེད
tsawa,IDAD44BA2,445b0500096b47e79ad3c5acc40a43ca,4228,4230,2,ལས
tsawa,IDAD44BA2,fe9f2301ff354a19aae081ecb540937e,4358,4362,4,བྱུང
tsawa,IDAD44BA2,f31c1c7724114f8db50a240f13a76b1e,4399,4401,2,དེ
tsawa,IDAD44BA2,068380561dd448dd914df1b9f6f668f0,4406,4410,4,འདོད
tsawa,IDAD44BA2,b793dfe7e55241edbc72353d562735fe,4425,4428,3,ཤེས
tsawa,IDAD44BA2,2778c6b917534ce59a20850dca97d1a8,4431,4432,1,ལ
tsawa,IDAD44BA2,e809a2871e29481d9a5e9dd988e5f701,4492,4495,3,མེད
tsawa,IDAD44BA2,9b2dd85aaeac41059a790c4983507df5,4500,4504,4,ཕྱིར
tsawa,IDAD44BA2,9144e226ca1543d68c174340eb6aa149,4683,4685,2,དེ
tsawa,IDAD44BA2,7b39ab0fe1cc47b6a53eb3a3708d9e17,4689,4693,4,ཕྱིར
tsawa,IDAD44BA2,f345ded128fa4ffdaa1af9ff804aa6ec,4732,4735,3,ཤེས
tsawa,IDAD44BA2,dea6ce01b642498dad75f4247a538841,4830,4834,4,བྱུང
tsawa,IDAD44BA2,66e676700c5641938234623b804357dc,4853,4856,3,ཉམས
tsawa,IDAD44BA2,e3a0c17f2d56467298c6d99f881923e5,4860,4864,4,མྱོང
tsawa,IDAD44BA2,d111857c8deb44acb09225fe7916b4c8,4970,4974,4,བཞིན
tsawa,IDAD44BA2,96433d4b01544852a2b54dc445cf58d4,5027,5030,3,དང༌
tsawa,IDAD44BA2,5031dcde017d4369b710667305b7d4d4,5103,5107,4,སེམས
tsawa,IDAD44BA2,e306824542274c55b488b5bb90fe712f,5126,5128,2,ཏེ
tsawa,IDAD44BA2,c329261727a54443a4f235500ed3b3a4,5202,5206,4,གྲུབ
tsawa,IDAD44BA2,865b64a7d46441d3b37ab4e5ba0f2055,5209,5212,3,མེད
tsawa,IDAD44BA2,f5855db582484470a23d0f0a16b97fdf,5235,5239,4,སོགས
tsawa,IDAD44BA2,fb59b6155e274d5ca4058a3d964a4418,5248,5252,4,བྱེད
tsawa,IDAD44BA2,671bb31737664506be68985271961824,5255,5257,2,པོ
tsawa,IDAD44BA2,77c2b4970e5740218f402b3ae671099a,5590,5594,4,དེ་ལ
tsawa,IDAD44BA2,a224cee5d0bc47639ddfbdb5f0ea392c,5677,5680,3,ཞེན
tsawa,IDAD44BA2,a0e7dc107a9341b2a696cbce4e631e57,5711,5715,4,དངོས
tsawa,IDAD44BA2,1a8ed9f80913487182006afcbe2fd8b0,5719,5723,4,བདེན
tsawa,IDAD44BA2,f818d084b6bf4dbfac8cdca30c8d72f5,5732,5735,3,མེད
tsawa,IDAD44BA2,3cb2ed3394724822858bba8ac59debb2,5985,5988,3,དོན
tsawa,IDAD44BA2,597fd99d46cf44058b6ab56cd066e1d2,5998,6001,3,དང༌
tsawa,IDAD44BA2,72e2570fc0e34587a08e7322cb338232,6069,6073,4,འཛིན
tsawa,IDAD44BA2,0530706396e94e8e8be6190213100b73,6117,6120,3,རྣམ
tsawa,IDAD44BA2,24d3eb6a183245e0b9e632503324efcf,6124,6127,3,རིག
tsawa,IDAD44BA2,313d1dec0c754666b2c53eb66967c211,6236,6238,2,ཅི
tsawa,IDAD44BA2,a6d8d99cd4dd43faa71957642bcb069f,6377,6381,4,གཉིས
tsawa,IDAD44BA2,077a9abade054199bcf9fab0dff32620,6451,6454,3,མིན
tsawa,IDAD44BA2,f46c05f601a34713a6a4383f2b60fc13,6497,6501,4,ཕྱིར
tsawa,IDAD44BA2,54df101c78674e32a7f3d32c2703ac3d,6593,6596,3,འདས
tsawa,IDAD44BA2,f7c9aba98fbf4453a0e8ba5fe014263b,6900,6904,4,རྟེན
tsawa,IDAD44BA2,e2f0fe5d04fd499c9e2a8e2ec9fd9a0f,6930,6934,4,ནི། 
tsawa,IDAD44BA2,13a0511514b342a9840a35d492f36265,6987,6990,3,ཞེས
tsawa,IDAD44BA2,de7b545ce4934b93a3cdf6fe75917435,7587,7590,3,ཡུལ
tsawa,IDAD44BA2,d756e8502c90421ca1c257bb611601fd,7638,7641,3,ཡིན
tsawa,IDAD44BA2,38d9d2fc8c11458799d1b190c19f4c65,7698,7701,3,བདག
tsawa,IDAD44BA2,e9826e32f7d84809bd303d6d41d0a51d,7990,7993,3,ཡིན
tsawa,IDAD44BA2,cf592cb9bdf1449685de20dbdf4a13c4,8078,8081,3,ཁམས
tsawa,IDAD44BA2,a3a65789b2ac4c7ba97c6899ea9fbb17,8132,8135,3,དོན
tsawa,IDAD44BA2,966413c733ae4cec83d07b2d5ad6c3f3,8141,8145,4,མཐོང
tsawa,IDAD44BA2,665e0e4bd3b847e8be4117cef3558128,8676,8680,4,ཕྱིར
tsawa,IDAD44BA2,56c50bb2c13044178d9e3186abb523f0,8691,8694,3,དང༌
tsawa,IDAD44BA2,4c3a69d7a84b4fbebdbdb19b04f321b0,9343,9346,3,བཅས
tsawa,IDAD44BA2,733a9b51315b4bbba296aa150d0d91a4,9994,9997,3,དང༌
tsawa,IDAD44BA2,a12056c1461b4aaea68a933196ca1512,10292,10295,3,ལྡན
tsawa,IDAD44BA2,934b4003af464775a9d7182de9ba6ebd,10581,10584,3,དང༌
tsawa,IDAD44BA2,d2876f33dfeb4510bf6cfcf27468bcf0,11929,11932,3,ཕྱི
tsawa,IDAD44BA2,a6b130a9f31e432288063302a95a7d1f,11985,11988,3,ཤེས
tsawa,IDAD44BA2,46ff874cef7f4b84972f2ef001908686,12210,12212,2,གང
tsawa,IDAD44BA2,c0f4784baf7240c2afce3de674dbd477,12216,12218,2,ཚེ
tsawa,IDAD44BA2,f0025f0786e543a79e9c61fff588e6bf,12302,12305,3,བཅས
tsawa,IDAD44BA2,20906fc5e9654c66aef5177994a72289,12408,12411,3,ཀུན
tsawa,IDAD44BA2,4faf3cc3943747b8aeb8efa7b65b2dd0,12431,12434,3,སྣང
tsawa,IDAD44BA2,3602e2e20353402e83ba60c6ba0b5e2a,12458,12461,3,མེད
tsawa,IDAD44BA2,9c9bd4970806477d84523be1283d7c2b,12568,12571,3,མིན
tsawa,IDAD44BA2,2270512de8df40d092d55595e07096ca,13006,13010,4,མཐོང
tsawa,IDAD44BA2,d7e54377ed3148ea9e806d26ce6db03a,13161,13163,2,ཞི
tsawa,IDAD44BA2,4d4e2093034d418ab14c907deb0346a4,13183,13186,3,མེད
tsawa,IDAD44BA2,e6a3aabc8f28488ea422a2170ef4fc0e,13212,13215,3,མཉམ
tsawa,IDAD44BA2,6124f4a6c7fb428f8a1a54f3e7bb415f,13346,13350,4,ནི། 
tsawa,IDAD44BA2,394af551cb904e02872d1025c2b97e12,13429,13433,4,བྱེད
tsawa,IDAD44BA2,df236f35a229485d9f8d331b785c748d,13652,13655,3,ཐོབ
tsawa,IDAD44BA2,0b73fbcfb90142eebef86c8aeb2f41b8,13663,13667,4,ཚེ། 
tsawa,IDAD44BA2,9810a4e439584665bf1288a2152578f0,13757,13760,3,དོན
tsawa,IDAD44BA2,5afb8b75c1814d2785bfe704b5868b17,13764,13767,3,བཅས
tsawa,IDAD44BA2,0a83b623ec564da99979fe4188b4cc42,13800,13803,3,ཞིང
tsawa,IDAD44BA2,8f619e655b5e44cf83bdae930a7721d5,13808,13810,2,ནི
tsawa,IDAD44BA2,0f44d452251840119bfec76b5002e3a4,13818,13822,4,དག་པ
tsawa,IDAD44BA2,a2dcae8221f14df1a2a50c8ed95b6c78,13927,13930,3,དུས
tsawa,IDAD44BA2,7d33f8a631fc43bfae8de7835132f7c4,14018,14020,2,ལས
tsawa,IDAD44BA2,d8676981d8fe48399315a5a8be04706d,14031,14035,4,རྣམས
tsawa,IDAD44BA2,eeae89d87446485eae625ea7323b0ed1,14057,14060,3,མེད
tsawa,IDAD44BA2,9610e43f407b4cc793fb4b38543a6da1,14069,14072,3,པའི
tsawa,IDAD44BA2,d34a9218056b44b2ba791ffd369833ca,14099,14102,3,རྣམ
tsawa,IDAD44BA2,6bcad7f106404427a40355718a2269ba,14106,14110,4,རྟོག
tsawa,IDAD44BA2,252ff82737d741299cfae9ac8129f81d,14142,14146,4,ནི། 
tsawa,IDAD44BA2,1a49ed2bc1904a0d892b26456a1e1e80,14353,14357,4,དག་པ
tsawa,IDAD44BA2,9e4f6b37597140da98f2db892dd941ad,14413,14415,2,ཞི
tsawa,IDAD44BA2,8ee705e0046b4691b50311fe9c6d28c3,14441,14444,3,དང༌
tsawa,IDAD44BA2,3ca0afbdbd334d23b5a47f3fc7439aa9,14524,14528,4,འཁོར
tsawa,IDAD44BA2,37f07621a27c438382bb4834979d77fe,14612,14615,3,མཛད
tsawa,IDAD44BA2,889b164eef0847ad8464bbbf136d3925,14723,14727,4,རྣམས
tsawa,IDAD44BA2,712a8a63f9e94121800bc9cd0574243e,15142,15146,4,ནི། 
tsawa,IDAD44BA2,62bddf31b2ff4ec4bf1a56573770494e,15170,15173,3,ཀུན
tsawa,IDAD44BA2,e587cfce48054cd5b948ec1be6bd1b05,15177,15181,4,རྟོག
tsawa,IDAD44BA2,3f35975d29c1494b853b18a8f018f05d,15271,15275,4,བདེན
tsawa,IDAD44BA2,ea55ffed28754db2946dff66994b5190,15751,15754,3,ཤེས
tsawa,IDAD44BA2,5ad8795def95421783d01aae5d98e2a9,15759,15763,4,བཟོད
tsawa,IDAD44BA2,d200b1f7e81c4171a7b99cfe1f368173,15926,15929,3,དོན
tsawa,IDAD44BA2,7fe5e5569e6d4d50902ceb0a12a91ed1,15943,15947,4,མཐོང
tsawa,IDAD44BA2,48c36e8eb2ed4c4f9ee3a000445ca45d,16124,16128,4,རྣམས
tsawa,IDAD44BA2,67890343c5514f7591d67405addcddae,16148,16152,4,ནི། 
tsawa,IDAD44BA2,dcdaec3ec6574eac96b72e60e97cddbf,16234,16238,4,འཇུག
tsawa,IDAD44BA2,0d96320d8ce44a938d4c7e60dc59a9f6,16241,16244,3,དང༌
tsawa,IDAD44BA2,f7e66077b4a04f94875b4a8f36bff43a,16420,16424,4,ཏེ། 
tsawa,IDAD44BA2,87bd266b3aeb4445b41ad4080f2093cc,16507,16510,3,མེད
tsawa,IDAD44BA2,bc790bf6f2834d51a3cf2804b8c0110d,16513,16516,3,བསམ
tsawa,IDAD44BA2,0d779378e922482cb1df552f2e2a2092,16530,16532,2,ཡས
tsawa,IDAD44BA2,a40f5d05ce1b42b085763466831c3796,16693,16697,4,སེམས
tsawa,IDAD44BA2,491e3b05e1ec491cafbecded449b0095,16711,16714,3,ཡིད
tsawa,IDAD44BA2,29e6568cc3c141ca85dfa547aa38df6e,16879,16882,3,བྲལ
tsawa,IDAD44BA2,9032bc5ca4b1493198f9034d6435dddc,16946,16949,3,འདས
tsawa,IDAD44BA2,7c0622f7271d444181c6efe16cb24573,16972,16975,3,ཐོག
tsawa,IDAD44BA2,d80a8c68f3ec4644aae1828ca937cbc6,16980,16983,3,མེད
tsawa,IDAD44BA2,00e78b71a385424f8000c9dcf036d456,17182,17183,1,ས
tsawa,IDAD44BA2,95a7515fb56949b798be626015f4c76f,17313,17315,2,སྐ
tsawa,IDAD44BA2,dc8c8af433f6478381acc078698282fc,17355,17358,3,གཞན
tsawa,IDAD44BA2,a66a9bec633247afbd3ef217d35d2508,17600,17604,4,གྱུར
tsawa,IDAD44BA2,712ceeee1e344425a701ab954bfc24be,17632,17636,4,ཏེ། 
tsawa,IDAD44BA2,607bddd76bda409dadaa8495db5b1330,17658,17662,4,སེམས
tsawa,IDAD44BA2,bae4602c2ec34048b4da4272f3d0f5fa,17686,17689,3,ཡིད
tsawa,IDAD44BA2,d2bc1cf1c04142c693602dada5f1bea7,17739,17741,2,གང
tsawa,IDAD44BA2,1ef0a087ae504404ba4103e3159c3187,17779,17782,3,ཡིན
tsawa,IDAD44BA2,403a44bdf093487aa7561af0e29e2fe9,17844,17847,3,དྲི
tsawa,IDAD44BA2,8f7ea252de0e4df18411d134b46e4149,17850,17853,3,མེད
tsawa,IDAD44BA2,229733db200641d6a4dbc7cc8e2e080d,18030,18034,4,མ་དག
tsawa,IDAD44BA2,711d29465b604e58b63b4ba664ee8523,18098,18102,4,རྟོག
tsawa,IDAD44BA2,e9c15e98d4ec4542bf24285dfe241c05,18746,18750,4,རྣམས
tsawa,IDAD44BA2,c7fcaadc9cf8441e9f708fe2d5733ef7,19101,19104,3,རྣམ
tsawa,IDAD44BA2,e4dae621f7a3478dbc7344940638d385,19108,19111,3,ཤེས
tsawa,IDAD44BA2,733ba04e45f949ca847f6da246310c15,19306,19310,4,ཕག་ལ
chapter,IE1B4BBB9,2a89baf6538442118aef59f8cec8b392,0,2,2,༄༅
tsawa,IF3ACC3E1,7ce2e5ed69d44304b1182aeb8e72fd8f,949,952,3,སངས
tsawa,IF3ACC3E1,8f9389b9443d4bdcbec9be8a59e7abb4,981,985,4,རྒྱས
tsawa,IF3ACC3E1,9b58ff99d1f8443586c15083cf0a7d9c,1037,1040,3,དང༌
tsawa,IF3ACC3E1,c28b08c5162d4bd689c8fda459df8b15,1480,1483,3,ཐོག
tsawa,IF3ACC3E1,99be1ea675c14a5aaeea94504c7febce,1486,1489,3,མེད
tsawa,IF3ACC3E1,c90dfa11f54a448bb2f0daa128711d75,1716,1720,4,ནི། 
tsawa,IF3ACC3E1,332a1f29c9404c68bf52cb8607454f43,1776,1779,3,ཐོག
tsawa,IF3ACC3E1,adda74034cd64c12800cf052b791dad4,1782,1785,3,མེད
tsawa,IF3ACC3E1,f98714d6fa6d4e79a503941b69a80c29,1832,1836,4,ཕྱིར
tsawa,IF3ACC3E1,bcdaa61c0f1a4ace951e58c84dada415,2485,2489,4,འགྲོ
tsawa,IF3ACC3E1,80578861c0974edca5e694eb548f606f,3547,3550,3,གཞན
tsawa,IF3ACC3E1,7af3189718b64a29a1761e92f77c1b6a,3656,3659,3,ཁམས
tsawa,IF3ACC3E1,b578a2a51c674a7bb796b3214abb9fee,3704,3706,2,པོ
tsawa,IF3ACC3E1,4b5d1648f94a44eeab675ff5697af5bf,3711,3714,3,མེད
tsawa,IF3ACC3E1,b66a47307a22427494bc875776ec1575,3763,3766,3,མཚན
tsawa,IF3ACC3E1,e5de498a8e924e6bb623ecb185e4724c,3875,3879,4,འཁོར
tsawa,IF3ACC3E1,35333c97378b494e9a29c64ac676bde4,3882,3885,3,དང༌
tsawa,IF3ACC3E1,7e6209f4dcc84186a314559a952fe884,4202,4205,3,བཤད
tsawa,IF3ACC3E1,e7bad0f5b3a94fc8b6d37605a35b8199,4339,4342,3,ཀུན
tsawa,IF3ACC3E1,a54efbc02bc547c5b5a8a742dc98214a,4346,4350,4,རྟོག
tsawa,IF3ACC3E1,40fe3bae195a4d0085b661c6093dc6f6,4434,4436,2,ཀྱ
tsawa,IF3ACC3E1,2d32238b88fd474d88fc1b6f84c26e4a,4459,4462,3,གནས
tsawa,IF3ACC3E1,220768467e58431293275c481bac1286,4930,4934,4,ཕྱིར
tsawa,IF3ACC3E1,5cd89ae560a241c88ae4c4cc96c4fa0f,5139,5142,3,བསལ
tsawa,IF3ACC3E1,6272b288744d49a59ddc0b12ae1b0aaa,5193,5194,1,ན
tsawa,IF3ACC3E1,fbb01d58fe4e47f6acc3b5ba58791de8,5213,5216,3,འདས
tsawa,IF3ACC3E1,0807a04ee8e64623921962f62c259ee0,5250,5254,4,དེ་ལ
tsawa,IF3ACC3E1,92f053dea170402e897d25778260589c,5264,5267,3,ཐ་མ
tsawa,IF3ACC3E1,b8ccaa44a8b24540b07b7ba260fc9e53,5288,5291,3,བྱས
tsawa,IF3ACC3E1,f6619eb12fd340c089353a83a057236b,5580,5583,3,ཐོག
tsawa,IF3ACC3E1,927cd4295303419994cbdc996dc2ca9c,5589,5592,3,མཐའ
tsawa,IF3ACC3E1,fddcbaaf7f064b6f9d2be295dada1132,5617,5620,3,ཀུན
tsawa,IF3ACC3E1,0d09e19399954f5996d14fe4c094d06f,5624,5628,4,རྟོག
tsawa,IF3ACC3E1,48a89aa091b640dea174b347586ba95d,5976,5979,3,ཁམས
tsawa,IF3ACC3E1,f09c808e56e74a719d113d09bc0ccea6,6122,6126,4,གཉིས
tsawa,IF3ACC3E1,91e0be3bdbb645159ed40ed20a58f03a,6130,6133,3,སྣང
tsawa,IF3ACC3E1,5d8cc49eedaa42a887d8178921704b8f,6420,6424,4,དེ་ལ
tsawa,IF3ACC3E1,0d9c99156a57475288f47c505b4c02d7,6580,6582,2,རང
tsawa,IF3ACC3E1,783e0d5ce059424e8bbca8b915ea6857,6595,6598,3,སྣང
tsawa,IF3ACC3E1,e127c99ffdfa4957bca45737612cccfb,6635,6638,3,འགག
tsawa,IF3ACC3E1,aaef3852ec4346cb89e58daa31a36451,6661,6664,3,སྣང
tsawa,IF3ACC3E1,2e0f5a5b1e3140d1bfd6514c72439246,6759,6763,4,གཉིས
tsawa,IF3ACC3E1,6841281ca84d47b7a499334fe55abf98,6767,6771,4,འཛིན
tsawa,IF3ACC3E1,c7b984ed6ef140acb490c5ac40230dd1,6904,6906,2,དེ
tsawa,IF3ACC3E1,7c8d5281d0e9422da39e26442561b8c6,6950,6953,3,ཤེས
tsawa,IF3ACC3E1,f918ba8305bd4bd6905465c500dcbfc5,7043,7047,4,རྟོག
tsawa,IF3ACC3E1,aa885a53d4ba476da57f5c49fe45ab75,7050,7052,2,དེ
tsawa,IF3ACC3E1,fb5f9ebb165245c1b3eb9281c140bacd,7075,7078,3,མིན
tsawa,IF3ACC3E1,b4b3e13fdfe649cfae6775415d6ae0b3,7482,7483,1,ཆ
tsawa,IF3ACC3E1,f992982b1f5f460088e89494ffef0b12,7491,7495,4,ཕྱེས
tsawa,IF3ACC3E1,f8a0060f96c548fe8572b9c219edef64,7539,7543,4,སྟོང
tsawa,IF3ACC3E1,60f28580bb28405c9ed8961488b9b538,7770,7774,4,བདེན
tsawa,IF3ACC3E1,d8c1036269b44a989a24935f132ed3d8,7778,7781,3,ཞེན
tsawa,IF3ACC3E1,7d8a47d24baa47ef899c166f9c28ccc7,7784,7787,3,བཀག
tsawa,IF3ACC3E1,de1930979e6f476496e56ef9ced6e797,7792,7796,4,ཕྱིར
tsawa,IF3ACC3E1,0c02a119fe1a4c9baf46700de44d9817,8131,8135,4,བདེན
tsawa,IF3ACC3E1,71b3324bfd3749c281506a513da4b12f,8138,8141,3,མིན
tsawa,IF3ACC3E1,49afb273e17b4f8e82a343188adc6d9c,8193,8197,4,རྫུན
tsawa,IF3ACC3E1,b975aaa410264641a8f7cfbc01a6d8e9,8218,8220,2,ཆུ
tsawa,IF3ACC3E1,a010935039a148d7a002441407a24b97,8236,8238,2,ཟླ
tsawa,IF3ACC3E1,cbee4fa6efdb43238392dbd88a4b493e,8315,8319,4,བཞིན
tsawa,IF3ACC3E1,539a4b3d727f474a8987c5b6e26a12af,8547,8549,2,དུ
tsawa,IF3ACC3E1,977f8898b599471887da97d7c6371ae0,8677,8680,3,མཁས
tsawa,IF3ACC3E1,e9a2c52454fd44c091d4f13bca76609a,8700,8704,4,རྣམས
tsawa,IF3ACC3E1,1bc8711bbb914c4ababb0987d4c35e09,8719,8723,4,འདོད
tsawa,IF3ACC3E1,422c9759c77445809f7005db499f4298,8800,8804,4,ཐ་མལ
tsawa,IF3ACC3E1,00096b1e7fd444e690043b5ab24afdd1,9777,9780,3,ལ། 
tsawa,IF3ACC3E1,dd293864e5414f44a52ac0ddcc92f6c0,10374,10376,2,ལས
tsawa,IF3ACC3E1,bf26539480c140009e952e4edf830e3d,10382,10385,3,ཤེས
tsawa,IF3ACC3E1,9d5a6e7de393429faba1c6358fd5fb9a,10429,10432,3,ཁམས
tsawa,IF3ACC3E1,36cf080465c840f997ec1894d9938214,10438,10440,2,དང
tsawa,IF3ACC3E1,8a0da6b77dbc42d4bc72ff68172bce84,10702,10706,4,དང་༦
tsawa,IF3ACC3E1,c12e9fbd65764ed1acfcb6b12ef46775,10920,10923,3,དྲན
tsawa,IF3ACC3E1,e1e0638fe122469cb07629f970c5b7ac,11060,11062,2,དེ
tsawa,IF3ACC3E1,381ae1f4c5e748dc8f48102b49fdc645,11343,11347,4,སྟོན
tsawa,IF3ACC3E1,24705b7c4c70470aaebba855a3005ecf,11393,11397,4,དང་༢
tsawa,IF3ACC3E1,76835a47ab4449ebbf82e64a91012a10,11476,11478,2,ལམ
tsawa,IF3ACC3E1,4bfc3b5951ae432bb4fdb10646e85cdd,11529,11531,2,དང
tsawa,IF3ACC3E1,d6b7b93a88dd48758552fcfffd594343,11597,11601,4,འགོག
tsawa,IF3ACC3E1,8ee3c69b03944facbe0dc472810ecb7b,11615,11619,4,སྟོན
tsawa,IF3ACC3E1,8bea0212c5a147b489ae26d2a46c2a5f,11684,11688,4,རྩོད
tsawa,IF3ACC3E1,e09fba3b74d246ee9056a8d01e3bd408,11714,11717,3,མེད
tsawa,IF3ACC3E1,e48b3b2f6446494bbafda6785ff4e0a4,11720,11723,3,ཉིད
tsawa,IF3ACC3E1,dd2850067bd7483db2bb194c450cdeb9,12038,12041,3,རྟག
tsawa,IF3ACC3E1,c6b73a105b074cd980cca870c258c18a,12045,12048,3,མཉམ
tsawa,IF3ACC3E1,4ad61e8be3604c7f9dcff70f3a6b4b4f,12054,12057,3,བཞག
tsawa,IF3ACC3E1,efa37e431ff84c89b3881d61b647850c,12338,12342,4,འཛིན
tsawa,IF3ACC3E1,26243984f4f349e493108eb2b5d87008,12732,12736,4,འགྲོ
tsawa,IF3ACC3E1,cc03bdc126ca48f8930f484bbc32aac6,12856,12859,3,དུས
tsawa,IF3ACC3E1,30d9040044ec4af0a6b53638b0218998,12865,12866,1,ལ
tsawa,IF3ACC3E1,2770c8e054f4473a91e88e0347f68b4c,12916,12919,3,མེད
tsawa,IF3ACC3E1,bfcd406cb13f444abcf93ce85ad6744d,12986,12989,3,ཆོས
tsawa,IF3ACC3E1,9525d23a1309417eb8968a90bf37f401,13190,13194,4,ད་ལྟ
tsawa,IF3ACC3E1,2d45906224404a4a81b34d96d89b32af,13317,13320,3,ཡིན
tsawa,IF3ACC3E1,5ffae151e0fa4afaa27a6272f2eb8c60,13361,13364,3,མེད
tsawa,IF3ACC3E1,2b0512b188144ced91c3dc63c11076f0,13367,13368,1,ལ
tsawa,IF3ACC3E1,2a6ed0b7e8b345da974dcde627d52358,13382,13385,3,ཡོད
tsawa,IF3ACC3E1,8e945d30a0b747dcb6d2ace5967b92b3,13389,13393,4,རྟོག
tsawa,IF3ACC3E1,b13bb61e373e44298fc5c418fa61a972,13470,13474,4,རྟོག
tsawa,IF3ACC3E1,ef4e3901296b4eec80373f48df206971,13884,13887,3,འདི
tsawa,IF3ACC3E1,962ea21285424e3c9dc37b8cfeb05d31,13972,13976,4,རྟོག
tsawa,IF3ACC3E1,904e5f9f52b645b59083c8401a7041df,13985,13986,1,ལ
tsawa,IF3ACC3E1,3952cea5206140d1bbbb1d1774e73a42,13995,13999,4,བདེན
tsawa,IF3ACC3E1,295d502c6f37437fa5d04253960d6f5f,14002,14005,3,ཤེས
tsawa,IF3ACC3E1,b8b4aec5693047eabc09cb68d394f512,14045,14048,3,ཡིན
tsawa,IF3ACC3E1,4fe62ba71b4f4fdda2de720e2ea8a5c7,14134,14138,4,བདེན
tsawa,IF3ACC3E1,55265fe5a7224bd985c8902a6204815e,14150,14153,3,ཤེས
tsawa,IF3ACC3E1,d5eb6afd10a749a5a5b325b932a50793,14253,14257,4,བཟོས
tsawa,IF3ACC3E1,0dde2611f7ae49b4a186d962adce0386,14278,14282,4,འབྲང
tsawa,IF3ACC3E1,7842b85e5aa842bd880e6094a1b05e96,14393,14397,4,ད་ནི
tsawa,IF3ACC3E1,578175c6618d44ac9ed4389fa93788fc,14450,14453,3,ཡིན
tsawa,IF3ACC3E1,a7d14f68459a45e8b8a0b77a4093b21f,14481,14485,4,གྱིས
tsawa,IF3ACC3E1,9589397bb45244b9b7a3a33bf35c9287,14511,14515,4,དེ་ལ
tsawa,IF3ACC3E1,71ff4dd690f548b9ac02e3f4eceacabc,14574,14577,3,ཐོབ
tsawa,IF3ACC3E1,db477624e70245988dba6e19acba9219,14694,14697,3,བསལ
tsawa,IF3ACC3E1,f343b96abdde455dbd1460dbca6ea5c6,14701,14703,2,བྱ
tsawa,IF3ACC3E1,a113795bdf9a4831ae455e4a470894bc,14814,14817,3,མེད
tsawa,IF3ACC3E1,ce952a16e4ac4a1db96519d44ebcbee5,14862,14865,3,ཉིད
tsawa,IF3ACC3E1,d2230254b0a94003ac7c51735a88d87b,14869,14870,1,ལ
tsawa,IF3ACC3E1,30325a3135094b409586599119ff6ad2,14913,14914,1,ལ
tsawa,IF3ACC3E1,bd4fcfc326fe4b6a854fffce0135d2e9,15236,15239,3,རྣམ
tsawa,IF3ACC3E1,5e9404e8d3f24419bc685e60f9e3c2cb,15293,15297,4,དག་ག
tsawa,IF3ACC3E1,3d7e3e7f1de54b5a888faa864eccef9b,15303,15306,3,ཁམས
tsawa,IF3ACC3E1,584bf3b7dc25463bb04763c3b00442dc,15336,15340,4,སྟོང
tsawa,IF3ACC3E1,5772d13411ef41b6bdd1a1b146076aa7,15483,15486,3,རྣམ
tsawa,IF3ACC3E1,a4bd93911bf0423fa1f9442352a9d340,15542,15545,3,མེད
tsawa,IF3ACC3E1,827ac2396c7048e98b6e8f9ab33ed366,15579,15583,4,སྟོང
tsawa,IF3ACC3E1,a1145017c11744f8ba2928927d7e9580,15725,15729,4,དེ་ལ
tsawa,IF3ACC3E1,c07a8cf1c2c44f70890a77042b1bc022,15848,15851,3,མཚན
tsawa,IF3ACC3E1,05190f8b705e4a4f8d50eec46ba77e49,15988,15991,3,ཐོབ
tsawa,IF3ACC3E1,daa62fa0735d430b953f898cf9872998,16000,16003,3,པའི
tsawa,IF3ACC3E1,7461825d8e6c477b8578c7831668bbfc,16070,16072,2,རང
tsawa,IF3ACC3E1,9470cd38b53d48e781c67de51d29340a,16076,16079,3,ལུས
tsawa,IF3ACC3E1,0e454829657140d78b2af9ff70f152e8,16208,16211,3,ཕྱྭ
tsawa,IF3ACC3E1,d6cab94e73464222aba0f77fe263c72d,16264,16267,3,དང༌
tsawa,IF3ACC3E1,246d3fda83ba4800af1bb5d784a7d80b,16307,16311,4,བདེན
tsawa,IF3ACC3E1,bbce178cf08945d68f82aa707f435ffe,16421,16423,2,ཕག
tsawa,IF3ACC3E1,21701d88f4424dc8874e04f079638c6a,16433,16436,3,ན་མ
tsawa,IF3ACC3E1,16e38658057f4d338779cce484555a4f,16445,16448,3,ཡིས
tsawa,IF3ACC3E1,6b5c36e612144f23a1a31d06b8d39a6e,16670,16674,4,གཟུང
tsawa,IF3ACC3E1,41fa4fc3adf74552bb341407e9acdf9f,16707,16711,4,མ་དག
tsawa,IF3ACC3E1,6804cf89756648e3944c7c00b1ee256a,16714,16715,1,ད
tsawa,IF3ACC3E1,f0d92d7ef14d46f9a47bb98f9d611af1,16746,16750,4,པས། 
tsawa,IF3ACC3E1,f572fef129e141088ab568b497f269a3,16787,16788,1,ད
tsawa,IF3ACC3E1,a3885a98e9fc4a6eb4430919ebc3f218,16792,16794,2,ཚེ
tsawa,IF3ACC3E1,09ba4ac1a5424e40a6aa8f9854e1aedf,16837,16840,3,བྱས
tsawa,IF3ACC3E1,d6d974aabb1c47dc8024f4e0d55c92ef,16927,16929,2,དེ
tsawa,IF3ACC3E1,ffd2e2a9086c49beac5742f8997c9ad7,16933,16935,2,བས
tsawa,IF3ACC3E1,894bd1749398447fa8c2e1e0f2a78681,16948,16950,2,རྩ
tsawa,IF3ACC3E1,7e564c84cdf34eb3bd67d4ee35364c15,16956,16960,4,རླུང
tsawa,IF3ACC3E1,a0b1239aa86c4d5a95b54eee06b74e8c,17013,17016,3,དག་
tsawa,IF3ACC3E1,bb43318313e44d478e13cd026f95d90f,17036,17038,2,སྐ
tsawa,IF3ACC3E1,1dd813b03c5c4b6b88eb3133eaf55447,17166,17170,4,མ་དག
tsawa,IF3ACC3E1,2d8d215601e14f4f8558662a67f9d379,17423,17427,4,དཔེར
tsawa,IF3ACC3E1,8d3a8b90f71341208a62e4fa81356bdf,17451,17454,3,བཅས
tsawa,IF3ACC3E1,79adc9c6b89a4e2e9be2e954d688c3f3,17585,17588,3,རེ་
tsawa,IF3ACC3E1,3700f5fe651447a98c46c1da5252c096,17762,17763,1,ས
tsawa,IF3ACC3E1,451dc6d9b878419f99a76d715dc31733,17833,17835,2,དག
tsawa,IF3ACC3E1,daed15b6a067484a9451185a2553c90e,17837,17840,3,་དེ
tsawa,IF3ACC3E1,cf1403d58a4844abb8ac60083f29281d,18318,18322,4,ཚོགས
tsawa,IF3ACC3E1,ae25b02327c447f79b62eaaf19fdb503,18505,18507,2,རབ
tsawa,IF3ACC3E1,6c413df1a27a407d9311e1d6ffadebe4,18836,18839,3,ཀུན
tsawa,IF3ACC3E1,5d11c1ce64cc496aac56f27011da6085,18843,18847,4,རྟོག
tsawa,IF3ACC3E1,73c0b952d5c449c8b5ec5723bf51c759,18870,18872,2,དེ
tsawa,IF3ACC3E1,3f2d7f4fd10f47dfbc400e78b58f875b,19001,19005,4,རྟོག
tsawa,IF3ACC3E1,655e0d0ffdad4530918cf1043a76106e,19029,19031,2,དང
tsawa,IF3ACC3E1,9cb9e3444c0447dc998b37bf35d013f9,19090,19094,4,ཤིང༌
tsawa,IF3ACC3E1,d7640dd6457d4949aecbe1872439c6f4,19106,19110,4,གཉིས
tsawa,IF3ACC3E1,12c4cccd9fdd4eb09656a234b5fad17b,19149,19152,3,ཚིག
tsawa,IF3ACC3E1,41b1b5e667c24e29840d73f5198c88b9,19170,19174,4,བཞིན
tsawa,IF3ACC3E1,1a0ffe0dcb4840c181f4d6807200844e,19338,19341,3,ཀུན
tsawa,IF3ACC3E1,e3fdadf483614555a9dbf2697f1cd38f,19345,19349,4,རྟོག
tsawa,IF3ACC3E1,1faa1003af6d486ab0f08a23c65c810e,19355,19358,3,བྲལ
tsawa,IF3ACC3E1,00785a432fed459bb973bb776f6fa5f9,19506,19510,4,རྟོག
tsawa,IF3ACC3E1,ec2d08345cff40fe87d06485c0274ae6,19536,19540,4,འཛིན
tsawa,IF3ACC3E1,d95904754d0248f981359247a883e030,19766,19768,2,ཅན
tsawa,IF3ACC3E1,2da3e16de73e496d9fc8fba7dcaee59f,19772,19775,3,ལ། 
tsawa,IF3ACC3E1,4e7c1af8faa84a448591a4e0d641bc5a,19803,19806,3,མཚན
tsawa,IF3ACC3E1,16be0b5de18247c0936ed95278980d47,19928,19932,4,མ་དག
tsawa,IF3ACC3E1,4f422c4bc7114f63b63c2c0153ea70af,19951,19955,4,མ་དག
tsawa,IF3ACC3E1,5071af9f9f114ccd83700c9369ccfc34,19963,19967,4,དག་པ
tsawa,IF3ACC3E1,a838d5a1c98843a38532faee9637f88e,20015,20017,2,དག
tsawa,IF3ACC3E1,4526eec0c210425ea24b6183943dbaae,20208,20211,3,གསར
tsawa,IF3ACC3E1,1d567a4b4c314ab9ac84f6d9ffe9eabe,20342,20345,3,ཡིན
tsawa,IF3ACC3E1,aae0b63ec6fb42468ab44013bd063c10,20389,20392,3,དྲི
tsawa,IF3ACC3E1,f6eb076ba5ff4751b5571cf16a6adfbd,20428,20431,3,བྲལ
tsawa,IF3ACC3E1,190e6920c78c49febf03e9b6bee73c01,20438,20440,2,དེ
tsawa,IF3ACC3E1,04453596eb014530964717336f6a835c,20798,20800,2,ལྟ
tsawa,IF3ACC3E1,45d50091e0ea4ca6ba763f26cacac681,20803,20805,2,ངན
tsawa,IF3ACC3E1,2f8e72f11c7f464eb265b232c2b648aa,20981,20985,4,ཡང་ན
tsawa,IF3ACC3E1,5452794805784cc49fff5034f485207a,20992,20994,2,རང
tsawa,IF3ACC3E1,048c7a4e8f764d4e80ccec8b4aed4dab,21040,21043,3,མིན
tsawa,IF3ACC3E1,222aa9b2f44f4f4ca24d009eadcb85ed,21063,21066,3,གྱི
tsawa,IF3ACC3E1,c16049288b4b4dc48552b32e788e4942,21176,21180,4,གྱིས
tsawa,IF3ACC3E1,c505fcd3403f4827853abdec5c3da51a,21447,21450,3,རྟག
tsawa,IF3ACC3E1,ccd271f2e4d64f64b3f743f953e0e620,21548,21550,2,ཆད
tsawa,IF3ACC3E1,f11c1c267df144ff8927b31e74ca1bc2,21645,21648,3,ཁྱད
tsawa,IF3ACC3E1,ef37ce6474fb4e6cb1aacb1a40114c32,21652,21654,2,ཅི
tsawa,IF3ACC3E1,f5040c2518704d968a70b1863cfe2246,21659,21662,3,ཡོད
tsawa,IF3ACC3E1,dbaffdd9481b4605b468a252da00f236,21777,21780,3,སྣང
tsawa,IF3ACC3E1,2d47cfef181941baa1ddcdf20c44d208,22177,22180,3,མིང
tsawa,IF3ACC3E1,e15a80b4bb8c4ab4aa22937e6fa2dd74,22478,22482,4,སོགས
tsawa,IF3ACC3E1,1c7339f1a8d64e339e2f3f232a25ebd8,22631,22635,4,འཛིན
tsawa,IF3ACC3E1,7dbeadd5f6294fb3a1946781d1d3a39a,22641,22644,3,བཅས
tsawa,IF3ACC3E1,73b494aec92441bd9e656add99730c5e,22776,22780,4,སྟོན
tsawa,IF3ACC3E1,6df89ed46044433dba6215d445d8e43c,23327,23331,4,གཉིས
tsawa,IF3ACC3E1,60239da697ab4a7b80d873f1a66df55a,23340,23344,4,འཛིན
tsawa,IF3ACC3E1,cc9c958e8aeb499dbaf3c0b347b27fbc,23347,23350,3,ཡོད
tsawa,IF3ACC3E1,2f5b38a847f74ec7901b6e31799130f2,23375,23378,3,མེད
tsawa,IF3ACC3E1,b1e9e8b3e2a84bffb58094e161087d93,24198,24202,4,སོགས
tsawa,IF3ACC3E1,ab176bdb30704fbc8a20a09bfab84989,24400,24403,3,ནུས
tsawa,IF3ACC3E1,97fb2d0a838846e2810fc3a71bafc8ee,24661,24664,3,བཤད
tsawa,IF3ACC3E1,814e093b637a48a18b9d56771f5737c3,24856,24859,3,ཁོ་
tsawa,IF3ACC3E1,763773ac7c934439925e91382be1f95b,25021,25024,3,གཞན
tsawa,IF3ACC3E1,e9e7c5abff7a49c2a0baf3679aadb74a,25299,25301,2,རང
tsawa,IF3ACC3E1,e6e9cb0b5f634376b270d29d058a1b66,25311,25315,4,འཛིན
tsawa,IF3ACC3E1,52ee5ebff19b49789de794b99267e3b1,25318,25321,3,ཡིན
tsawa,IF3ACC3E1,b087c027e8b74aebb6dc75892cf5e68e,25843,25846,3,སྣང
tsawa,IF3ACC3E1,7866df2ac8104711bae2b7a44cc6d3b5,26071,26074,3,མཁའ
tsawa,IF3ACC3E1,2e22e5b6effc4a2c97978074eb0357a1,26092,26095,3,ཆེན
tsawa,IF3ACC3E1,cfbbcfb2105d4447a9bb8ec5c091954c,26149,26152,3,གོས
tsawa,IF3ACC3E1,3d6ccd36734e4754bf51f4209ba9a6cb,26155,26158,3,མིན
tsawa,IF3ACC3E1,bd63cf2f6faa468ca039f555265076da,26163,26167,4,སྐྱེ
tsawa,IF3ACC3E1,d87d55ed3db54b97bea18c365f123c0e,26379,26382,3,ལ། 
tsawa,IF3ACC3E1,6b096165be074279baf72068ba8ff4a8,26417,26421,4,ཞུགས
tsawa,IF3ACC3E1,ab7fbff5edca4543a7db2810f1833c3d,26442,26445,3,ཀྱང
tsawa,IF3ACC3E1,899b13557b1944a7978c09f5ce98da6f,26783,26787,4,གསུམ
tsawa,IF3ACC3E1,a4ed1ef9692640aeb7ca5acafc43b511,26957,26958,1,ད
tsawa,IF3ACC3E1,9cb85b1c37a24756802583fa6c66a3e7,27003,27007,4,ཞི་བ
tsawa,IF3ACC3E1,167cc630b240466b9d2fb6342ecb7580,27083,27087,4,བྱམས
tsawa,IF3ACC3E1,fd95cd008d60458dbd29c405fc59819f,27187,27191,4,སོགས
tsawa,IF3ACC3E1,bb4f6d57a1564837864c67f032e600a1,27249,27251,2,ལ་
tsawa,IF3ACC3E1,eeef5f2441c4488fa5e3e258c28cfd44,27432,27436,4,ཕྱིར
tsawa,IF3ACC3E1,43c47574994e41579b52360acd45b32b,28067,28069,2,དེ
tsawa,IF3ACC3E1,cb437630931548f4af35087e375be8dd,28075,28076,1,ལ
tsawa,IF3ACC3E1,04091e64abf5468ea5e4ec341c907eb5,28210,28212,2,བླ
tsawa,IF3ACC3E1,2f804651a85245ad8e7f335865384ded,28224,28227,3,བྱས
tsawa,IF3ACC3E1,63ad86f72aae4f888336c43403e494b4,28540,28542,2,དེ
tsawa,IF3ACC3E1,d94d75a587cb4ed2a20da6cc41ef6c46,28552,28553,1,ལ
tsawa,IF3ACC3E1,6d0cf5996a8d4413acd781323f27127d,28561,28564,3,རྟག
tsawa,IF3ACC3E1,8a0217eed3b244a89fbb453a974c94eb,28567,28571,4,གསུམ
tsawa,IF3ACC3E1,6137d1e6597a43dcbeb1e8a0730bbfc6,28581,28584,3,ཡོད
tsawa,IF3ACC3E1,9e56534784d04c03bf2ff4f4da24074f,28797,28800,3,ཡིན
tsawa,IF3ACC3E1,85005a0caa104048bffd80abbc83615d,29653,29656,3,དང༌
tsawa,IF3ACC3E1,dc93f99908634ba0952cfeef0c665953,30262,30266,4,ཕྱིར
tsawa,IF3ACC3E1,ee6535fba7a64c9b9948502314c4caa8,30393,30396,3,ལུས
tsawa,IF3ACC3E1,fc21e6404bf74920be31658b135609c4,30826,30829,3,ཡིན
tsawa,IF3ACC3E1,38dae2776ebe42a1b4936d0647d5deb7,30843,30847,4,བཞིན
tsawa,IF3ACC3E1,98fc2831a21242759700dc4268b1d4a1,30851,30855,4,མངོན
tsawa,IF3ACC3E1,51e3066c798c4a61a399a3b041d78e3f,30863,30867,4,གྱུར
tsawa,IF3ACC3E1,f60ea65706804af5b7f67747de0db18e,30872,30876,4,ཕྱིར
tsawa,IF3ACC3E1,8e8f051e60404e2084c3796310574a24,31058,31062,4,ཐ་དད
tsawa,IF3ACC3E1,09b873bbb3514222bda083f7b5c3454f,31184,31186,2,དེ
tsawa,IF3ACC3E1,0d9df758ddc14aa9b4c5dd5257b54672,31465,31467,2,གང
tsawa,IF3ACC3E1,ad2d3066436841d7b49267436de99204,31471,31473,2,ཚེ
tsawa,IF3ACC3E1,240028d7c3894d98a94107828675d08d,31671,31675,4,ལྕགས
tsawa,IF3ACC3E1,b541e81beee04ae393936c07231c194a,31746,31749,3,ཞི་
tsawa,IF3ACC3E1,bbfa3ae15aaf4bf085a19c4ec387bce2,31906,31909,3,སངས
tsawa,IF3ACC3E1,fb5892b222b143e59f813a159b164f43,31923,31927,4,རྒྱས
tsawa,IF3ACC3E1,1ffa21c51e8043648ecc7735d02ded47,31942,31946,4,སེམས
tsawa,IF3ACC3E1,ccc05fe04ba44159b8c4e6d14d5d67d5,31994,31997,3,ལ། 
tsawa,IF3ACC3E1,ac53ef6e1cf045d4bdda34fd3dc44c8b,32047,32050,3,ཡོད
tsawa,IF3ACC3E1,714d3f75fb5c48f18a52ae88bc38ecf9,32074,32076,2,དང
tsawa,IF3ACC3E1,8d4720a7426b4052b5489c40bf3175c2,32151,32155,4,དམ་པ
tsawa,IF3ACC3E1,cb8b5550bfaf451fb353402722954154,32197,32201,4,སྐྱེ
tsawa,IF3ACC3E1,cf8dffdf868f499d8d650bdcb0b5eb37,32204,32207,3,མེད
tsawa,IF3ACC3E1,ee532c083e5f46edbd9c5b122fb26267,32276,32279,3,མཁའ
tsawa,IF3ACC3E1,ade302213bc542059bebf28a9a7052ab,32311,32315,4,བཞིན
tsawa,IF3ACC3E1,af7900834a9f4bc4aab5c0980878d06a,32513,32517,4,སྐྱེ
tsawa,IF3ACC3E1,beb998ed81ac4981be14343c2457b29c,32572,32574,2,དེ
tsawa,IF3ACC3E1,b2db5920324544dabc2fa125d05c864f,32578,32582,4,ཕྱིར
tsawa,IF3ACC3E1,eb01ca7bedc84cdca2a7d3ce80041bb4,32892,32894,2,ཕྲ
tsawa,IF3ACC3E1,712e5ca9a42d4cb7b879a20fbd7dbdde,33038,33041,3,མིན
tsawa,IF3ACC3E1,d4a73f1cf24748b09f0a7b1a9eff11ab,33102,33105,3,ཆོས
tsawa,IF3ACC3E1,797aafdb6d274016a55f0029e83b1486,33125,33128,3,ཉིད
tsawa,IF3ACC3E1,f7b2bfc49746469fb853a6f37e30dc36,33149,33151,2,ཟབ
tsawa,IF3ACC3E1,c34dff3e84bd47f1add9ff52a7636cb9,33326,33329,3,ཡུལ
tsawa,IF3ACC3E1,a7ffe7cd81244da9bde582856fcaa0d5,33590,33594,4,ཏེ། 
tsawa,IF3ACC3E1,82ca984043574859a28d4d0debc6543d,34806,34809,3,མཐུ
tsawa,IF3ACC3E1,5cef767660e44f27bae6048c78a4318b,34820,34823,3,ཡིས
tsawa,IF3ACC3E1,250e0bf298674f6097fd179c4df23059,34881,34885,4,བྲིས
tsawa,IF3ACC3E1,95f5325b71aa41f498d95c103274e254,34986,34990,4,འགྲོ
tsawa,IF3ACC3E1,4c95b87a8d154b4fa5e622ec8f403134,34993,34996,3,ཀུན
tsawa,IF3ACC3E1,3f1d52bbd9b74214a00cf706297c4abd,35098,35101,3,འདི
sabche,IF6B54962,3f13b1cf6b5f47618243fcd63a132bdd,6321,6325,4,ལྔ་པ
sabche,IF84B2E71,e5226b2b46eb41fe8299aceb289d7b67,49076,49080,4,གྲངས
chapter,P000010,a47206a615a046cbb14f0e3da2b23872,142,141,-1,
chapter,P000011,a7cccc4ddb1b4971bc70f443ecb654e7,244,243,-1,
chapter,P000020,86c44911040d43a294d681f5bda9d950,61,60,-1,
tsawa,P000021,7aa4c41f00c84ea3993714dcc38e2dbd,215451,215451,0,
tsawa,P000021,983455619dbf411b9da120f3618aa310,224704,224705,1,ག
tsawa,P000021,fa9121343dd9439fa4158e19dc4645ad,224726,224727,1,འ
chapter,P000027,8f14a7ce915d43ed9752908ab530e689,149,148,-1,
chapter,P000030,f1ad97a3921d42fc81744c22530259cd,393316,393315,-1,
chapter,P000037,cf341e1f8f8c4b42934e989cf7e019a2,448338,448337,-1,
chapter,P000037,9d1ebb8938fd484394413c74a70554ee,686220,686219,-1,
chapter,P000052,c0f2660b795f4734bd1fc44f35323aad,72,71,-1,
tsawa,P000055,62288461a7344534b8991888c8cd56ec,92857,92857,0,
tsawa,P000055,cfa9298dd3994d478fcd83d6636b6a6f,159380,159380,0,
chapter,P000061,b8374565684c49a18d2829db958d444d,144,143,-1,
chapter,P000071,cb039e6ae7e94e1a8a43c7c881a7ac68,325,324,-1,
chapter,P000078,8a6cdebf467c401399e8a347e590ab2b,62,61,-1,
chapter,P000089,2dcf76fafd8546cab67ba7d474685ed2,219,218,-1,
chapter,P000094,9e1039b60fcc41208aa4f2b413592238,144,143,-1,
chapter,P000115,ccd7665c91ef422cb5f055cccc3adcf3,115,114,-1,
tsawa,P000132,cd18e5b0d0c74f88be7d3a6fd46bc8eb,44741,44741,0,
tsawa,P000132,f80be152a27644768309019c104a9b83,112734,112734,0,
tsawa,P000132,d3549f8330f64373b04c7481928512b0,113168,113168,0,
tsawa,P000132,f2efe57cb6fa4302856405810d773b42,123058,123058,0,
tsawa,P000132,2bf560cc1bb542f59b56028d3c756bfb,152184,152184,0,
tsawa,P000144,538790f97758487481cb1e0608234a3b,61083,61085,2,ག་
tsawa,P000144,8fea313587d148e3b8a58524594c4733,94105,94107,2,ྣམ
chapter,P000145,d6fe0c57865042e5b7fb175f6e2f5fa6,62,61,-1,
chapter,P000149,fe0565fb6ab242e8b480945d7196f3fd,140,139,-1,
sabche,P000151,2120e5f564a44743a7a87c512f49e69a,176,176,0,
tsawa,P000153,20f8355d18ac47f79b711fc550188667,5918,5918,0,
tsawa,P000153,518ec166afd844369ec212b5b649ffd1,7424,7424,0,
tsawa,P000153,d46010c2c2504f1faf80e26a60040d46,8434,8434,0,
tsawa,P000153,6531348b7a494fc7b3d6cd233b378e1e,9373,9373,0,
tsawa,P000153,088792df75444b6fa6ef9aeb573fa20f,12124,12124,0,
tsawa,P000153,8c679801b21a4227aa4da195ac1c6007,14787,14787,0,
tsawa,P000153,3f3d41d916c44707b6229c26270edad9,19247,19247,0,
tsawa,P000153,cfdfcbc41c614875b421fe574448f606,22295,22295,0,
tsawa,P000153,5a6f369441984a9a860752b9a4de7eee,23226,23226,0,
tsawa,P000153,d42fa72850544a2bace920d70447b5b0,42126,42126,0,
tsawa,P000153,c97fbd22b03c43f2b544be23c0c9c35b,85024,85024,0,
tsawa,P000153,60cbf2c084b54859855f1e42c34d713f,94717,94717,0,
tsawa,P000153,432604d813844ecfa52180f61ce1ff8b,110457,110457,0,
tsawa,P000153,f74bfcfa313740c4b6dbafc67865ed14,118191,118191,0,
chapter,P000159,c7f359b62ae1481782a5d1cc2ddba8c3,37808,37807,-1,
sabche,P000160,d46401d734904b1e8bcb9a3295b3ffd6,157842,157846,4,ལྔ་པ
sabche,P000160,65a253210f6a4a2aaee1623095cf8465,206673,206677,4,ལྔ་པ
chapter,P000160,f913cd1e70da4191b18b35f0637e727e,37674,37673,-1,
chapter,P000160,3cda891ff5c3426f8a2b4a7180198a40,345048,345047,-1,
chapter,P000169,d6f5e3fe2bcb42e0977af8034879c24f,133,132,-1,
tsawa,P000195,c556d5bd8c6a45b9bfb8ae602f9b562e,41769,41769,0,
tsawa,P000195,ca8ceba0fbe94132bdeed48504bb2e9f,51658,51660,2,]\n
tsawa,P000195,6f39e93a4386400f995d615eb173dffd,61255,61256,1,ཞ
tsawa,P000195,13b17e19a1fc492b968b5c872f452a53,66818,66818,0,
tsawa,P000195,8dba4f01b6a84548b7bf1405e3807d7f,74130,74133,3,ཞེས
tsawa,P000195,f1de82c609e9424dbf1a3bb953dc467a,93797,93798,1,་
tsawa,P000195,393c5638443b4b23b212fa7aedd86e45,102837,102838,1,ན
tsawa,P000195,dae1887084654be3ae17aa9390a1fe78,107428,107430,2,སུ
tsawa,P000195,10e0e6b648fa44fc9b2c5308e7115d63,113004,113004,0,
tsawa,P000195,2ba9bf84a885496db21d05793357a13a,119577,119577,0,
tsawa,P000195,b8cb79c7efa3422ab07bb71a8a3fc750,128575,128578,3,ངས་
tsawa,P000195,ac4a8eebc2bc4a299f349c6cfba3832b,136118,136120,2,་ཏ
tsawa,P000195,a88b4aa93e934725b4292736875f3c53,137749,137751,2,ཏེ
tsawa,P000195,4bc79dc25bb449988248490e8721e6fb,141538,141538,0,
tsawa,P000195,3551fb26065b48eebff5cd46eff20d52,146459,146461,2,། 
tsawa,P000195,172517a01f044398872979bbfd2c9204,157126,157127,1,ས
tsawa,P000195,c36d7d5c10e64d37afac8622b89d8067,160319,160319,0,
tsawa,P000195,c59b5885bb9e4463a92b5d7b866cb75a,169041,169043,2,ི་
tsawa,P000195,fe1034649d494b47a9f838b2d4707cf9,179631,179634,3,ྱང་
tsawa,P000195,b336f7db69d94e488b3b6935c6e96c3a,183158,183160,2,ེ་
tsawa,P000195,ecc6803891c144e19b6a4793621c14e6,185934,185936,2,ཱའ
tsawa,P000195,844b2c5658a2428e974d75f2170e97a4,188199,188199,0,
tsawa,P000195,047194d1c33645ae93969299667786b5,196070,196073,3,ེན་
tsawa,P000195,5d9d7a4f959e47e5adc827c388c6fc2d,197608,197611,3,་ཡོ
tsawa,P000195,f6bdd7f5fbaf44d2a3235ecf684e671f,199848,199851,3,མི་
tsawa,P000195,c1a7684c19194e3a9cdcf5f4294fe0b0,202885,202885,0,
tsawa,P000195,0c34d883485a449a822f8eb5460286b2,205225,205227,2,མས
tsawa,P000195,77e3f461a685453eabba1315f353a6f5,207089,207091,2,ི་
tsawa,P000195,1f2a1144458f40f5b33d9f192345ba0f,211222,211224,2,ན་
tsawa,P000195,1a05f349a4564ba7b32a978f3a6409b3,215562,215565,3,འི་
tsawa,P000195,55a0045c10a64ea7976ad9bc3c2a6342,217619,217621,2,ང་
tsawa,P000195,c4b14f4eef644ab0aa560239907a2749,223344,223348,4,ནས་ཞ
tsawa,P000195,b4131ae60ff6402589571cfd1cb2e9e7,225367,225370,3,ེམས
tsawa,P000199,7886c1cf781c4f5f9452ee5a8c4c7849,181787,181787,0,
tsawa,P000203,ed123c083b2c4b50ac5493d3d268f9b9,169133,169133,0,
tsawa,P000207,38982744667a47788b8f7ef23f2a8235,80537,80537,0,
chapter,P000213,0eed0d9b168a4c588709a17484dc4a5b,124,123,-1,
chapter,P000215,bbdb09b0d7a94eed9fa90c91ad300c5c,72,71,-1,
sabche,P000216,858cb5ec2c6c4c47a42cfcecbc1d8dd3,87179,87183,4,ལྔ་པ
chapter,P000217,6eac6803287f4864bbbaa2aaa597a677,131,130,-1,
chapter,P000218,5c9f3f0780dd474d897fc69aa05f0bf5,85,84,-1,
tsawa,P000224,bd9be079999f4c2eafa077235046bf39,454600,454600,0,
chapter,P000237,b40c7abfd6a948c9bd39db1f46f3a003,72,71,-1,
sabche,P000246,f9132c80d9524216a6af80ad52261ad8,69303,69303,0,
chapter,P000254,d7a3c15ca5ca4808a9f9945351bb7161,77,76,-1,
chapter,P000255,8d5101805b474e9593997d2558a855e0,149,148,-1,
chapter,P000259,1cb2354b3be842bd87822acf802f04ff,103,102,-1,
chapter,P000260,1efbc7f164b74fcfad32ba53c4a0c4fd,114,113,-1,
chapter,P000261,f4e3974ae6304d12b1481280cbd6ea4c,151,150,-1,
